date,id,jansi_type,jansi_english_name,jansi_gujarati_name,arrival,lowrate,highrate
01/01/2025,87411,grain,Cotton B.T.,કપાસ બી.ટી.,3300,1340,1500
01/01/2025,87412,grain,Wheat Lokvan,ઘઉં લોકવન,150,588,630
01/01/2025,87413,grain,Wheat Tukda,ઘઉં ટુકડા,750,603,664
01/01/2025,87414,grain,Jowar White,જુવાર સફેદ,410,750,853
01/01/2025,87415,grain,Jowar Yellow,જુવાર પીળી ,35,400,500
01/01/2025,87416,grain,Tuver,તુવેર,350,1000,1725
01/01/2025,87417,grain,Gram Yellow,ચણા પીળા,300,1000,1260
01/01/2025,87418,grain,Gram White,ચણા સફેદ,250,1400,2620
01/01/2025,87419,grain,Urad,અડદ,450,1050,1680
01/01/2025,87420,grain,Mung,મગ,350,1425,1900
01/01/2025,87421,grain,Val Deshi,વાલ દેશી,15,1000,1350
01/01/2025,87422,grain,Choli,ચોળી,90,1190,2366
01/01/2025,87423,grain,Math,મઠ,225,750,1180
01/01/2025,87424,grain,Kulthi,કળથી,30,925,1025
01/01/2025,87425,grain,Groundnut Big,મગફળી જાડી,0,920,1190
01/01/2025,87426,grain,Groundnut Small,મગફળી જીણી,0,950,1240
01/01/2025,87427,grain,Seasmum,તલી ,680,2080,2590
01/01/2025,87428,grain,Castor seed,એરંડા,150,1150,1222
01/01/2025,87429,grain,Thymol,અજમો,10,1381,2292
01/01/2025,87430,grain,Dil Seed,સુવા,2,1155,1295
01/01/2025,87431,grain,Soyabin,સોયાબીન,1400,800,840
01/01/2025,87432,grain,Groundnut-Fada,સીંગફાડા,940,1060,1295
01/01/2025,87433,grain,Sesmum-Black,કાળા તલ ,170,3420,4900
01/01/2025,87434,grain,Garlic,લસણ,350,1700,4050
01/01/2025,87435,grain,Corriander,ધાણા,50,1000,1511
01/01/2025,87436,grain,Chillies,મરચા સુકા ,150,1100,2695
01/01/2025,87437,grain,Dhani,ધાણી,40,1160,1560
01/01/2025,87438,grain,Variyali,વરીયાળી,160,1140,1612
01/01/2025,87439,grain,Cummin,જીરૂ,780,4150,4586
01/01/2025,87440,grain,Mustard,રાય,50,1030,1270
01/01/2025,87441,grain,Fenugreek,મેથી,50,950,1170
01/01/2025,87442,grain,Isabgul,ઇસબગુલ,10,1925,2025
01/01/2025,87443,grain,Mustard seed,રાયડો,150,980,1109
01/01/2025,87444,grain,Rajkoo Bee,રજકાનું બી ,4,3525,4125
01/01/2025,87445,grain,Guvar Bee,ગુવારનું બી,200,950,1007
02/01/2025,87481,grain,Cotton B.T.,કપાસ બી.ટી.,3100,1320,1495
02/01/2025,87482,grain,Wheat Lokvan,ઘઉં લોકવન,175,590,626
02/01/2025,87483,grain,Wheat Tukda,ઘઉં ટુકડા,1050,605,667
02/01/2025,87484,grain,Jowar White,જુવાર સફેદ,110,755,846
02/01/2025,87485,grain,Jowar Yellow,જુવાર પીળી ,5,411,501
02/01/2025,87486,grain,Tuver,તુવેર,450,1250,1600
02/01/2025,87487,grain,Gram Yellow,ચણા પીળા,350,1030,1290
02/01/2025,87488,grain,Gram White,ચણા સફેદ,150,1200,2716
02/01/2025,87489,grain,Urad,અડદ,580,1050,1625
02/01/2025,87490,grain,Mung,મગ,315,1200,1800
02/01/2025,87491,grain,Val Deshi,વાલ દેશી,15,1000,1300
02/01/2025,87492,grain,Choli,ચોળી,35,1660,2360
02/01/2025,87493,grain,Math,મઠ,150,950,1330
02/01/2025,87494,grain,Kulthi,કળથી,50,950,1050
02/01/2025,87495,grain,Groundnut Seed,સીંગદાણા,3,1244,1310
02/01/2025,87496,grain,Groundnut Big,મગફળી જાડી,0,905,1168
02/01/2025,87497,grain,Groundnut Small,મગફળી જીણી,0,932,1220
02/01/2025,87498,grain,Seasmum,તલી ,580,2100,2580
02/01/2025,87499,grain,Castor seed,એરંડા,400,1150,1236
02/01/2025,87500,grain,Thymol,અજમો,3,1635,1875
02/01/2025,87501,grain,Dil Seed,સુવા,10,1200,1299
02/01/2025,87502,grain,Soyabin,સોયાબીન,800,800,843
02/01/2025,87503,grain,Groundnut-Fada,સીંગફાડા,1120,1050,1300
02/01/2025,87504,grain,Sesmum-Black,કાળા તલ ,120,3450,4920
02/01/2025,87505,grain,Garlic,લસણ,321,1651,3750
02/01/2025,87506,grain,Corriander,ધાણા,100,1110,1491
02/01/2025,87507,grain,Chillies,મરચા સુકા ,280,1000,2450
02/01/2025,87508,grain,Dhani,ધાણી,50,1120,1501
02/01/2025,87509,grain,Variyali,વરીયાળી,80,1180,1588
02/01/2025,87510,grain,Cummin,જીરૂ,900,4125,4550
02/01/2025,87511,grain,Mustard,રાય,125,1030,1280
02/01/2025,87512,grain,Fenugreek,મેથી,200,950,1291
02/01/2025,87513,grain,Mustard seed,રાયડો,50,950,1100
02/01/2025,87514,grain,Guvar Bee,ગુવારનું બી,10,1021,1021
03/01/2025,87550,grain,Cotton B.T.,કપાસ બી.ટી.,3600,1300,1511
03/01/2025,87551,grain,Wheat Lokvan,ઘઉં લોકવન,150,587,630
03/01/2025,87552,grain,Wheat Tukda,ઘઉં ટુકડા,900,604,662
03/01/2025,87553,grain,Jowar White,જુવાર સફેદ,35,761,866
03/01/2025,87554,grain,Jowar Yellow,જુવાર પીળી ,35,411,550
03/01/2025,87555,grain,Bajri,બાજરી,2,465,465
03/01/2025,87556,grain,Tuver,તુવેર,200,1300,1755
03/01/2025,87557,grain,Gram Yellow,ચણા પીળા,350,1050,1315
03/01/2025,87558,grain,Gram White,ચણા સફેદ,170,1300,2645
03/01/2025,87559,grain,Urad,અડદ,521,1050,1650
03/01/2025,87560,grain,Mung,મગ,475,1525,2020
03/01/2025,87561,grain,Val Deshi,વાલ દેશી,22,1150,1500
03/01/2025,87562,grain,Choli,ચોળી,110,1300,2390
03/01/2025,87563,grain,Math,મઠ,150,900,1281
03/01/2025,87564,grain,Kulthi,કળથી,40,900,1070
03/01/2025,87565,grain,Groundnut Seed,સીંગદાણા,12,1175,1350
03/01/2025,87566,grain,Groundnut Big,મગફળી જાડી,7200,930,1155
03/01/2025,87567,grain,Groundnut Small,મગફળી જીણી,10800,907,1240
03/01/2025,87568,grain,Seasmum,તલી ,560,2050,2600
03/01/2025,87569,grain,Castor seed,એરંડા,250,1187,1230
03/01/2025,87570,grain,Thymol,અજમો,3,1680,1680
03/01/2025,87571,grain,Soyabin,સોયાબીન,1800,805,840
03/01/2025,87572,grain,Groundnut-Fada,સીંગફાડા,840,1040,1290
03/01/2025,87573,grain,Sesmum-Black,કાળા તલ ,70,3400,4860
03/01/2025,87574,grain,Garlic,લસણ,425,1611,3511
03/01/2025,87575,grain,Corriander,ધાણા,250,1051,1515
03/01/2025,87576,grain,Chillies,મરચા સુકા ,200,900,2430
03/01/2025,87577,grain,Dhani,ધાણી,150,1440,1535
03/01/2025,87578,grain,Variyali,વરીયાળી,70,1150,1632
03/01/2025,87579,grain,Cummin,જીરૂ,780,4150,4551
03/01/2025,87580,grain,Mustard,રાય,20,1020,1195
03/01/2025,87581,grain,Fenugreek,મેથી,125,960,1116
03/01/2025,87582,grain,kalonji,કલોંજી,30,3500,3700
03/01/2025,87583,grain,Mustard seed,રાયડો,80,1000,1100
03/01/2025,87584,grain,Rajkoo Bee,રજકાનું બી ,4,3650,4250
03/01/2025,87585,grain,Guvar Bee,ગુવારનું બી,20,980,1005
04/01/2025,87621,grain,Cotton B.T.,કપાસ બી.ટી.,2600,1350,1515
04/01/2025,87622,grain,Wheat Lokvan,ઘઉં લોકવન,110,586,629
04/01/2025,87623,grain,Wheat Tukda,ઘઉં ટુકડા,750,601,671
04/01/2025,87624,grain,Jowar White,જુવાર સફેદ,270,780,868
04/01/2025,87625,grain,Bajri,બાજરી,20,350,550
04/01/2025,87626,grain,Tuver,તુવેર,250,1350,1805
04/01/2025,87627,grain,Gram Yellow,ચણા પીળા,350,1060,1284
04/01/2025,87628,grain,Gram White,ચણા સફેદ,150,1800,2656
04/01/2025,87629,grain,Urad,અડદ,300,1060,1660
04/01/2025,87630,grain,Mung,મગ,424,1350,1835
04/01/2025,87631,grain,Val Deshi,વાલ દેશી,10,1200,1600
04/01/2025,87632,grain,Choli,ચોળી,45,1460,2450
04/01/2025,87633,grain,Math,મઠ,400,840,1251
04/01/2025,87634,grain,Kulthi,કળથી,62,875,1080
04/01/2025,87635,grain,Groundnut Seed,સીંગદાણા,35,1279,1369
04/01/2025,87636,grain,Groundnut Big,મગફળી જાડી,0,915,1153
04/01/2025,87637,grain,Groundnut Small,મગફળી જીણી,0,925,1242
04/01/2025,87638,grain,Seasmum,તલી ,800,2000,2600
04/01/2025,87639,grain,Castor seed,એરંડા,310,1174,1234
04/01/2025,87640,grain,Thymol,અજમો,6,2336,2336
04/01/2025,87641,grain,Dil Seed,સુવા,3,1234,1234
04/01/2025,87642,grain,Soyabin,સોયાબીન,600,800,835
04/01/2025,87643,grain,Groundnut-Fada,સીંગફાડા,840,1050,1301
04/01/2025,87644,grain,Sesmum-Black,કાળા તલ ,115,3550,4975
04/01/2025,87645,grain,Garlic,લસણ,500,1621,3300
04/01/2025,87646,grain,Corriander,ધાણા,180,1215,1565
04/01/2025,87647,grain,Chillies,મરચા સુકા ,320,930,2440
04/01/2025,87648,grain,Dhani,ધાણી,50,1315,1584
04/01/2025,87649,grain,Variyali,વરીયાળી,80,1118,1484
04/01/2025,87650,grain,Cummin,જીરૂ,800,4266,4795
04/01/2025,87651,grain,Mustard,રાય,50,1120,1250
04/01/2025,87652,grain,Fenugreek,મેથી,150,950,1242
04/01/2025,87653,grain,Isabgul,ઇસબગુલ,60,1800,1800
04/01/2025,87654,grain,Mustard seed,રાયડો,55,1045,1112
04/01/2025,87655,grain,Rajkoo Bee,રજકાનું બી ,2,4250,4400
04/01/2025,87656,grain,Guvar Bee,ગુવારનું બી,80,950,1021
06/01/2025,87692,grain,Cotton B.T.,કપાસ બી.ટી.,3600,1350,1520
06/01/2025,87693,grain,Wheat Lokvan,ઘઉં લોકવન,60,501,648
06/01/2025,87694,grain,Wheat Tukda,ઘઉં ટુકડા,700,603,671
06/01/2025,87695,grain,Jowar White,જુવાર સફેદ,175,770,900
06/01/2025,87696,grain,Jowar Red,જુવાર લાલ,21,925,1000
06/01/2025,87697,grain,Bajri,બાજરી,50,378,491
06/01/2025,87698,grain,Tuver,તુવેર,400,1340,1835
06/01/2025,87699,grain,Gram Yellow,ચણા પીળા,400,1070,1270
06/01/2025,87700,grain,Gram White,ચણા સફેદ,150,1200,2600
06/01/2025,87701,grain,Urad,અડદ,500,1050,1650
06/01/2025,87702,grain,Mung,મગ,550,1350,1924
06/01/2025,87703,grain,Val Deshi,વાલ દેશી,25,1465,1630
06/01/2025,87704,grain,Choli,ચોળી,100,1500,2313
06/01/2025,87705,grain,Math,મઠ,130,910,1323
06/01/2025,87706,grain,Kulthi,કળથી,45,850,975
06/01/2025,87707,grain,Groundnut Big,મગફળી જાડી,3600,915,1144
06/01/2025,87708,grain,Groundnut Small,મગફળી જીણી,5400,935,1260
06/01/2025,87709,grain,Seasmum,તલી ,840,2000,2401
06/01/2025,87710,grain,Castor seed,એરંડા,180,1100,1228
06/01/2025,87711,grain,Thymol,અજમો,3,1500,1799
06/01/2025,87712,grain,Dil Seed,સુવા,15,999,1199
06/01/2025,87713,grain,Soyabin,સોયાબીન,1000,790,830
06/01/2025,87714,grain,Groundnut-Fada,સીંગફાડા,1020,1060,1285
06/01/2025,87715,grain,Sesmum-Black,કાળા તલ ,120,3350,4900
06/01/2025,87716,grain,Garlic,લસણ,525,1501,3150
06/01/2025,87717,grain,Corriander,ધાણા,200,920,1561
06/01/2025,87718,grain,Chillies,મરચા સુકા ,280,1000,2455
06/01/2025,87719,grain,Dhani,ધાણી,40,1120,1575
06/01/2025,87720,grain,Variyali,વરીયાળી,100,1180,1505
06/01/2025,87721,grain,Cummin,જીરૂ,1020,4100,4475
06/01/2025,87722,grain,Mustard,રાય,150,1050,1311
06/01/2025,87723,grain,Fenugreek,મેથી,125,930,1210
06/01/2025,87724,grain,Isabgul,ઇસબગુલ,20,1800,2100
06/01/2025,87725,grain,Mustard seed,રાયડો,250,980,1111
06/01/2025,87726,grain,Guvar Bee,ગુવારનું બી,40,950,1010
07/01/2025,87762,grain,Cotton B.T.,કપાસ બી.ટી.,2300,1380,1541
07/01/2025,87763,grain,Wheat Lokvan,ઘઉં લોકવન,160,601,641
07/01/2025,87764,grain,Wheat Tukda,ઘઉં ટુકડા,725,588,666
07/01/2025,87765,grain,Jowar White,જુવાર સફેદ,125,785,900
07/01/2025,87766,grain,Jowar Red,જુવાર લાલ,2,800,900
07/01/2025,87767,grain,Jowar Yellow,જુવાર પીળી ,4,300,551
07/01/2025,87768,grain,Bajri,બાજરી,10,450,490
07/01/2025,87769,grain,Tuver,તુવેર,300,1250,1800
07/01/2025,87770,grain,Gram Yellow,ચણા પીળા,250,1075,1250
07/01/2025,87771,grain,Gram White,ચણા સફેદ,170,1300,2640
07/01/2025,87772,grain,Urad,અડદ,500,1050,1650
07/01/2025,87773,grain,Mung,મગ,480,1250,1852
07/01/2025,87774,grain,Val Deshi,વાલ દેશી,45,1050,1676
07/01/2025,87775,grain,Choli,ચોળી,65,700,2300
07/01/2025,87776,grain,Math,મઠ,100,950,1311
07/01/2025,87777,grain,Kulthi,કળથી,54,850,961
07/01/2025,87778,grain,Groundnut Seed,સીંગદાણા,4,1255,1348
07/01/2025,87779,grain,Groundnut Big,મગફળી જાડી,0,880,1140
07/01/2025,87780,grain,Groundnut Small,મગફળી જીણી,0,900,1220
07/01/2025,87781,grain,Seasmum,તલી ,720,1950,2400
07/01/2025,87782,grain,Castor seed,એરંડા,150,1160,1226
07/01/2025,87783,grain,Thymol,અજમો,3,1680,1890
07/01/2025,87784,grain,Dil Seed,સુવા,1,1265,1265
07/01/2025,87785,grain,Soyabin,સોયાબીન,750,775,825
07/01/2025,87786,grain,Groundnut-Fada,સીંગફાડા,700,1040,1280
07/01/2025,87787,grain,Sesmum-Black,કાળા તલ ,80,3400,4910
07/01/2025,87788,grain,Garlic,લસણ,600,1960,3735
07/01/2025,87789,grain,Corriander,ધાણા,160,915,1535
07/01/2025,87790,grain,Chillies,મરચા સુકા ,320,900,2500
07/01/2025,87791,grain,Dhani,ધાણી,20,1220,1660
07/01/2025,87792,grain,Variyali,વરીયાળી,40,1100,1495
07/01/2025,87793,grain,Cummin,જીરૂ,1000,4130,4481
07/01/2025,87794,grain,Mustard,રાય,150,1050,1270
07/01/2025,87795,grain,Fenugreek,મેથી,200,940,1250
07/01/2025,87796,grain,kalonji,કલોંજી,5,3574,3694
07/01/2025,87797,grain,Mustard seed,રાયડો,50,980,1122
07/01/2025,87798,grain,Guvar Bee,ગુવારનું બી,7,995,995
08/01/2025,87834,grain,Cotton B.T.,કપાસ બી.ટી.,2900,1370,1528
08/01/2025,87835,grain,Wheat Lokvan,ઘઉં લોકવન,110,603,638
08/01/2025,87836,grain,Wheat Tukda,ઘઉં ટુકડા,670,608,671
08/01/2025,87837,grain,Jowar White,જુવાર સફેદ,250,770,897
08/01/2025,87838,grain,Jowar Red,જુવાર લાલ,5,800,1000
08/01/2025,87839,grain,Jowar Yellow,જુવાર પીળી ,15,400,500
08/01/2025,87840,grain,Bajri,બાજરી,5,487,510
08/01/2025,87841,grain,Tuver,તુવેર,350,1240,1812
08/01/2025,87842,grain,Gram Yellow,ચણા પીળા,350,1050,1280
08/01/2025,87843,grain,Gram White,ચણા સફેદ,180,1300,2600
08/01/2025,87844,grain,Urad,અડદ,300,1100,1625
08/01/2025,87845,grain,Mung,મગ,600,1270,1784
08/01/2025,87846,grain,Val Deshi,વાલ દેશી,30,1050,1560
08/01/2025,87847,grain,Choli,ચોળી,50,900,2390
08/01/2025,87848,grain,Math,મઠ,300,950,1308
08/01/2025,87849,grain,Kulthi,કળથી,90,850,975
08/01/2025,87850,grain,Groundnut Seed,સીંગદાણા,6,1254,1280
08/01/2025,87851,grain,Groundnut Big,મગફળી જાડી,0,900,1150
08/01/2025,87852,grain,Groundnut Small,મગફળી જીણી,0,925,1230
08/01/2025,87853,grain,Seasmum,તલી ,640,1950,2449
08/01/2025,87854,grain,Castor seed,એરંડા,135,1130,1228
08/01/2025,87855,grain,Thymol,અજમો,10,2005,2789
08/01/2025,87856,grain,Dil Seed,સુવા,2,1420,1420
08/01/2025,87857,grain,Soyabin,સોયાબીન,500,780,830
08/01/2025,87858,grain,Groundnut-Fada,સીંગફાડા,710,1030,1260
08/01/2025,87859,grain,Sesmum-Black,કાળા તલ ,200,3350,4700
08/01/2025,87860,grain,Garlic,લસણ,551,1850,3840
08/01/2025,87861,grain,Corriander,ધાણા,100,1000,1538
08/01/2025,87862,grain,Chillies,મરચા સુકા ,250,950,2480
08/01/2025,87863,grain,Dhani,ધાણી,10,1111,1760
08/01/2025,87864,grain,Variyali,વરીયાળી,80,1100,1470
08/01/2025,87865,grain,Cummin,જીરૂ,600,4100,4490
08/01/2025,87866,grain,Mustard,રાય,200,1040,1314
08/01/2025,87867,grain,Fenugreek,મેથી,125,950,1250
08/01/2025,87868,grain,kalonji,કલોંજી,3,3000,3664
08/01/2025,87869,grain,Mustard seed,રાયડો,100,980,1128
08/01/2025,87870,grain,Guvar Bee,ગુવારનું બી,60,992,992
09/01/2025,87906,grain,Cotton B.T.,કપાસ બી.ટી.,2700,1340,1534
09/01/2025,87907,grain,Wheat Lokvan,ઘઉં લોકવન,100,600,631
09/01/2025,87908,grain,Wheat Tukda,ઘઉં ટુકડા,550,603,676
09/01/2025,87909,grain,Jowar White,જુવાર સફેદ,150,775,919
09/01/2025,87910,grain,Jowar Red,જુવાર લાલ,2,801,1000
09/01/2025,87911,grain,Jowar Yellow,જુવાર પીળી ,15,431,554
09/01/2025,87912,grain,Bajri,બાજરી,40,450,571
09/01/2025,87913,grain,Tuver,તુવેર,400,1221,1841
09/01/2025,87914,grain,Gram Yellow,ચણા પીળા,450,1050,1309
09/01/2025,87915,grain,Gram White,ચણા સફેદ,200,1200,2650
09/01/2025,87916,grain,Urad,અડદ,275,1111,1686
09/01/2025,87917,grain,Mung,મગ,380,1280,1880
09/01/2025,87918,grain,Val Deshi,વાલ દેશી,40,1000,1400
09/01/2025,87919,grain,Choli,ચોળી,40,1000,2360
09/01/2025,87920,grain,Math,મઠ,125,900,1200
09/01/2025,87921,grain,Kulthi,કળથી,30,825,950
09/01/2025,87922,grain,Groundnut Big,મગફળી જાડી,4000,910,1130
09/01/2025,87923,grain,Groundnut Small,મગફળી જીણી,5000,920,1235
09/01/2025,87924,grain,Seasmum,તલી ,560,1950,2407
09/01/2025,87925,grain,Castor seed,એરંડા,170,1190,1235
09/01/2025,87926,grain,Soyabin,સોયાબીન,750,790,826
09/01/2025,87927,grain,Groundnut-Fada,સીંગફાડા,960,1050,1265
09/01/2025,87928,grain,Sesmum-Black,કાળા તલ ,70,3200,4640
09/01/2025,87929,grain,Garlic,લસણ,600,1900,3360
09/01/2025,87930,grain,Corriander,ધાણા,150,1120,1500
09/01/2025,87931,grain,Chillies,મરચા સુકા ,240,1000,2500
09/01/2025,87932,grain,Dhani,ધાણી,15,1170,1595
09/01/2025,87933,grain,Variyali,વરીયાળી,125,1140,1590
09/01/2025,87934,grain,Cummin,જીરૂ,1000,4000,4474
09/01/2025,87935,grain,Mustard,રાય,125,1050,1290
09/01/2025,87936,grain,Fenugreek,મેથી,50,850,1100
09/01/2025,87937,grain,Mustard seed,રાયડો,25,980,1115
09/01/2025,87938,grain,Guvar Bee,ગુવારનું બી,80,980,1030
10/01/2025,87974,grain,Cotton B.T.,કપાસ બી.ટી.,2500,1340,1515
10/01/2025,87975,grain,Wheat Lokvan,ઘઉં લોકવન,130,604,635
10/01/2025,87976,grain,Wheat Tukda,ઘઉં ટુકડા,500,602,676
10/01/2025,87977,grain,Jowar White,જુવાર સફેદ,190,781,909
10/01/2025,87978,grain,Bajri,બાજરી,20,400,494
10/01/2025,87979,grain,Tuver,તુવેર,350,1222,1601
10/01/2025,87980,grain,Gram Yellow,ચણા પીળા,420,1050,1235
10/01/2025,87981,grain,Gram White,ચણા સફેદ,220,1215,2520
10/01/2025,87982,grain,Urad,અડદ,350,1150,1612
10/01/2025,87983,grain,Mung,મગ,375,1280,1889
10/01/2025,87984,grain,Val Deshi,વાલ દેશી,20,1050,1450
10/01/2025,87985,grain,Choli,ચોળી,15,1100,2350
10/01/2025,87986,grain,Math,મઠ,150,850,1193
10/01/2025,87987,grain,Kulthi,કળથી,25,850,950
10/01/2025,87988,grain,Groundnut Big,મગફળી જાડી,0,920,1160
10/01/2025,87989,grain,Groundnut Small,મગફળી જીણી,0,930,1240
10/01/2025,87990,grain,Seasmum,તલી ,500,1950,2409
10/01/2025,87991,grain,Sunflower,સુરજમુખી,5,945,945
10/01/2025,87992,grain,Castor seed,એરંડા,225,1150,1233
10/01/2025,87993,grain,Thymol,અજમો,10,1751,2251
10/01/2025,87994,grain,Dil Seed,સુવા,1,1175,1175
10/01/2025,87995,grain,Soyabin,સોયાબીન,500,790,825
10/01/2025,87996,grain,Groundnut-Fada,સીંગફાડા,700,1025,1270
10/01/2025,87997,grain,Sesmum-Black,કાળા તલ ,150,3300,4560
10/01/2025,87998,grain,Garlic,લસણ,850,1500,3150
10/01/2025,87999,grain,Corriander,ધાણા,130,1000,1564
10/01/2025,88000,grain,Chillies,મરચા સુકા ,560,950,2600
10/01/2025,88001,grain,Dhani,ધાણી,10,1330,1610
10/01/2025,88002,grain,Variyali,વરીયાળી,50,1125,1414
10/01/2025,88003,grain,Cummin,જીરૂ,700,4150,4500
10/01/2025,88004,grain,Mustard,રાય,30,1020,1270
10/01/2025,88005,grain,Fenugreek,મેથી,200,900,1160
10/01/2025,88006,grain,Mustard seed,રાયડો,80,970,1128
10/01/2025,88007,grain,Rajkoo Bee,રજકાનું બી ,12,3400,4343
10/01/2025,88008,grain,Guvar Bee,ગુવારનું બી,10,980,1010
11/01/2025,88044,grain,Cotton B.T.,કપાસ બી.ટી.,2400,1330,1515
11/01/2025,88045,grain,Wheat Lokvan,ઘઉં લોકવન,170,603,632
11/01/2025,88046,grain,Wheat Tukda,ઘઉં ટુકડા,600,606,679
11/01/2025,88047,grain,Jowar White,જુવાર સફેદ,200,790,901
11/01/2025,88048,grain,Jowar Yellow,જુવાર પીળી ,30,350,450
11/01/2025,88049,grain,Bajri,બાજરી,15,450,518
11/01/2025,88050,grain,Tuver,તુવેર,300,1200,1635
11/01/2025,88051,grain,Gram Yellow,ચણા પીળા,500,1050,1250
11/01/2025,88052,grain,Gram White,ચણા સફેદ,100,1200,2511
11/01/2025,88053,grain,Urad,અડદ,275,1000,1650
11/01/2025,88054,grain,Mung,મગ,375,1300,1822
11/01/2025,88055,grain,Val Deshi,વાલ દેશી,25,1050,1460
11/01/2025,88056,grain,Choli,ચોળી,60,1160,2550
11/01/2025,88057,grain,Math,મઠ,250,850,1320
11/01/2025,88058,grain,Kulthi,કળથી,25,810,925
11/01/2025,88059,grain,Groundnut Big,મગફળી જાડી,0,920,1160
11/01/2025,88060,grain,Groundnut Small,મગફળી જીણી,0,940,1230
11/01/2025,88061,grain,Seasmum,તલી ,880,1950,2520
11/01/2025,88062,grain,Castor seed,એરંડા,200,1150,1227
11/01/2025,88063,grain,Thymol,અજમો,15,1350,2499
11/01/2025,88064,grain,Dil Seed,સુવા,10,1365,1365
11/01/2025,88065,grain,Soyabin,સોયાબીન,600,790,826
11/01/2025,88066,grain,Groundnut-Fada,સીંગફાડા,840,1040,1268
11/01/2025,88067,grain,Sesmum-Black,કાળા તલ ,100,3302,4480
11/01/2025,88068,grain,Garlic,લસણ,650,1651,3400
11/01/2025,88069,grain,Corriander,ધાણા,125,1060,1568
11/01/2025,88070,grain,Chillies,મરચા સુકા ,325,900,2500
11/01/2025,88071,grain,Dhani,ધાણી,15,1118,1596
11/01/2025,88072,grain,Variyali,વરીયાળી,80,1150,1510
11/01/2025,88073,grain,Cummin,જીરૂ,840,4160,4415
11/01/2025,88074,grain,Fenugreek,મેથી,110,950,1212
11/01/2025,88075,grain,kalonji,કલોંજી,60,3200,3576
11/01/2025,88076,grain,Mustard seed,રાયડો,70,1000,1116
11/01/2025,88077,grain,Guvar Bee,ગુવારનું બી,60,1000,1020
13/01/2025,88113,grain,Cotton B.T.,કપાસ બી.ટી.,2400,1380,1558
13/01/2025,88114,grain,Wheat Lokvan,ઘઉં લોકવન,175,602,630
13/01/2025,88115,grain,Wheat Tukda,ઘઉં ટુકડા,750,607,678
13/01/2025,88116,grain,Jowar White,જુવાર સફેદ,215,800,909
13/01/2025,88117,grain,Jowar Red,જુવાર લાલ,40,811,1121
13/01/2025,88118,grain,Jowar Yellow,જુવાર પીળી ,15,421,500
13/01/2025,88119,grain,Bajri,બાજરી,40,470,510
13/01/2025,88120,grain,Tuver,તુવેર,350,1200,1731
13/01/2025,88121,grain,Gram Yellow,ચણા પીળા,400,1050,1238
13/01/2025,88122,grain,Gram White,ચણા સફેદ,110,1300,2380
13/01/2025,88123,grain,Urad,અડદ,350,1100,1625
13/01/2025,88124,grain,Mung,મગ,450,1350,1900
13/01/2025,88125,grain,Val Deshi,વાલ દેશી,20,1200,1450
13/01/2025,88126,grain,Choli,ચોળી,75,1280,2885
13/01/2025,88127,grain,Math,મઠ,80,1030,1300
13/01/2025,88128,grain,Kulthi,કળથી,40,850,950
13/01/2025,88129,grain,Groundnut Big,મગફળી જાડી,4000,890,1145
13/01/2025,88130,grain,Groundnut Small,મગફળી જીણી,6500,910,1250
13/01/2025,88131,grain,Seasmum,તલી ,720,1950,2400
13/01/2025,88132,grain,Castor seed,એરંડા,230,1150,1235
13/01/2025,88133,grain,Thymol,અજમો,20,1551,1700
13/01/2025,88134,grain,Dil Seed,સુવા,1,1399,1399
13/01/2025,88135,grain,Soyabin,સોયાબીન,600,795,836
13/01/2025,88136,grain,Groundnut-Fada,સીંગફાડા,950,1050,1290
13/01/2025,88137,grain,Sesmum-Black,કાળા તલ ,80,3200,4600
13/01/2025,88138,grain,Garlic,લસણ,551,1501,3100
13/01/2025,88139,grain,Corriander,ધાણા,150,1000,1480
13/01/2025,88140,grain,Chillies,મરચા સુકા ,300,1000,2550
13/01/2025,88141,grain,Dhani,ધાણી,30,1111,1580
13/01/2025,88142,grain,Variyali,વરીયાળી,30,1040,1450
13/01/2025,88143,grain,Cummin,જીરૂ,400,4000,4460
13/01/2025,88144,grain,Mustard,રાય,30,1050,1160
13/01/2025,88145,grain,Fenugreek,મેથી,95,920,1200
13/01/2025,88146,grain,kalonji,કલોંજી,5,3526,3526
13/01/2025,88147,grain,Mustard seed,રાયડો,80,1010,1090
13/01/2025,88148,grain,Guvar Bee,ગુવારનું બી,260,976,1020
15/01/2025,88184,grain,Cotton B.T.,કપાસ બી.ટી.,1400,1370,1530
15/01/2025,88185,grain,Wheat Lokvan,ઘઉં લોકવન,175,601,638
15/01/2025,88186,grain,Wheat Tukda,ઘઉં ટુકડા,250,603,655
15/01/2025,88187,grain,Jowar White,જુવાર સફેદ,220,801,869
15/01/2025,88188,grain,Jowar Yellow,જુવાર પીળી ,20,411,545
15/01/2025,88189,grain,Bajri,બાજરી,8,483,588
15/01/2025,88190,grain,Tuver,તુવેર,250,1350,1725
15/01/2025,88191,grain,Gram Yellow,ચણા પીળા,50,1020,1300
15/01/2025,88192,grain,Gram White,ચણા સફેદ,60,1050,2320
15/01/2025,88193,grain,Urad,અડદ,275,1100,1634
15/01/2025,88194,grain,Mung,મગ,125,1520,1854
15/01/2025,88195,grain,Val Deshi,વાલ દેશી,20,1000,1350
15/01/2025,88196,grain,Choli,ચોળી,110,1300,2685
15/01/2025,88197,grain,Math,મઠ,50,900,1225
15/01/2025,88198,grain,Kulthi,કળથી,20,800,925
15/01/2025,88199,grain,Groundnut Big,મગફળી જાડી,0,910,1156
15/01/2025,88200,grain,Groundnut Small,મગફળી જીણી,0,940,1260
15/01/2025,88201,grain,Seasmum,તલી ,400,1800,2305
15/01/2025,88202,grain,Castor seed,એરંડા,100,1190,1234
15/01/2025,88203,grain,Thymol,અજમો,15,1251,1700
15/01/2025,88204,grain,Soyabin,સોયાબીન,400,795,835
15/01/2025,88205,grain,Groundnut-Fada,સીંગફાડા,700,1050,1300
15/01/2025,88206,grain,Sesmum-Black,કાળા તલ ,80,3300,4575
15/01/2025,88207,grain,Garlic,લસણ,351,1401,3050
15/01/2025,88208,grain,Corriander,ધાણા,90,1150,1381
15/01/2025,88209,grain,Chillies,મરચા સુકા ,100,1400,2405
15/01/2025,88210,grain,Dhani,ધાણી,25,1168,1560
15/01/2025,88211,grain,Variyali,વરીયાળી,100,1315,1565
15/01/2025,88212,grain,Cummin,જીરૂ,450,3900,4286
15/01/2025,88213,grain,Mustard,રાય,20,980,1190
15/01/2025,88214,grain,Fenugreek,મેથી,100,900,1147
15/01/2025,88215,grain,Mustard seed,રાયડો,40,910,1108
15/01/2025,88216,grain,Guvar Bee,ગુવારનું બી,30,1000,1000
16/01/2025,88252,grain,Cotton B.T.,કપાસ બી.ટી.,1600,1360,1526
16/01/2025,88253,grain,Wheat Lokvan,ઘઉં લોકવન,205,594,636
16/01/2025,88254,grain,Wheat Tukda,ઘઉં ટુકડા,350,608,666
16/01/2025,88255,grain,Jowar White,જુવાર સફેદ,30,790,893
16/01/2025,88256,grain,Jowar Red,જુવાર લાલ,20,800,1084
16/01/2025,88257,grain,Jowar Yellow,જુવાર પીળી ,50,441,544
16/01/2025,88258,grain,Bajri,બાજરી,12,495,514
16/01/2025,88259,grain,Tuver,તુવેર,260,1320,1700
16/01/2025,88260,grain,Gram Yellow,ચણા પીળા,190,1050,1282
16/01/2025,88261,grain,Gram White,ચણા સફેદ,80,1000,2280
16/01/2025,88262,grain,Urad,અડદ,200,1300,1600
16/01/2025,88263,grain,Mung,મગ,250,1530,1943
16/01/2025,88264,grain,Val Deshi,વાલ દેશી,20,1200,1550
16/01/2025,88265,grain,Choli,ચોળી,80,1315,2180
16/01/2025,88266,grain,Math,મઠ,50,820,1321
16/01/2025,88267,grain,Groundnut Big,મગફળી જાડી,0,910,1141
16/01/2025,88268,grain,Groundnut Small,મગફળી જીણી,0,930,1230
16/01/2025,88269,grain,Seasmum,તલી ,400,1750,2250
16/01/2025,88270,grain,Sunflower,સુરજમુખી,7,945,945
16/01/2025,88271,grain,Castor seed,એરંડા,150,1212,1234
16/01/2025,88272,grain,Thymol,અજમો,30,1250,2499
16/01/2025,88273,grain,Soyabin,સોયાબીન,400,800,827
16/01/2025,88274,grain,Groundnut-Fada,સીંગફાડા,420,1040,1280
16/01/2025,88275,grain,Sesmum-Black,કાળા તલ ,50,3000,4650
16/01/2025,88276,grain,Garlic,લસણ,275,1411,2900
16/01/2025,88277,grain,Corriander,ધાણા,100,1250,1568
16/01/2025,88278,grain,Chillies,મરચા સુકા ,215,1330,2440
16/01/2025,88279,grain,Dhani,ધાણી,20,1350,1621
16/01/2025,88280,grain,Variyali,વરીયાળી,70,1175,1444
16/01/2025,88281,grain,Cummin,જીરૂ,430,4000,4351
16/01/2025,88282,grain,Mustard,રાય,30,1000,1300
16/01/2025,88283,grain,Fenugreek,મેથી,80,990,1123
16/01/2025,88284,grain,Mustard seed,રાયડો,40,960,1050
16/01/2025,88285,grain,Guvar Bee,ગુવારનું બી,30,945,1025
17/01/2025,88321,grain,Cotton B.T.,કપાસ બી.ટી.,2100,1340,1503
17/01/2025,88322,grain,Wheat Lokvan,ઘઉં લોકવન,150,601,641
17/01/2025,88323,grain,Wheat Tukda,ઘઉં ટુકડા,450,612,673
17/01/2025,88324,grain,Jowar White,જુવાર સફેદ,160,775,874
17/01/2025,88325,grain,Bajri,બાજરી,11,460,485
17/01/2025,88326,grain,Tuver,તુવેર,350,1300,1720
17/01/2025,88327,grain,Gram Yellow,ચણા પીળા,340,1050,1265
17/01/2025,88328,grain,Gram White,ચણા સફેદ,180,1400,2325
17/01/2025,88329,grain,Urad,અડદ,225,1100,1625
17/01/2025,88330,grain,Mung,મગ,300,1250,1850
17/01/2025,88331,grain,Choli,ચોળી,40,1330,2660
17/01/2025,88332,grain,Math,મઠ,75,600,1190
17/01/2025,88333,grain,Kulthi,કળથી,8,736,736
17/01/2025,88334,grain,Groundnut Big,મગફળી જાડી,3000,930,1155
17/01/2025,88335,grain,Groundnut Small,મગફળી જીણી,4500,950,1250
17/01/2025,88336,grain,Linseed,અળશી,25,1062,1062
17/01/2025,88337,grain,Seasmum,તલી ,480,1800,2300
17/01/2025,88338,grain,Castor seed,એરંડા,175,1175,1234
17/01/2025,88339,grain,Thymol,અજમો,3,1250,1250
17/01/2025,88340,grain,Dil Seed,સુવા,2,1082,1082
17/01/2025,88341,grain,Soyabin,સોયાબીન,300,760,827
17/01/2025,88342,grain,Groundnut-Fada,સીંગફાડા,560,1060,1285
17/01/2025,88343,grain,Sesmum-Black,કાળા તલ ,45,3000,4444
17/01/2025,88344,grain,Garlic,લસણ,350,1451,3250
17/01/2025,88345,grain,Corriander,ધાણા,130,1100,1600
17/01/2025,88346,grain,Chillies,મરચા સુકા ,320,1000,2600
17/01/2025,88347,grain,Dhani,ધાણી,20,1280,1601
17/01/2025,88348,grain,Variyali,વરીયાળી,30,1218,1505
17/01/2025,88349,grain,Cummin,જીરૂ,660,3900,4299
17/01/2025,88350,grain,Mustard,રાય,110,1095,1329
17/01/2025,88351,grain,Fenugreek,મેથી,100,950,1200
17/01/2025,88352,grain,Isabgul,ઇસબગુલ,2,1300,1300
17/01/2025,88353,grain,Mustard seed,રાયડો,50,980,1116
17/01/2025,88354,grain,Rajkoo Bee,રજકાનું બી ,3,2200,3800
17/01/2025,88355,grain,Guvar Bee,ગુવારનું બી,100,990,1040
18/01/2025,88391,grain,Cotton B.T.,કપાસ બી.ટી.,2000,1389,1505
18/01/2025,88392,grain,Wheat Lokvan,ઘઉં લોકવન,110,596,646
18/01/2025,88393,grain,Wheat Tukda,ઘઉં ટુકડા,350,613,666
18/01/2025,88394,grain,Jowar White,જુવાર સફેદ,115,785,884
18/01/2025,88395,grain,Jowar Yellow,જુવાર પીળી ,10,350,500
18/01/2025,88396,grain,Bajri,બાજરી,3,430,542
18/01/2025,88397,grain,Tuver,તુવેર,450,1280,1700
18/01/2025,88398,grain,Gram Yellow,ચણા પીળા,280,1000,1280
18/01/2025,88399,grain,Gram White,ચણા સફેદ,130,1250,2235
18/01/2025,88400,grain,Urad,અડદ,240,1300,1655
18/01/2025,88401,grain,Mung,મગ,205,1155,1851
18/01/2025,88402,grain,Val Deshi,વાલ દેશી,2,1515,1515
18/01/2025,88403,grain,Choli,ચોળી,80,1580,2940
18/01/2025,88404,grain,Math,મઠ,160,950,1399
18/01/2025,88405,grain,Kulthi,કળથી,5,945,945
18/01/2025,88406,grain,Groundnut Seed,સીંગદાણા,5,1275,1335
18/01/2025,88407,grain,Groundnut Big,મગફળી જાડી,0,932,1152
18/01/2025,88408,grain,Groundnut Small,મગફળી જીણી,0,940,1265
18/01/2025,88409,grain,Seasmum,તલી ,600,1700,2250
18/01/2025,88410,grain,Castor seed,એરંડા,150,1203,1232
18/01/2025,88411,grain,Thymol,અજમો,20,1731,2411
18/01/2025,88412,grain,Dil Seed,સુવા,10,1262,1325
18/01/2025,88413,grain,Soyabin,સોયાબીન,300,790,825
18/01/2025,88414,grain,Groundnut-Fada,સીંગફાડા,280,1060,1290
18/01/2025,88415,grain,Sesmum-Black,કાળા તલ ,60,3100,4399
18/01/2025,88416,grain,Garlic,લસણ,310,1470,3400
18/01/2025,88417,grain,Corriander,ધાણા,200,1100,1768
18/01/2025,88418,grain,Chillies,મરચા સુકા ,200,1000,2600
18/01/2025,88419,grain,Dhani,ધાણી,15,1320,1551
18/01/2025,88420,grain,Variyali,વરીયાળી,100,1100,1396
18/01/2025,88421,grain,Cummin,જીરૂ,720,3950,4296
18/01/2025,88422,grain,Fenugreek,મેથી,50,990,1118
18/01/2025,88423,grain,Isabgul,ઇસબગુલ,2,1111,1500
18/01/2025,88424,grain,Mustard seed,રાયડો,25,960,1080
18/01/2025,88425,grain,Rajkoo Bee,રજકાનું બી ,1,2200,2700
18/01/2025,88426,grain,Guvar Bee,ગુવારનું બી,170,1000,1045
20/01/2025,88462,grain,Cotton B.T.,કપાસ બી.ટી.,2900,1325,1520
20/01/2025,88463,grain,Wheat Lokvan,ઘઉં લોકવન,125,598,642
20/01/2025,88464,grain,Wheat Tukda,ઘઉં ટુકડા,450,611,663
20/01/2025,88465,grain,Jowar White,જુવાર સફેદ,210,790,904
20/01/2025,88466,grain,Tuver,તુવેર,460,1240,1680
20/01/2025,88467,grain,Gram Yellow,ચણા પીળા,300,1050,1248
20/01/2025,88468,grain,Gram White,ચણા સફેદ,200,1200,2317
20/01/2025,88469,grain,Urad,અડદ,200,1200,1634
20/01/2025,88470,grain,Mung,મગ,300,1155,2025
20/01/2025,88471,grain,Val Deshi,વાલ દેશી,75,1200,1478
20/01/2025,88472,grain,Choli,ચોળી,90,1630,2700
20/01/2025,88473,grain,Math,મઠ,300,800,1300
20/01/2025,88474,grain,Kulthi,કળથી,8,771,771
20/01/2025,88475,grain,Groundnut Seed,સીંગદાણા,15,1219,1330
20/01/2025,88476,grain,Groundnut Big,મગફળી જાડી,0,940,1170
20/01/2025,88477,grain,Groundnut Small,મગફળી જીણી,0,970,1260
20/01/2025,88478,grain,Linseed,અળશી,25,1080,1080
20/01/2025,88479,grain,Seasmum,તલી ,500,1700,2250
20/01/2025,88480,grain,Sunflower,સુરજમુખી,11,946,946
20/01/2025,88481,grain,Castor seed,એરંડા,200,1200,1241
20/01/2025,88482,grain,Dil Seed,સુવા,10,1125,1265
20/01/2025,88483,grain,Soyabin,સોયાબીન,500,780,830
20/01/2025,88484,grain,Groundnut-Fada,સીંગફાડા,980,1040,1290
20/01/2025,88485,grain,Sesmum-Black,કાળા તલ ,80,3850,4100
20/01/2025,88486,grain,Garlic,લસણ,401,1601,3606
20/01/2025,88487,grain,Corriander,ધાણા,100,1170,1511
20/01/2025,88488,grain,Chillies,મરચા સુકા ,290,1100,2350
20/01/2025,88489,grain,Dhani,ધાણી,10,1200,1550
20/01/2025,88490,grain,Variyali,વરીયાળી,120,1145,1420
20/01/2025,88491,grain,Cummin,જીરૂ,1200,4000,4296
20/01/2025,88492,grain,Mustard,રાય,45,1140,1270
20/01/2025,88493,grain,Fenugreek,મેથી,75,980,1080
20/01/2025,88494,grain,Mustard seed,રાયડો,85,1080,1129
20/01/2025,88495,grain,Rajkoo Bee,રજકાનું બી ,1,2700,3475
20/01/2025,88496,grain,Guvar Bee,ગુવારનું બી,160,980,1020
21/01/2025,88532,grain,Cotton B.T.,કપાસ બી.ટી.,2500,1325,1525
21/01/2025,88533,grain,Wheat Lokvan,ઘઉં લોકવન,100,600,650
21/01/2025,88534,grain,Wheat Tukda,ઘઉં ટુકડા,700,600,674
21/01/2025,88535,grain,Jowar White,જુવાર સફેદ,92,771,911
21/01/2025,88536,grain,Jowar Yellow,જુવાર પીળી ,20,411,554
21/01/2025,88537,grain,Tuver,તુવેર,550,1240,1640
21/01/2025,88538,grain,Gram Yellow,ચણા પીળા,600,1020,1265
21/01/2025,88539,grain,Gram White,ચણા સફેદ,200,1200,2500
21/01/2025,88540,grain,Urad,અડદ,175,1268,1602
21/01/2025,88541,grain,Mung,મગ,230,1200,1830
21/01/2025,88542,grain,Val Deshi,વાલ દેશી,13,1050,1490
21/01/2025,88543,grain,Val Papdi,વાલ પાપડી,12,1325,1325
21/01/2025,88544,grain,Choli,ચોળી,30,1458,2933
21/01/2025,88545,grain,Math,મઠ,150,700,1261
21/01/2025,88546,grain,Kulthi,કળથી,12,815,925
21/01/2025,88547,grain,Groundnut Big,મગફળી જાડી,5400,920,1150
21/01/2025,88548,grain,Groundnut Small,મગફળી જીણી,8100,940,1250
21/01/2025,88549,grain,Seasmum,તલી ,400,1700,2323
21/01/2025,88550,grain,Castor seed,એરંડા,150,1222,1279
21/01/2025,88551,grain,Thymol,અજમો,10,1544,2021
21/01/2025,88552,grain,Dil Seed,સુવા,20,775,1310
21/01/2025,88553,grain,Soyabin,સોયાબીન,350,790,835
21/01/2025,88554,grain,Groundnut-Fada,સીંગફાડા,1000,1060,1310
21/01/2025,88555,grain,Sesmum-Black,કાળા તલ ,60,3380,4400
21/01/2025,88556,grain,Garlic,લસણ,800,1511,3400
21/01/2025,88557,grain,Corriander,ધાણા,120,1250,1600
21/01/2025,88558,grain,Chillies,મરચા સુકા ,320,1150,2450
21/01/2025,88559,grain,Dhani,ધાણી,25,1260,1846
21/01/2025,88560,grain,Variyali,વરીયાળી,70,1200,1440
21/01/2025,88561,grain,Cummin,જીરૂ,840,4050,4286
21/01/2025,88562,grain,Fenugreek,મેથી,120,880,1218
21/01/2025,88563,grain,Mustard seed,રાયડો,50,940,1126
21/01/2025,88564,grain,Rajkoo Bee,રજકાનું બી ,6,3000,4499
21/01/2025,88565,grain,Guvar Bee,ગુવારનું બી,250,1010,1040
22/01/2025,88601,grain,Cotton B.T.,કપાસ બી.ટી.,2950,1310,1526
22/01/2025,88602,grain,Wheat Lokvan,ઘઉં લોકવન,110,606,638
22/01/2025,88603,grain,Wheat Tukda,ઘઉં ટુકડા,600,600,660
22/01/2025,88604,grain,Jowar White,જુવાર સફેદ,80,770,950
22/01/2025,88605,grain,Jowar Yellow,જુવાર પીળી ,5,400,520
22/01/2025,88606,grain,Bajri,બાજરી,6,475,540
22/01/2025,88607,grain,Tuver,તુવેર,700,1250,1630
22/01/2025,88608,grain,Gram Yellow,ચણા પીળા,250,1000,1234
22/01/2025,88609,grain,Gram White,ચણા સફેદ,80,1100,2150
22/01/2025,88610,grain,Urad,અડદ,225,1250,1570
22/01/2025,88611,grain,Mung,મગ,225,1220,1860
22/01/2025,88612,grain,Val Deshi,વાલ દેશી,33,1000,1300
22/01/2025,88613,grain,Val Papdi,વાલ પાપડી,12,1325,1325
22/01/2025,88614,grain,Choli,ચોળી,95,1790,3180
22/01/2025,88615,grain,Math,મઠ,150,800,1200
22/01/2025,88616,grain,Kulthi,કળથી,125,850,950
22/01/2025,88617,grain,Groundnut Seed,સીંગદાણા,4,1336,1336
22/01/2025,88618,grain,Groundnut Big,મગફળી જાડી,0,910,1145
22/01/2025,88619,grain,Groundnut Small,મગફળી જીણી,0,930,1230
22/01/2025,88620,grain,Linseed,અળશી,31,1080,1080
22/01/2025,88621,grain,Seasmum,તલી ,400,1725,2300
22/01/2025,88622,grain,Castor seed,એરંડા,160,1100,1247
22/01/2025,88623,grain,Thymol,અજમો,10,1424,2100
22/01/2025,88624,grain,Soyabin,સોયાબીન,500,790,826
22/01/2025,88625,grain,Groundnut-Fada,સીંગફાડા,840,1050,1320
22/01/2025,88626,grain,Sesmum-Black,કાળા તલ ,45,3200,4545
22/01/2025,88627,grain,Garlic,લસણ,1050,1421,3150
22/01/2025,88628,grain,Corriander,ધાણા,200,1210,1540
22/01/2025,88629,grain,Chillies,મરચા સુકા ,340,1150,2500
22/01/2025,88630,grain,Dhani,ધાણી,40,1280,1768
22/01/2025,88631,grain,Variyali,વરીયાળી,30,1170,1293
22/01/2025,88632,grain,Cummin,જીરૂ,720,4040,4300
22/01/2025,88633,grain,Mustard,રાય,20,1010,1228
22/01/2025,88634,grain,Fenugreek,મેથી,25,1050,1370
22/01/2025,88635,grain,kalonji,કલોંજી,3,3589,3589
22/01/2025,88636,grain,Mustard seed,રાયડો,40,990,1124
22/01/2025,88637,grain,Guvar Bee,ગુવારનું બી,130,980,1022
23/01/2025,88673,grain,Cotton B.T.,કપાસ બી.ટી.,2400,1310,1521
23/01/2025,88674,grain,Wheat Lokvan,ઘઉં લોકવન,60,601,643
23/01/2025,88675,grain,Wheat Tukda,ઘઉં ટુકડા,430,604,680
23/01/2025,88676,grain,Jowar White,જુવાર સફેદ,190,775,961
23/01/2025,88677,grain,Jowar Red,જુવાર લાલ,5,850,1234
23/01/2025,88678,grain,Jowar Yellow,જુવાર પીળી ,10,400,500
23/01/2025,88679,grain,Bajri,બાજરી,5,421,501
23/01/2025,88680,grain,Tuver,તુવેર,600,1375,1732
23/01/2025,88681,grain,Gram Yellow,ચણા પીળા,350,1000,1211
23/01/2025,88682,grain,Gram White,ચણા સફેદ,90,1200,2200
23/01/2025,88683,grain,Urad,અડદ,175,1250,1560
23/01/2025,88684,grain,Mung,મગ,260,1200,1857
23/01/2025,88685,grain,Val Deshi,વાલ દેશી,50,1050,1200
23/01/2025,88686,grain,Choli,ચોળી,10,1400,2801
23/01/2025,88687,grain,Math,મઠ,175,890,1280
23/01/2025,88688,grain,Kulthi,કળથી,20,785,856
23/01/2025,88689,grain,Groundnut Big,મગફળી જાડી,0,910,1152
23/01/2025,88690,grain,Groundnut Small,મગફળી જીણી,0,929,1210
23/01/2025,88691,grain,Seasmum,તલી ,450,1700,2351
23/01/2025,88692,grain,Sunflower,સુરજમુખી,24,1176,1176
23/01/2025,88693,grain,Castor seed,એરંડા,300,1190,1265
23/01/2025,88694,grain,Thymol,અજમો,15,1734,1734
23/01/2025,88695,grain,Dil Seed,સુવા,10,1140,1140
23/01/2025,88696,grain,Soyabin,સોયાબીન,400,785,825
23/01/2025,88697,grain,Groundnut-Fada,સીંગફાડા,980,1055,1330
23/01/2025,88698,grain,Sesmum-Black,કાળા તલ ,40,3180,4790
23/01/2025,88699,grain,Garlic,લસણ,1200,1000,2500
23/01/2025,88700,grain,Corriander,ધાણા,170,1110,1549
23/01/2025,88701,grain,Chillies,મરચા સુકા ,480,900,2600
23/01/2025,88702,grain,Dhani,ધાણી,20,1130,1738
23/01/2025,88703,grain,Variyali,વરીયાળી,130,1142,1546
23/01/2025,88704,grain,Cummin,જીરૂ,660,4060,4325
23/01/2025,88705,grain,Mustard,રાય,50,1170,1307
23/01/2025,88706,grain,Fenugreek,મેથી,80,960,1190
23/01/2025,88707,grain,Isabgul,ઇસબગુલ,15,1671,2000
23/01/2025,88708,grain,kalonji,કલોંજી,2,3725,3725
23/01/2025,88709,grain,Mustard seed,રાયડો,85,1050,1130
23/01/2025,88710,grain,Guvar Bee,ગુવારનું બી,25,990,1025
24/01/2025,88746,grain,Cotton B.T.,કપાસ બી.ટી.,2200,1330,1480
24/01/2025,88747,grain,Wheat Lokvan,ઘઉં લોકવન,90,603,641
24/01/2025,88748,grain,Wheat Tukda,ઘઉં ટુકડા,700,606,681
24/01/2025,88749,grain,Jowar White,જુવાર સફેદ,60,614,744
24/01/2025,88750,grain,Jowar Red,જુવાર લાલ,25,668,891
24/01/2025,88751,grain,Jowar Yellow,જુવાર પીળી ,15,430,534
24/01/2025,88752,grain,Bajri,બાજરી,8,400,530
24/01/2025,88753,grain,Tuver,તુવેર,700,1200,1650
24/01/2025,88754,grain,Gram Yellow,ચણા પીળા,400,970,1203
24/01/2025,88755,grain,Gram White,ચણા સફેદ,125,1000,2160
24/01/2025,88756,grain,Urad,અડદ,180,1300,1610
24/01/2025,88757,grain,Mung,મગ,325,1200,1854
24/01/2025,88758,grain,Val Deshi,વાલ દેશી,75,900,1300
24/01/2025,88759,grain,Choli,ચોળી,100,1400,2500
24/01/2025,88760,grain,Math,મઠ,150,900,1231
24/01/2025,88761,grain,Kulthi,કળથી,30,750,886
24/01/2025,88762,grain,Groundnut Big,મગફળી જાડી,3840,900,1148
24/01/2025,88763,grain,Groundnut Small,મગફળી જીણી,5760,925,1225
24/01/2025,88764,grain,Seasmum,તલી ,640,1725,2275
24/01/2025,88765,grain,Castor seed,એરંડા,415,1100,1256
24/01/2025,88766,grain,Thymol,અજમો,10,1721,2121
24/01/2025,88767,grain,Soyabin,સોયાબીન,700,775,825
24/01/2025,88768,grain,Groundnut-Fada,સીંગફાડા,700,1040,1300
24/01/2025,88769,grain,Sesmum-Black,કાળા તલ ,60,3050,4520
24/01/2025,88770,grain,Garlic,લસણ,1251,1051,2500
24/01/2025,88771,grain,Corriander,ધાણા,170,1000,1551
24/01/2025,88772,grain,Chillies,મરચા સુકા ,320,1100,2450
24/01/2025,88773,grain,Dhani,ધાણી,30,1150,1584
24/01/2025,88774,grain,Variyali,વરીયાળી,100,1180,1550
24/01/2025,88775,grain,Cummin,જીરૂ,840,4010,4284
24/01/2025,88776,grain,Mustard,રાય,30,1040,1230
24/01/2025,88777,grain,Fenugreek,મેથી,90,1040,1190
24/01/2025,88778,grain,Isabgul,ઇસબગુલ,10,1800,2100
24/01/2025,88779,grain,Mustard seed,રાયડો,20,990,1119
24/01/2025,88780,grain,Guvar Bee,ગુવારનું બી,30,1026,1026
25/01/2025,88816,grain,Cotton B.T.,કપાસ બી.ટી.,2400,1350,1489
25/01/2025,88817,grain,Wheat Lokvan,ઘઉં લોકવન,60,602,628
25/01/2025,88818,grain,Wheat Tukda,ઘઉં ટુકડા,350,600,657
25/01/2025,88819,grain,Jowar White,જુવાર સફેદ,260,790,951
25/01/2025,88820,grain,Jowar Red,જુવાર લાલ,10,825,1241
25/01/2025,88821,grain,Jowar Yellow,જુવાર પીળી ,5,421,525
25/01/2025,88822,grain,Bajri,બાજરી,20,400,510
25/01/2025,88823,grain,Tuver,તુવેર,850,1200,1616
25/01/2025,88824,grain,Gram Yellow,ચણા પીળા,240,1020,1205
25/01/2025,88825,grain,Gram White,ચણા સફેદ,70,1100,2200
25/01/2025,88826,grain,Urad,અડદ,250,1250,1620
25/01/2025,88827,grain,Mung,મગ,290,1200,1806
25/01/2025,88828,grain,Val Deshi,વાલ દેશી,65,875,1176
25/01/2025,88829,grain,Choli,ચોળી,50,1400,2521
25/01/2025,88830,grain,Math,મઠ,100,800,1202
25/01/2025,88831,grain,Kulthi,કળથી,35,785,954
25/01/2025,88832,grain,Groundnut Seed,સીંગદાણા,60,1288,1288
25/01/2025,88833,grain,Groundnut Big,મગફળી જાડી,0,900,1140
25/01/2025,88834,grain,Groundnut Small,મગફળી જીણી,0,918,1235
25/01/2025,88835,grain,Seasmum,તલી ,960,1700,2275
25/01/2025,88836,grain,Castor seed,એરંડા,260,1150,1244
25/01/2025,88837,grain,Thymol,અજમો,30,1200,2400
25/01/2025,88838,grain,Soyabin,સોયાબીન,500,780,815
25/01/2025,88839,grain,Groundnut-Fada,સીંગફાડા,420,1030,1311
25/01/2025,88840,grain,Sesmum-Black,કાળા તલ ,80,3010,4646
25/01/2025,88841,grain,Garlic,લસણ,801,1071,2511
25/01/2025,88842,grain,Corriander,ધાણા,210,1220,1715
25/01/2025,88843,grain,Chillies,મરચા સુકા ,350,800,2500
25/01/2025,88844,grain,Dhani,ધાણી,40,1312,1541
25/01/2025,88845,grain,Variyali,વરીયાળી,30,1220,1570
25/01/2025,88846,grain,Cummin,જીરૂ,600,4000,4274
25/01/2025,88847,grain,Mustard,રાય,15,1030,1253
25/01/2025,88848,grain,Fenugreek,મેથી,50,1000,1137
25/01/2025,88849,grain,Isabgul,ઇસબગુલ,4,1790,1790
25/01/2025,88850,grain,kalonji,કલોંજી,15,3200,3569
25/01/2025,88851,grain,Mustard seed,રાયડો,80,1000,1120
25/01/2025,88852,grain,Guvar Bee,ગુવારનું બી,70,980,1020
27/01/2025,88888,grain,Cotton B.T.,કપાસ બી.ટી.,3000,1300,1490
27/01/2025,88889,grain,Wheat Lokvan,ઘઉં લોકવન,110,598,620
27/01/2025,88890,grain,Wheat Tukda,ઘઉં ટુકડા,375,606,653
27/01/2025,88891,grain,Jowar White,જુવાર સફેદ,250,820,1000
27/01/2025,88892,grain,Jowar Red,જુવાર લાલ,16,900,1171
27/01/2025,88893,grain,Jowar Yellow,જુવાર પીળી ,5,400,500
27/01/2025,88894,grain,Bajri,બાજરી,40,415,550
27/01/2025,88895,grain,Tuver,તુવેર,1100,1200,1566
27/01/2025,88896,grain,Gram Yellow,ચણા પીળા,300,980,1175
27/01/2025,88897,grain,Gram White,ચણા સફેદ,80,1100,2190
27/01/2025,88898,grain,Urad,અડદ,200,1000,1600
27/01/2025,88899,grain,Mung,મગ,250,1150,1740
27/01/2025,88900,grain,Val Deshi,વાલ દેશી,60,935,1160
27/01/2025,88901,grain,Choli,ચોળી,75,1154,2480
27/01/2025,88902,grain,Math,મઠ,250,800,1292
27/01/2025,88903,grain,Kulthi,કળથી,45,775,963
27/01/2025,88904,grain,Groundnut Seed,સીંગદાણા,7,1270,1340
27/01/2025,88905,grain,Groundnut Big,મગફળી જાડી,0,905,1135
27/01/2025,88906,grain,Groundnut Small,મગફળી જીણી,0,920,1240
27/01/2025,88907,grain,Seasmum,તલી ,520,1700,2300
27/01/2025,88908,grain,Castor seed,એરંડા,500,1160,1240
27/01/2025,88909,grain,Dil Seed,સુવા,5,950,1075
27/01/2025,88910,grain,Soyabin,સોયાબીન,400,770,808
27/01/2025,88911,grain,Groundnut-Fada,સીંગફાડા,920,1030,1280
27/01/2025,88912,grain,Sesmum-Black,કાળા તલ ,50,3000,4646
27/01/2025,88913,grain,Garlic,લસણ,350,951,2100
27/01/2025,88914,grain,Corriander,ધાણા,100,1100,1640
27/01/2025,88915,grain,Chillies,મરચા સુકા ,240,800,2450
27/01/2025,88916,grain,Dhani,ધાણી,10,1250,1735
27/01/2025,88917,grain,Variyali,વરીયાળી,170,1050,1400
27/01/2025,88918,grain,Cummin,જીરૂ,720,3950,4181
27/01/2025,88919,grain,Mustard,રાય,25,1100,1277
27/01/2025,88920,grain,Fenugreek,મેથી,200,910,1237
27/01/2025,88921,grain,kalonji,કલોંજી,50,2800,3590
27/01/2025,88922,grain,Mustard seed,રાયડો,175,1000,1100
27/01/2025,88923,grain,Guvar Bee,ગુવારનું બી,150,970,1032
28/01/2025,88959,grain,Cotton B.T.,કપાસ બી.ટી.,2600,1300,1485
28/01/2025,88960,grain,Wheat Lokvan,ઘઉં લોકવન,175,593,617
28/01/2025,88961,grain,Wheat Tukda,ઘઉં ટુકડા,550,604,660
28/01/2025,88962,grain,Jowar White,જુવાર સફેદ,160,850,1001
28/01/2025,88963,grain,Jowar Yellow,જુવાર પીળી ,15,450,550
28/01/2025,88964,grain,Bajri,બાજરી,5,366,470
28/01/2025,88965,grain,Tuver,તુવેર,1250,1150,1550
28/01/2025,88966,grain,Gram Yellow,ચણા પીળા,215,980,1280
28/01/2025,88967,grain,Gram White,ચણા સફેદ,100,1000,2011
28/01/2025,88968,grain,Urad,અડદ,230,1000,1580
28/01/2025,88969,grain,Mung,મગ,280,1150,1788
28/01/2025,88970,grain,Val Deshi,વાલ દેશી,60,750,1200
28/01/2025,88971,grain,Choli,ચોળી,40,1280,2325
28/01/2025,88972,grain,Math,મઠ,250,900,1300
28/01/2025,88973,grain,Kulthi,કળથી,50,800,875
28/01/2025,88974,grain,Groundnut Seed,સીંગદાણા,110,1246,1246
28/01/2025,88975,grain,Groundnut Big,મગફળી જાડી,5000,900,1138
28/01/2025,88976,grain,Groundnut Small,મગફળી જીણી,6100,910,1245
28/01/2025,88977,grain,Seasmum,તલી ,500,1700,2330
28/01/2025,88978,grain,Castor seed,એરંડા,175,1171,1231
28/01/2025,88979,grain,Thymol,અજમો,10,1900,2124
28/01/2025,88980,grain,Soyabin,સોયાબીન,500,770,800
28/01/2025,88981,grain,Groundnut-Fada,સીંગફાડા,700,1050,1262
28/01/2025,88982,grain,Sesmum-Black,કાળા તલ ,50,3800,5250
28/01/2025,88983,grain,Garlic,લસણ,775,1150,2050
28/01/2025,88984,grain,Corriander,ધાણા,90,1130,1650
28/01/2025,88985,grain,Chillies,મરચા સુકા ,400,800,2400
28/01/2025,88986,grain,Dhani,ધાણી,35,1200,1600
28/01/2025,88987,grain,Variyali,વરીયાળી,150,1100,1450
28/01/2025,88988,grain,Cummin,જીરૂ,960,3900,4105
28/01/2025,88989,grain,Mustard,રાય,25,1120,1326
28/01/2025,88990,grain,Fenugreek,મેથી,225,1000,1200
28/01/2025,88991,grain,Mustard seed,રાયડો,70,990,1100
28/01/2025,88992,grain,Guvar Bee,ગુવારનું બી,55,980,1035
29/01/2025,88996,grain,Cotton B.T.,કપાસ બી.ટી.,3400,1350,1480
29/01/2025,88997,grain,Wheat Lokvan,ઘઉં લોકવન,125,595,622
29/01/2025,88998,grain,Wheat Tukda,ઘઉં ટુકડા,450,606,651
29/01/2025,88999,grain,Jowar White,જુવાર સફેદ,160,850,1001
29/01/2025,89000,grain,Jowar Yellow,જુવાર પીળી ,15,450,550
29/01/2025,89001,grain,Bajri,બાજરી,3,450,501
29/01/2025,89002,grain,Tuver,તુવેર,1400,1100,1514
29/01/2025,89003,grain,Gram Yellow,ચણા પીળા,325,850,1168
29/01/2025,89004,grain,Gram White,ચણા સફેદ,200,1100,2125
29/01/2025,89005,grain,Urad,અડદ,225,1000,1631
29/01/2025,89006,grain,Mung,મગ,250,1141,1864
29/01/2025,89007,grain,Val Deshi,વાલ દેશી,60,918,1206
29/01/2025,89008,grain,Choli,ચોળી,40,1200,2541
29/01/2025,89009,grain,Math,મઠ,240,920,1312
29/01/2025,89010,grain,Peas,વટાણા,20,2001,2001
29/01/2025,89011,grain,Kulthi,કળથી,62,850,950
29/01/2025,89012,grain,Groundnut Big,મગફળી જાડી,0,850,1093
29/01/2025,89013,grain,Groundnut Small,મગફળી જીણી,0,880,1150
29/01/2025,89014,grain,Seasmum,તલી ,640,1700,2327
29/01/2025,89015,grain,Castor seed,એરંડા,225,1150,1225
29/01/2025,89016,grain,Thymol,અજમો,10,1800,2611
29/01/2025,89017,grain,Soyabin,સોયાબીન,350,770,805
29/01/2025,89018,grain,Groundnut-Fada,સીંગફાડા,560,1050,1275
29/01/2025,89019,grain,Sesmum-Black,કાળા તલ ,190,3900,5458
29/01/2025,89020,grain,Garlic,લસણ,850,1200,2075
29/01/2025,89021,grain,Corriander,ધાણા,80,1110,1535
29/01/2025,89022,grain,Chillies,મરચા સુકા ,350,800,2750
29/01/2025,89023,grain,Dhani,ધાણી,15,1220,1500
29/01/2025,89024,grain,Variyali,વરીયાળી,150,1051,1370
29/01/2025,89025,grain,Cummin,જીરૂ,800,3995,4118
29/01/2025,89026,grain,Mustard,રાય,75,1150,1346
29/01/2025,89027,grain,Fenugreek,મેથી,150,850,1148
29/01/2025,89028,grain,Mustard seed,રાયડો,25,1000,1100
29/01/2025,89029,grain,Guvar Bee,ગુવારનું બી,80,971,1025
30/01/2025,89065,grain,Cotton B.T.,કપાસ બી.ટી.,3000,1325,1470
30/01/2025,89066,grain,Wheat Lokvan,ઘઉં લોકવન,150,594,616
30/01/2025,89067,grain,Wheat Tukda,ઘઉં ટુકડા,425,608,644
30/01/2025,89068,grain,Jowar White,જુવાર સફેદ,250,870,1000
30/01/2025,89069,grain,Jowar Yellow,જુવાર પીળી ,30,350,500
30/01/2025,89070,grain,Tuver,તુવેર,1300,1100,1521
30/01/2025,89071,grain,Gram Yellow,ચણા પીળા,150,1050,1160
30/01/2025,89072,grain,Gram White,ચણા સફેદ,200,1400,2150
30/01/2025,89073,grain,Urad,અડદ,175,1000,1590
30/01/2025,89074,grain,Mung,મગ,350,1050,1767
30/01/2025,89075,grain,Val Deshi,વાલ દેશી,30,1015,1240
30/01/2025,89076,grain,Choli,ચોળી,25,1350,2515
30/01/2025,89077,grain,Math,મઠ,180,910,1336
30/01/2025,89078,grain,Kulthi,કળથી,60,850,1035
30/01/2025,89079,grain,Groundnut Big,મગફળી જાડી,0,880,1098
30/01/2025,89080,grain,Groundnut Small,મગફળી જીણી,0,900,1180
30/01/2025,89081,grain,Seasmum,તલી ,400,1700,2200
30/01/2025,89082,grain,Castor seed,એરંડા,300,1180,1225
30/01/2025,89083,grain,Thymol,અજમો,30,1120,2380
30/01/2025,89084,grain,Soyabin,સોયાબીન,400,760,805
30/01/2025,89085,grain,Groundnut-Fada,સીંગફાડા,700,1000,1250
30/01/2025,89086,grain,Sesmum-Black,કાળા તલ ,400,4000,5800
30/01/2025,89087,grain,Garlic,લસણ,1050,1000,1850
30/01/2025,89088,grain,Corriander,ધાણા,220,1100,1570
30/01/2025,89089,grain,Chillies,મરચા સુકા ,400,900,2300
30/01/2025,89090,grain,Dhani,ધાણી,20,1168,1470
30/01/2025,89091,grain,Variyali,વરીયાળી,120,1051,1360
30/01/2025,89092,grain,Cummin,જીરૂ,720,3950,4141
30/01/2025,89093,grain,Mustard,રાય,100,1125,1324
30/01/2025,89094,grain,Fenugreek,મેથી,125,980,1060
30/01/2025,89095,grain,Mustard seed,રાયડો,150,800,1070
30/01/2025,89096,grain,Guvar Bee,ગુવારનું બી,40,950,1005
31/01/2025,89132,grain,Cotton B.T.,કપાસ બી.ટી.,1800,1300,1470
31/01/2025,89133,grain,Wheat Lokvan,ઘઉં લોકવન,175,598,615
31/01/2025,89134,grain,Wheat Tukda,ઘઉં ટુકડા,550,606,660
31/01/2025,89135,grain,Jowar White,જુવાર સફેદ,150,850,1104
31/01/2025,89136,grain,Jowar Red,જુવાર લાલ,21,1100,1260
31/01/2025,89137,grain,Jowar Yellow,જુવાર પીળી ,15,400,500
31/01/2025,89138,grain,Bajri,બાજરી,15,350,480
31/01/2025,89139,grain,Tuver,તુવેર,1200,1300,1500
31/01/2025,89140,grain,Gram Yellow,ચણા પીળા,150,1000,1160
31/01/2025,89141,grain,Gram White,ચણા સફેદ,100,1250,2150
31/01/2025,89142,grain,Urad,અડદ,200,1000,1620
31/01/2025,89143,grain,Mung,મગ,170,1030,1822
31/01/2025,89144,grain,Val Deshi,વાલ દેશી,100,1075,1250
31/01/2025,89145,grain,Choli,ચોળી,25,1400,2360
31/01/2025,89146,grain,Math,મઠ,190,902,1338
31/01/2025,89147,grain,Kulthi,કળથી,90,850,975
31/01/2025,89148,grain,Groundnut Big,મગફળી જાડી,0,920,1095
31/01/2025,89149,grain,Groundnut Small,મગફળી જીણી,0,950,1220
31/01/2025,89150,grain,Seasmum,તલી ,560,1800,2350
31/01/2025,89151,grain,Castor seed,એરંડા,275,1189,1217
31/01/2025,89152,grain,Thymol,અજમો,5,1955,2150
31/01/2025,89153,grain,Dil Seed,સુવા,20,1211,1301
31/01/2025,89154,grain,Soyabin,સોયાબીન,250,770,807
31/01/2025,89155,grain,Groundnut-Fada,સીંગફાડા,560,1000,1250
31/01/2025,89156,grain,Sesmum-Black,કાળા તલ ,315,4200,5740
31/01/2025,89157,grain,Garlic,લસણ,750,1050,1850
31/01/2025,89158,grain,Corriander,ધાણા,90,1250,1560
31/01/2025,89159,grain,Dhani,ધાણી,15,1300,1701
31/01/2025,89160,grain,Variyali,વરીયાળી,200,1100,1650
31/01/2025,89161,grain,Cummin,જીરૂ,750,3910,4184
31/01/2025,89162,grain,Mustard,રાય,100,1100,1324
31/01/2025,89163,grain,Fenugreek,મેથી,100,950,1090
31/01/2025,89164,grain,Mustard seed,રાયડો,25,980,1060
31/01/2025,89165,grain,Guvar Bee,ગુવારનું બી,70,900,1032
01/02/2025,89201,grain,Cotton B.T.,કપાસ બી.ટી.,1850,1300,1475
01/02/2025,89202,grain,Wheat Lokvan,ઘઉં લોકવન,225,589,616
01/02/2025,89203,grain,Wheat Tukda,ઘઉં ટુકડા,525,605,646
01/02/2025,89204,grain,Jowar White,જુવાર સફેદ,150,870,1091
01/02/2025,89205,grain,Jowar Red,જુવાર લાલ,10,1000,1200
01/02/2025,89206,grain,Bajri,બાજરી,20,350,490
01/02/2025,89207,grain,Tuver,તુવેર,1300,1300,1515
01/02/2025,89208,grain,Gram Yellow,ચણા પીળા,700,980,1150
01/02/2025,89209,grain,Gram White,ચણા સફેદ,150,1100,1880
01/02/2025,89210,grain,Urad,અડદ,180,1000,1615
01/02/2025,89211,grain,Mung,મગ,195,1300,1768
01/02/2025,89212,grain,Val Deshi,વાલ દેશી,160,1000,1240
01/02/2025,89213,grain,Choli,ચોળી,9,1500,2310
01/02/2025,89214,grain,Math,મઠ,150,930,1280
01/02/2025,89215,grain,Kulthi,કળથી,62,840,956
01/02/2025,89216,grain,Groundnut Big,મગફળી જાડી,4500,920,1108
01/02/2025,89217,grain,Groundnut Small,મગફળી જીણી,6600,950,1210
01/02/2025,89218,grain,Seasmum,તલી ,500,1900,2260
01/02/2025,89219,grain,Castor seed,એરંડા,150,1190,1213
01/02/2025,89220,grain,Thymol,અજમો,5,1600,2300
01/02/2025,89221,grain,Soyabin,સોયાબીન,500,770,805
01/02/2025,89222,grain,Groundnut-Fada,સીંગફાડા,700,1000,1260
01/02/2025,89223,grain,Sesmum-Black,કાળા તલ ,90,3700,5656
01/02/2025,89224,grain,Garlic,લસણ,750,850,1650
01/02/2025,89225,grain,Corriander,ધાણા,100,1301,1550
01/02/2025,89226,grain,Dhani,ધાણી,80,1350,1717
01/02/2025,89227,grain,Variyali,વરીયાળી,125,1150,1420
01/02/2025,89228,grain,Cummin,જીરૂ,1140,3500,4009
01/02/2025,89229,grain,Mustard,રાય,100,1150,1313
01/02/2025,89230,grain,Fenugreek,મેથી,110,920,1124
01/02/2025,89231,grain,Mustard seed,રાયડો,50,800,1070
01/02/2025,89232,grain,Guvar Bee,ગુવારનું બી,80,990,1000
03/02/2025,89268,grain,Cotton B.T.,કપાસ બી.ટી.,2051,1311,1480
03/02/2025,89269,grain,Wheat Lokvan,ઘઉં લોકવન,60,570,620
03/02/2025,89270,grain,Wheat Tukda,ઘઉં ટુકડા,350,601,639
03/02/2025,89271,grain,Jowar White,જુવાર સફેદ,110,800,1050
03/02/2025,89272,grain,Jowar Red,જુવાર લાલ,15,950,1100
03/02/2025,89273,grain,Jowar Yellow,જુવાર પીળી ,35,400,545
03/02/2025,89274,grain,Bajri,બાજરી,12,430,458
03/02/2025,89275,grain,Tuver,તુવેર,3000,1200,1498
03/02/2025,89276,grain,Gram Yellow,ચણા પીળા,575,985,1155
03/02/2025,89277,grain,Gram White,ચણા સફેદ,110,1200,1900
03/02/2025,89278,grain,Urad,અડદ,160,1000,1589
03/02/2025,89279,grain,Mung,મગ,225,1200,1775
03/02/2025,89280,grain,Val Deshi,વાલ દેશી,140,800,1140
03/02/2025,89281,grain,Choli,ચોળી,60,1300,2526
03/02/2025,89282,grain,Math,મઠ,200,755,1199
03/02/2025,89283,grain,Peas,વટાણા,14,3475,3475
03/02/2025,89284,grain,Kulthi,કળથી,45,850,1026
03/02/2025,89285,grain,Groundnut Big,મગફળી જાડી,0,920,1100
03/02/2025,89286,grain,Groundnut Small,મગફળી જીણી,0,950,1200
03/02/2025,89287,grain,Linseed,અળશી,5,1018,1018
03/02/2025,89288,grain,Seasmum,તલી ,480,1950,2102
03/02/2025,89289,grain,Sunflower,સુરજમુખી,30,513,513
03/02/2025,89290,grain,Castor seed,એરંડા,225,1100,1225
03/02/2025,89291,grain,Thymol,અજમો,10,1400,1600
03/02/2025,89292,grain,Dil Seed,સુવા,5,1009,1025
03/02/2025,89293,grain,Soyabin,સોયાબીન,250,770,803
03/02/2025,89294,grain,Groundnut-Fada,સીંગફાડા,840,1025,1255
03/02/2025,89295,grain,Sesmum-Black,કાળા તલ ,85,3580,5800
03/02/2025,89296,grain,Garlic,લસણ,450,850,1610
03/02/2025,89297,grain,Corriander,ધાણા,140,1250,1480
03/02/2025,89298,grain,Chillies,મરચા સુકા ,400,1100,2600
03/02/2025,89299,grain,Dhani,ધાણી,100,1200,1416
03/02/2025,89300,grain,Variyali,વરીયાળી,80,1130,1530
03/02/2025,89301,grain,Cummin,જીરૂ,540,3400,4000
03/02/2025,89302,grain,Mustard,રાય,110,1100,1325
03/02/2025,89303,grain,Fenugreek,મેથી,140,880,1100
03/02/2025,89304,grain,Mustard seed,રાયડો,80,870,1111
03/02/2025,89305,grain,Rajkoo Bee,રજકાનું બી ,3,3600,4140
03/02/2025,89306,grain,Guvar Bee,ગુવારનું બી,70,996,996
04/02/2025,89343,grain,Cotton B.T.,કપાસ બી.ટી.,1850,1305,1484
04/02/2025,89344,grain,Wheat Lokvan,ઘઉં લોકવન,110,575,622
04/02/2025,89345,grain,Wheat Tukda,ઘઉં ટુકડા,560,59,656
04/02/2025,89346,grain,Jowar White,જુવાર સફેદ,160,830,1000
04/02/2025,89347,grain,Jowar Red,જુવાર લાલ,20,700,1000
04/02/2025,89348,grain,Jowar Yellow,જુવાર પીળી ,5,400,500
04/02/2025,89349,grain,Bajri,બાજરી,2,450,450
04/02/2025,89350,grain,Tuver,તુવેર,1300,1200,1490
04/02/2025,89351,grain,Gram Yellow,ચણા પીળા,200,950,1135
04/02/2025,89352,grain,Gram White,ચણા સફેદ,120,1400,2140
04/02/2025,89353,grain,Urad,અડદ,90,1100,1595
04/02/2025,89354,grain,Mung,મગ,350,1034,1778
04/02/2025,89355,grain,Val Deshi,વાલ દેશી,180,750,1100
04/02/2025,89356,grain,Choli,ચોળી,30,1600,2700
04/02/2025,89357,grain,Math,મઠ,100,711,1281
04/02/2025,89358,grain,Kulthi,કળથી,18,750,850
04/02/2025,89359,grain,Groundnut Big,મગફળી જાડી,0,920,1100
04/02/2025,89360,grain,Groundnut Small,મગફળી જીણી,0,950,1220
04/02/2025,89361,grain,Seasmum,તલી ,400,1800,2099
04/02/2025,89362,grain,Castor seed,એરંડા,200,1100,1223
04/02/2025,89363,grain,Thymol,અજમો,30,1851,2400
04/02/2025,89364,grain,Soyabin,સોયાબીન,400,770,804
04/02/2025,89365,grain,Groundnut-Fada,સીંગફાડા,700,1025,1262
04/02/2025,89366,grain,Sesmum-Black,કાળા તલ ,55,3800,5140
04/02/2025,89367,grain,Garlic,લસણ,380,950,1600
04/02/2025,89368,grain,Corriander,ધાણા,150,1220,1540
04/02/2025,89369,grain,Chillies,મરચા સુકા ,600,800,2200
04/02/2025,89370,grain,Dhani,ધાણી,100,1260,1575
04/02/2025,89371,grain,Variyali,વરીયાળી,45,1211,1300
04/02/2025,89372,grain,Cummin,જીરૂ,300,3425,4000
04/02/2025,89373,grain,Mustard,રાય,30,1000,1290
04/02/2025,89374,grain,Fenugreek,મેથી,10,1000,1270
04/02/2025,89375,grain,Mustard seed,રાયડો,5,850,1080
04/02/2025,89376,grain,Rajkoo Bee,રજકાનું બી ,3,3500,3600
04/02/2025,89377,grain,Guvar Bee,ગુવારનું બી,50,950,1000
05/02/2025,89414,grain,Cotton B.T.,કપાસ બી.ટી.,2300,1305,1490
05/02/2025,89415,grain,Wheat Lokvan,ઘઉં લોકવન,100,590,610
05/02/2025,89416,grain,Wheat Tukda,ઘઉં ટુકડા,600,590,660
05/02/2025,89417,grain,Jowar White,જુવાર સફેદ,175,850,1036
05/02/2025,89418,grain,Jowar Red,જુવાર લાલ,15,750,999
05/02/2025,89419,grain,Jowar Yellow,જુવાર પીળી ,40,400,500
05/02/2025,89420,grain,Tuver,તુવેર,1280,1190,1514
05/02/2025,89421,grain,Gram Yellow,ચણા પીળા,700,981,1140
05/02/2025,89422,grain,Gram White,ચણા સફેદ,150,1450,2150
05/02/2025,89423,grain,Urad,અડદ,85,1105,1621
05/02/2025,89424,grain,Mung,મગ,250,1000,1779
05/02/2025,89425,grain,Val Deshi,વાલ દેશી,80,900,1125
05/02/2025,89426,grain,Choli,ચોળી,10,1500,2525
05/02/2025,89427,grain,Math,મઠ,60,550,1251
05/02/2025,89428,grain,Kulthi,કળથી,25,775,890
05/02/2025,89429,grain,Groundnut Seed,સીંગદાણા,100,1263,1263
05/02/2025,89430,grain,Groundnut Big,મગફળી જાડી,3700,910,1100
05/02/2025,89431,grain,Groundnut Small,મગફળી જીણી,6000,970,1240
05/02/2025,89432,grain,Seasmum,તલી ,500,1890,2076
05/02/2025,89433,grain,Castor seed,એરંડા,250,900,1235
05/02/2025,89434,grain,Thymol,અજમો,20,1151,1890
05/02/2025,89435,grain,Dil Seed,સુવા,10,975,1125
05/02/2025,89436,grain,Soyabin,સોયાબીન,350,770,804
05/02/2025,89437,grain,Groundnut-Fada,સીંગફાડા,560,1000,1252
05/02/2025,89438,grain,Sesmum-Black,કાળા તલ ,120,3500,4800
05/02/2025,89439,grain,Garlic,લસણ,250,1100,1900
05/02/2025,89440,grain,Corriander,ધાણા,150,1220,1525
05/02/2025,89441,grain,Chillies,મરચા સુકા ,400,800,2200
05/02/2025,89442,grain,Dhani,ધાણી,100,1290,1737
05/02/2025,89443,grain,Variyali,વરીયાળી,50,1050,1323
05/02/2025,89444,grain,Cummin,જીરૂ,480,3425,4025
05/02/2025,89445,grain,Mustard,રાય,50,1040,1260
05/02/2025,89446,grain,Fenugreek,મેથી,110,840,1080
05/02/2025,89447,grain,Isabgul,ઇસબગુલ,3,1551,1551
05/02/2025,89448,grain,Mustard seed,રાયડો,60,950,1080
05/02/2025,89449,grain,Rajkoo Bee,રજકાનું બી ,10,3500,4500
05/02/2025,89450,grain,Guvar Bee,ગુવારનું બી,50,940,980
08/02/2025,89487,grain,Cotton B.T.,કપાસ બી.ટી.,1521,1321,1500
08/02/2025,89488,grain,Wheat Lokvan,ઘઉં લોકવન,125,580,625
08/02/2025,89489,grain,Wheat Tukda,ઘઉં ટુકડા,250,600,665
08/02/2025,89490,grain,Jowar White,જુવાર સફેદ,175,800,986
08/02/2025,89491,grain,Jowar Red,જુવાર લાલ,10,900,1000
08/02/2025,89492,grain,Tuver,તુવેર,975,1200,1503
08/02/2025,89493,grain,Gram Yellow,ચણા પીળા,200,950,1150
08/02/2025,89494,grain,Gram White,ચણા સફેદ,150,1000,2050
08/02/2025,89495,grain,Urad,અડદ,65,1200,1594
08/02/2025,89496,grain,Mung,મગ,190,1170,1649
08/02/2025,89497,grain,Val Deshi,વાલ દેશી,130,950,1119
08/02/2025,89498,grain,Choli,ચોળી,30,1600,2110
08/02/2025,89499,grain,Math,મઠ,50,690,732
08/02/2025,89500,grain,Kulthi,કળથી,13,775,835
08/02/2025,89501,grain,Groundnut Seed,સીંગદાણા,2,1275,1350
08/02/2025,89502,grain,Groundnut Big,મગફળી જાડી,0,920,1103
08/02/2025,89503,grain,Groundnut Small,મગફળી જીણી,0,950,1200
08/02/2025,89504,grain,Seasmum,તલી ,150,1800,2060
08/02/2025,89505,grain,Castor seed,એરંડા,200,1135,1236
08/02/2025,89506,grain,Thymol,અજમો,10,2200,2323
08/02/2025,89507,grain,Dil Seed,સુવા,2,1252,1252
08/02/2025,89508,grain,Soyabin,સોયાબીન,350,760,801
08/02/2025,89509,grain,Groundnut-Fada,સીંગફાડા,360,1050,1300
08/02/2025,89510,grain,Sesmum-Black,કાળા તલ ,70,3600,5290
08/02/2025,89511,grain,Garlic,લસણ,750,1000,1900
08/02/2025,89512,grain,Corriander,ધાણા,220,1230,1590
08/02/2025,89513,grain,Chillies,મરચા સુકા ,260,800,2350
08/02/2025,89514,grain,Dhani,ધાણી,100,1280,1711
08/02/2025,89515,grain,Variyali,વરીયાળી,40,1100,1295
08/02/2025,89516,grain,Cummin,જીરૂ,840,3400,3825
08/02/2025,89517,grain,Mustard,રાય,80,1080,1244
08/02/2025,89518,grain,Fenugreek,મેથી,75,800,1025
08/02/2025,89519,grain,Asario,અશેરીયો,10,1451,1600
08/02/2025,89520,grain,Mustard seed,રાયડો,50,890,1070
08/02/2025,89521,grain,Rajkoo Bee,રજકાનું બી ,1,3000,3500
08/02/2025,89522,grain,Guvar Bee,ગુવારનું બી,50,950,975
10/02/2025,89559,grain,Cotton B.T.,કપાસ બી.ટી.,1611,1310,1505
10/02/2025,89560,grain,Wheat Lokvan,ઘઉં લોકવન,50,592,630
10/02/2025,89561,grain,Wheat Tukda,ઘઉં ટુકડા,550,600,661
10/02/2025,89562,grain,Jowar White,જુવાર સફેદ,200,830,1017
10/02/2025,89563,grain,Jowar Red,જુવાર લાલ,5,1060,1150
10/02/2025,89564,grain,Jowar Yellow,જુવાર પીળી ,50,430,500
10/02/2025,89565,grain,Bajri,બાજરી,30,400,490
10/02/2025,89566,grain,Tuver,તુવેર,2000,1275,1531
10/02/2025,89567,grain,Gram Yellow,ચણા પીળા,800,950,1151
10/02/2025,89568,grain,Gram Deshi,ચણા દેશી,200,1200,2000
10/02/2025,89569,grain,Urad,અડદ,100,1250,1601
10/02/2025,89570,grain,Mung,મગ,140,1150,1775
10/02/2025,89571,grain,Val Deshi,વાલ દેશી,150,820,1140
10/02/2025,89572,grain,Math,મઠ,50,400,900
10/02/2025,89573,grain,Kulthi,કળથી,35,750,875
10/02/2025,89574,grain,Groundnut Big,મગફળી જાડી,5000,940,1117
10/02/2025,89575,grain,Groundnut Small,મગફળી જીણી,8500,960,1200
10/02/2025,89576,grain,Linseed,અળશી,5,1050,1050
10/02/2025,89577,grain,Seasmum,તલી ,320,1800,1975
10/02/2025,89578,grain,Castor seed,એરંડા,300,1170,1246
10/02/2025,89579,grain,Thymol,અજમો,10,1225,2000
10/02/2025,89580,grain,Dil Seed,સુવા,2,950,950
10/02/2025,89581,grain,Soyabin,સોયાબીન,600,775,801
10/02/2025,89582,grain,Groundnut-Fada,સીંગફાડા,840,1060,1300
10/02/2025,89583,grain,Sesmum-Black,કાળા તલ ,130,3500,5400
10/02/2025,89584,grain,Garlic,લસણ,630,1010,1750
10/02/2025,89585,grain,Corriander,ધાણા,190,1230,1540
10/02/2025,89586,grain,Chillies,મરચા સુકા ,600,900,2300
10/02/2025,89587,grain,Dhani,ધાણી,130,1310,2122
10/02/2025,89588,grain,Variyali,વરીયાળી,30,1050,1430
10/02/2025,89589,grain,Cummin,જીરૂ,600,3400,3730
10/02/2025,89590,grain,Mustard,રાય,150,1040,1348
10/02/2025,89591,grain,Fenugreek,મેથી,50,850,950
10/02/2025,89592,grain,Mustard seed,રાયડો,150,980,1111
10/02/2025,89593,grain,Guvar Bee,ગુવારનું બી,5,900,960
10/02/2025,89594,grain,Gram White,ચણા સફેદ,200,1200,2000
11/02/2025,89631,grain,Cotton B.T.,કપાસ બી.ટી.,2650,1301,1490
11/02/2025,89632,grain,Wheat Lokvan,ઘઉં લોકવન,75,596,632
11/02/2025,89633,grain,Wheat Tukda,ઘઉં ટુકડા,450,601,680
11/02/2025,89634,grain,Jowar White,જુવાર સફેદ,160,800,984
11/02/2025,89635,grain,Tuver,તુવેર,1750,1225,1525
11/02/2025,89636,grain,Gram Yellow,ચણા પીળા,425,951,1149
11/02/2025,89637,grain,Gram White,ચણા સફેદ,100,1205,2025
11/02/2025,89638,grain,Urad,અડદ,70,1200,1606
11/02/2025,89639,grain,Mung,મગ,150,1200,1696
11/02/2025,89640,grain,Val Deshi,વાલ દેશી,70,721,1061
11/02/2025,89641,grain,Math,મઠ,30,600,870
11/02/2025,89642,grain,Kulthi,કળથી,36,650,860
11/02/2025,89643,grain,Groundnut Seed,સીંગદાણા,10,1300,1380
11/02/2025,89644,grain,Groundnut Big,મગફળી જાડી,0,920,1123
11/02/2025,89645,grain,Groundnut Small,મગફળી જીણી,0,940,1220
11/02/2025,89646,grain,Seasmum,તલી ,180,1700,2030
11/02/2025,89647,grain,Castor seed,એરંડા,120,1195,1235
11/02/2025,89648,grain,Thymol,અજમો,20,2250,2600
11/02/2025,89649,grain,Soyabin,સોયાબીન,300,740,791
11/02/2025,89650,grain,Groundnut-Fada,સીંગફાડા,700,1060,1311
11/02/2025,89651,grain,Sesmum-Black,કાળા તલ ,60,3600,5200
11/02/2025,89652,grain,Garlic,લસણ,520,1020,1750
11/02/2025,89653,grain,Corriander,ધાણા,160,1230,1580
11/02/2025,89654,grain,Chillies,મરચા સુકા ,700,800,2200
11/02/2025,89655,grain,Dhani,ધાણી,100,1280,1600
11/02/2025,89656,grain,Variyali,વરીયાળી,20,900,1100
11/02/2025,89657,grain,Cummin,જીરૂ,540,3420,3810
11/02/2025,89658,grain,Mustard,રાય,175,1040,1360
11/02/2025,89659,grain,Fenugreek,મેથી,25,720,920
11/02/2025,89660,grain,Mustard seed,રાયડો,100,940,1070
11/02/2025,89661,grain,Guvar Bee,ગુવારનું બી,15,960,960
12/02/2025,89698,grain,Cotton B.T.,કપાસ બી.ટી.,3050,1311,1500
12/02/2025,89699,grain,Wheat Lokvan,ઘઉં લોકવન,40,594,631
12/02/2025,89700,grain,Wheat Tukda,ઘઉં ટુકડા,350,600,696
12/02/2025,89701,grain,Jowar White,જુવાર સફેદ,140,840,991
12/02/2025,89702,grain,Jowar Red,જુવાર લાલ,10,900,1100
12/02/2025,89703,grain,Jowar Yellow,જુવાર પીળી ,20,400,500
12/02/2025,89704,grain,Bajri,બાજરી,15,350,490
12/02/2025,89705,grain,Tuver,તુવેર,1800,1150,1522
12/02/2025,89706,grain,Gram Yellow,ચણા પીળા,400,950,1145
12/02/2025,89707,grain,Gram White,ચણા સફેદ,50,1200,2000
12/02/2025,89708,grain,Urad,અડદ,65,1280,1590
12/02/2025,89709,grain,Mung,મગ,160,1200,1740
12/02/2025,89710,grain,Val Deshi,વાલ દેશી,160,900,1164
12/02/2025,89711,grain,Choli,ચોળી,25,2150,2686
12/02/2025,89712,grain,Math,મઠ,35,600,950
12/02/2025,89713,grain,Peas,વટાણા,225,1000,2175
12/02/2025,89714,grain,Kulthi,કળથી,22,775,875
12/02/2025,89715,grain,Groundnut Big,મગફળી જાડી,0,920,1127
12/02/2025,89716,grain,Groundnut Small,મગફળી જીણી,0,940,1230
12/02/2025,89717,grain,Seasmum,તલી ,150,1890,2060
12/02/2025,89718,grain,Castor seed,એરંડા,150,1125,1226
12/02/2025,89719,grain,Thymol,અજમો,20,1400,1675
12/02/2025,89720,grain,Soyabin,સોયાબીન,300,730,775
12/02/2025,89721,grain,Groundnut-Fada,સીંગફાડા,1200,1050,1330
12/02/2025,89722,grain,Sesmum-Black,કાળા તલ ,160,3540,5080
12/02/2025,89723,grain,Garlic,લસણ,830,1000,1800
12/02/2025,89724,grain,Corriander,ધાણા,360,1240,1570
12/02/2025,89725,grain,Chillies,મરચા સુકા ,520,850,2250
12/02/2025,89726,grain,Dhani,ધાણી,160,1270,1740
12/02/2025,89727,grain,Variyali,વરીયાળી,35,1150,1310
12/02/2025,89728,grain,Cummin,જીરૂ,800,3650,3975
12/02/2025,89729,grain,Mustard,રાય,125,1040,1315
12/02/2025,89730,grain,Fenugreek,મેથી,50,800,1100
12/02/2025,89731,grain,Mustard seed,રાયડો,90,980,1095
13/02/2025,89768,grain,Cotton B.T.,કપાસ બી.ટી.,2500,1300,1480
13/02/2025,89769,grain,Wheat Lokvan,ઘઉં લોકવન,70,603,639
13/02/2025,89770,grain,Wheat Tukda,ઘઉં ટુકડા,300,612,726
13/02/2025,89771,grain,Jowar White,જુવાર સફેદ,350,750,990
13/02/2025,89772,grain,Jowar Red,જુવાર લાલ,3,1000,1100
13/02/2025,89773,grain,Bajri,બાજરી,20,350,490
13/02/2025,89774,grain,Tuver,તુવેર,1400,1185,1515
13/02/2025,89775,grain,Gram Yellow,ચણા પીળા,550,960,1145
13/02/2025,89776,grain,Gram White,ચણા સફેદ,70,1180,2100
13/02/2025,89777,grain,Urad,અડદ,55,1285,1578
13/02/2025,89778,grain,Mung,મગ,170,1240,1740
13/02/2025,89779,grain,Val Deshi,વાલ દેશી,180,820,1125
13/02/2025,89780,grain,Choli,ચોળી,30,1300,2445
13/02/2025,89781,grain,Math,મઠ,30,555,950
13/02/2025,89782,grain,Peas,વટાણા,80,2000,2875
13/02/2025,89783,grain,Kulthi,કળથી,25,750,875
13/02/2025,89784,grain,Groundnut Big,મગફળી જાડી,0,910,1115
13/02/2025,89785,grain,Groundnut Small,મગફળી જીણી,0,930,1220
13/02/2025,89786,grain,Seasmum,તલી ,400,1875,2090
13/02/2025,89787,grain,Castor seed,એરંડા,140,1150,1230
13/02/2025,89788,grain,Thymol,અજમો,35,1240,1750
13/02/2025,89789,grain,Soyabin,સોયાબીન,400,740,782
13/02/2025,89790,grain,Groundnut-Fada,સીંગફાડા,600,1070,1320
13/02/2025,89791,grain,Sesmum-Black,કાળા તલ ,125,3650,5214
13/02/2025,89792,grain,Garlic,લસણ,1100,850,1620
13/02/2025,89793,grain,Corriander,ધાણા,330,1250,1567
13/02/2025,89794,grain,Chillies,મરચા સુકા ,410,900,2150
13/02/2025,89795,grain,Dhani,ધાણી,220,1300,1590
13/02/2025,89796,grain,Variyali,વરીયાળી,30,1050,1270
13/02/2025,89797,grain,Cummin,જીરૂ,840,3625,3950
13/02/2025,89798,grain,Mustard,રાય,250,1050,1366
13/02/2025,89799,grain,Fenugreek,મેથી,100,850,1050
13/02/2025,89800,grain,Mustard seed,રાયડો,150,1000,1111
13/02/2025,89801,grain,Rajkoo Bee,રજકાનું બી ,4,3800,3838
14/02/2025,89838,grain,Cotton B.T.,કપાસ બી.ટી.,2051,1307,1490
14/02/2025,89839,grain,Wheat Lokvan,ઘઉં લોકવન,70,611,641
14/02/2025,89840,grain,Wheat Tukda,ઘઉં ટુકડા,450,612,751
14/02/2025,89841,grain,Jowar White,જુવાર સફેદ,300,800,960
14/02/2025,89842,grain,Jowar Red,જુવાર લાલ,4,1000,1100
14/02/2025,89843,grain,Tuver,તુવેર,1775,1180,1512
14/02/2025,89844,grain,Gram Yellow,ચણા પીળા,600,975,1160
14/02/2025,89845,grain,Gram White,ચણા સફેદ,50,1150,2050
14/02/2025,89846,grain,Urad,અડદ,70,1250,1580
14/02/2025,89847,grain,Mung,મગ,140,1205,1790
14/02/2025,89848,grain,Val Papdi,વાલ પાપડી,35,900,1230
14/02/2025,89849,grain,Choli,ચોળી,10,1245,2041
14/02/2025,89850,grain,Math,મઠ,3,815,815
14/02/2025,89851,grain,Peas,વટાણા,100,1800,2385
14/02/2025,89852,grain,Kulthi,કળથી,15,675,825
14/02/2025,89853,grain,Groundnut Big,મગફળી જાડી,4500,910,1122
14/02/2025,89854,grain,Groundnut Small,મગફળી જીણી,6000,930,1200
14/02/2025,89855,grain,Seasmum,તલી ,150,1800,2099
14/02/2025,89856,grain,Sunflower,સુરજમુખી,5,857,857
14/02/2025,89857,grain,Castor seed,એરંડા,105,1146,1228
14/02/2025,89858,grain,Thymol,અજમો,5,1380,2280
14/02/2025,89859,grain,Dil Seed,સુવા,2,915,1050
14/02/2025,89860,grain,Soyabin,સોયાબીન,400,740,782
14/02/2025,89861,grain,Groundnut-Fada,સીંગફાડા,480,1050,1330
14/02/2025,89862,grain,Sesmum-Black,કાળા તલ ,150,3500,5000
14/02/2025,89863,grain,Garlic,લસણ,1080,900,1700
14/02/2025,89864,grain,Corriander,ધાણા,170,1230,1580
14/02/2025,89865,grain,Chillies,મરચા સુકા ,600,900,2225
14/02/2025,89866,grain,Dhani,ધાણી,100,1310,2100
14/02/2025,89867,grain,Variyali,વરીયાળી,50,1180,1330
14/02/2025,89868,grain,Cummin,જીરૂ,540,3650,3975
14/02/2025,89869,grain,Mustard,રાય,300,1050,1310
14/02/2025,89870,grain,Fenugreek,મેથી,30,850,950
14/02/2025,89871,grain,Mustard seed,રાયડો,200,950,1111
15/02/2025,89908,grain,Cotton B.T.,કપાસ બી.ટી.,2000,1311,1488
15/02/2025,89909,grain,Wheat Lokvan,ઘઉં લોકવન,60,604,635
15/02/2025,89910,grain,Wheat Tukda,ઘઉં ટુકડા,350,612,700
15/02/2025,89911,grain,Jowar White,જુવાર સફેદ,160,700,941
15/02/2025,89912,grain,Tuver,તુવેર,2000,1240,1506
15/02/2025,89913,grain,Gram Yellow,ચણા પીળા,650,970,1155
15/02/2025,89914,grain,Gram White,ચણા સફેદ,80,1200,2075
15/02/2025,89915,grain,Urad,અડદ,70,1270,1575
15/02/2025,89916,grain,Mung,મગ,125,1225,1680
15/02/2025,89917,grain,Val Deshi,વાલ દેશી,20,1000,1250
15/02/2025,89918,grain,Math,મઠ,75,800,1250
15/02/2025,89919,grain,Peas,વટાણા,80,1699,2390
15/02/2025,89920,grain,Kulthi,કળથી,18,775,775
15/02/2025,89921,grain,Groundnut Big,મગફળી જાડી,0,930,1135
15/02/2025,89922,grain,Groundnut Small,મગફળી જીણી,0,940,1220
15/02/2025,89923,grain,Seasmum,તલી ,120,1860,2028
15/02/2025,89924,grain,Castor seed,એરંડા,150,1180,1234
15/02/2025,89925,grain,Thymol,અજમો,10,1300,2150
15/02/2025,89926,grain,Dil Seed,સુવા,1,800,800
15/02/2025,89927,grain,Soyabin,સોયાબીન,100,695,783
15/02/2025,89928,grain,Groundnut-Fada,સીંગફાડા,240,1040,1315
15/02/2025,89929,grain,Sesmum-Black,કાળા તલ ,250,3300,4700
15/02/2025,89930,grain,Garlic,લસણ,1100,900,1640
15/02/2025,89931,grain,Corriander,ધાણા,200,1250,1920
15/02/2025,89932,grain,Chillies,મરચા સુકા ,560,800,2140
15/02/2025,89933,grain,Dhani,ધાણી,150,1350,2612
15/02/2025,89934,grain,Variyali,વરીયાળી,55,1200,1365
15/02/2025,89935,grain,Cummin,જીરૂ,600,3800,4025
15/02/2025,89936,grain,Mustard,રાય,250,1035,1238
15/02/2025,89937,grain,Fenugreek,મેથી,20,865,1000
15/02/2025,89938,grain,Asario,અશેરીયો,15,1975,1975
15/02/2025,89939,grain,kalonji,કલોંજી,66,3000,3000
15/02/2025,89940,grain,Mustard seed,રાયડો,150,970,1120
15/02/2025,89941,grain,Rajkoo Bee,રજકાનું બી ,15,3000,3400
17/02/2025,89978,grain,Cotton B.T.,કપાસ બી.ટી.,2300,1304,1486
17/02/2025,89979,grain,Wheat Lokvan,ઘઉં લોકવન,90,601,648
17/02/2025,89980,grain,Wheat Tukda,ઘઉં ટુકડા,500,603,695
17/02/2025,89981,grain,Jowar White,જુવાર સફેદ,425,810,1015
17/02/2025,89982,grain,Tuver,તુવેર,2200,1240,1515
17/02/2025,89983,grain,Gram Yellow,ચણા પીળા,800,970,1144
17/02/2025,89984,grain,Gram White,ચણા સફેદ,150,1205,2050
17/02/2025,89985,grain,Urad,અડદ,190,1300,1581
17/02/2025,89986,grain,Mung,મગ,140,1000,1666
17/02/2025,89987,grain,Val Deshi,વાલ દેશી,200,970,1166
17/02/2025,89988,grain,Choli,ચોળી,20,1371,2095
17/02/2025,89989,grain,Math,મઠ,45,600,950
17/02/2025,89990,grain,Peas,વટાણા,110,1100,2200
17/02/2025,89991,grain,Groundnut Big,મગફળી જાડી,0,930,1124
17/02/2025,89992,grain,Groundnut Small,મગફળી જીણી,0,940,1250
17/02/2025,89993,grain,Seasmum,તલી ,280,1975,2171
17/02/2025,89994,grain,Castor seed,એરંડા,430,1181,1226
17/02/2025,89995,grain,Thymol,અજમો,5,1200,1980
17/02/2025,89996,grain,Soyabin,સોયાબીન,300,740,777
17/02/2025,89997,grain,Groundnut-Fada,સીંગફાડા,600,1040,1315
17/02/2025,89998,grain,Sesmum-Black,કાળા તલ ,90,3250,5300
17/02/2025,89999,grain,Garlic,લસણ,770,850,1470
17/02/2025,90000,grain,Corriander,ધાણા,250,1100,1900
17/02/2025,90001,grain,Chillies,મરચા સુકા ,650,700,2050
17/02/2025,90002,grain,Dhani,ધાણી,220,1200,1800
17/02/2025,90003,grain,Variyali,વરીયાળી,10,500,1115
17/02/2025,90004,grain,Cummin,જીરૂ,540,3900,4180
17/02/2025,90005,grain,Mustard,રાય,200,1050,1329
17/02/2025,90006,grain,Fenugreek,મેથી,25,800,1035
17/02/2025,90007,grain,Asario,અશેરીયો,70,1550,1700
17/02/2025,90008,grain,kalonji,કલોંજી,5,3425,3425
17/02/2025,90009,grain,Mustard seed,રાયડો,450,950,1117
18/02/2025,90046,grain,Cotton B.T.,કપાસ બી.ટી.,2100,1310,1490
18/02/2025,90047,grain,Wheat Lokvan,ઘઉં લોકવન,110,601,646
18/02/2025,90048,grain,Wheat Tukda,ઘઉં ટુકડા,700,611,701
18/02/2025,90049,grain,Jowar White,જુવાર સફેદ,250,750,925
18/02/2025,90050,grain,Bajri,બાજરી,25,350,510
18/02/2025,90051,grain,Tuver,તુવેર,2050,1250,1518
18/02/2025,90052,grain,Gram Yellow,ચણા પીળા,1100,950,1130
18/02/2025,90053,grain,Gram White,ચણા સફેદ,50,1250,1950
18/02/2025,90054,grain,Urad,અડદ,220,1310,1616
18/02/2025,90055,grain,Mung,મગ,210,1050,1638
18/02/2025,90056,grain,Val Deshi,વાલ દેશી,150,850,1260
18/02/2025,90057,grain,Choli,ચોળી,20,1300,2311
18/02/2025,90058,grain,Math,મઠ,60,450,850
18/02/2025,90059,grain,Peas,વટાણા,130,1200,2300
18/02/2025,90060,grain,Groundnut Big,મગફળી જાડી,3500,920,1128
18/02/2025,90061,grain,Groundnut Small,મગફળી જીણી,5500,940,1220
18/02/2025,90062,grain,Linseed,અળશી,7,800,800
18/02/2025,90063,grain,Seasmum,તલી ,400,1900,2125
18/02/2025,90064,grain,Castor seed,એરંડા,200,1145,1230
18/02/2025,90065,grain,Thymol,અજમો,5,1440,2051
18/02/2025,90066,grain,Dil Seed,સુવા,5,911,1301
18/02/2025,90067,grain,Soyabin,સોયાબીન,200,740,776
18/02/2025,90068,grain,Groundnut-Fada,સીંગફાડા,1000,1040,1280
18/02/2025,90069,grain,Sesmum-Black,કાળા તલ ,120,3500,5151
18/02/2025,90070,grain,Garlic,લસણ,630,850,1400
18/02/2025,90071,grain,Corriander,ધાણા,300,1200,2052
18/02/2025,90072,grain,Chillies,મરચા સુકા ,700,800,2230
18/02/2025,90073,grain,Dhani,ધાણી,280,1200,1950
18/02/2025,90074,grain,Variyali,વરીયાળી,100,1130,1490
18/02/2025,90075,grain,Cummin,જીરૂ,1100,3500,4200
18/02/2025,90076,grain,Mustard,રાય,200,1040,1390
18/02/2025,90077,grain,Fenugreek,મેથી,50,730,970
18/02/2025,90078,grain,Asario,અશેરીયો,35,1350,1550
18/02/2025,90079,grain,kalonji,કલોંજી,20,2431,3500
18/02/2025,90080,grain,Mustard seed,રાયડો,300,980,1111
18/02/2025,90081,grain,Rajkoo Bee,રજકાનું બી ,10,4000,4500
18/02/2025,90082,grain,Guvar Bee,ગુવારનું બી,20,910,950
19/02/2025,90119,grain,Cotton B.T.,કપાસ બી.ટી.,3000,1301,1495
19/02/2025,90120,grain,Wheat Lokvan,ઘઉં લોકવન,90,609,641
19/02/2025,90121,grain,Wheat Tukda,ઘઉં ટુકડા,600,611,706
19/02/2025,90122,grain,Jowar White,જુવાર સફેદ,250,725,941
19/02/2025,90123,grain,Jowar Yellow,જુવાર પીળી ,60,400,470
19/02/2025,90124,grain,Bajri,બાજરી,14,460,460
19/02/2025,90125,grain,Tuver,તુવેર,2100,1260,1526
19/02/2025,90126,grain,Gram Yellow,ચણા પીળા,1800,950,1106
19/02/2025,90127,grain,Gram White,ચણા સફેદ,70,1100,1900
19/02/2025,90128,grain,Urad,અડદ,190,1315,1590
19/02/2025,90129,grain,Mung,મગ,150,1070,1576
19/02/2025,90130,grain,Val Deshi,વાલ દેશી,190,800,1181
19/02/2025,90131,grain,Choli,ચોળી,7,850,1401
19/02/2025,90132,grain,Peas,વટાણા,110,1200,2085
19/02/2025,90133,grain,Kulthi,કળથી,9,675,675
19/02/2025,90134,grain,Groundnut Big,મગફળી જાડી,0,900,1126
19/02/2025,90135,grain,Groundnut Small,મગફળી જીણી,0,920,1220
19/02/2025,90136,grain,Seasmum,તલી ,320,1986,2200
19/02/2025,90137,grain,Castor seed,એરંડા,300,1200,1235
19/02/2025,90138,grain,Thymol,અજમો,2,1430,1430
19/02/2025,90139,grain,Dil Seed,સુવા,10,1160,1160
19/02/2025,90140,grain,Soyabin,સોયાબીન,250,749,786
19/02/2025,90141,grain,Groundnut-Fada,સીંગફાડા,700,1050,1310
19/02/2025,90142,grain,Sesmum-Black,કાળા તલ ,125,3700,4730
19/02/2025,90143,grain,Garlic,લસણ,1050,850,1500
19/02/2025,90144,grain,Corriander,ધાણા,250,1150,2030
19/02/2025,90145,grain,Chillies,મરચા સુકા ,640,900,2150
19/02/2025,90146,grain,Dhani,ધાણી,260,1150,2100
19/02/2025,90147,grain,Variyali,વરીયાળી,120,1200,1432
19/02/2025,90148,grain,Cummin,જીરૂ,1440,3450,4180
19/02/2025,90149,grain,Mustard,રાય,450,1050,1400
19/02/2025,90150,grain,Fenugreek,મેથી,30,940,1180
19/02/2025,90151,grain,Asario,અશેરીયો,10,1230,1230
19/02/2025,90152,grain,Mustard seed,રાયડો,350,950,1110
19/02/2025,90153,grain,Guvar Bee,ગુવારનું બી,40,945,980
20/02/2025,90191,grain,Cotton B.T.,કપાસ બી.ટી.,2500,1321,1480
20/02/2025,90192,grain,Wheat Lokvan,ઘઉં લોકવન,80,602,658
20/02/2025,90193,grain,Wheat Tukda,ઘઉં ટુકડા,650,605,711
20/02/2025,90194,grain,Jowar White,જુવાર સફેદ,150,750,999
20/02/2025,90195,grain,Bajri,બાજરી,6,490,490
20/02/2025,90196,grain,Tuver,તુવેર,1900,1240,1510
20/02/2025,90197,grain,Gram Yellow,ચણા પીળા,1850,945,1088
20/02/2025,90198,grain,Gram White,ચણા સફેદ,160,1200,2075
20/02/2025,90199,grain,Urad,અડદ,150,1310,1570
20/02/2025,90200,grain,Mung,મગ,160,1090,1900
20/02/2025,90201,grain,Val Deshi,વાલ દેશી,80,880,1310
20/02/2025,90202,grain,Choli,ચોળી,35,1299,1730
20/02/2025,90203,grain,Math,મઠ,45,820,1100
20/02/2025,90204,grain,Peas,વટાણા,75,1200,2150
20/02/2025,90205,grain,Kulthi,કળથી,10,725,725
20/02/2025,90206,grain,Groundnut Seed,સીંગદાણા,10,1314,1368
20/02/2025,90207,grain,Groundnut Big,મગફળી જાડી,0,900,1128
20/02/2025,90208,grain,Groundnut Small,મગફળી જીણી,0,920,1180
20/02/2025,90209,grain,Seasmum,તલી ,300,1982,2100
20/02/2025,90210,grain,Castor seed,એરંડા,250,1200,1236
20/02/2025,90211,grain,Thymol,અજમો,3,1530,1825
20/02/2025,90212,grain,Soyabin,સોયાબીન,250,680,742
20/02/2025,90213,grain,Groundnut-Fada,સીંગફાડા,280,1060,1325
20/02/2025,90214,grain,Sesmum-Black,કાળા તલ ,50,3350,4500
20/02/2025,90215,grain,Garlic,લસણ,750,950,1450
20/02/2025,90216,grain,Corriander,ધાણા,300,1150,1851
20/02/2025,90217,grain,Chillies,મરચા સુકા ,680,900,2150
20/02/2025,90218,grain,Dhani,ધાણી,200,1250,2600
20/02/2025,90219,grain,Variyali,વરીયાળી,40,1220,1600
20/02/2025,90220,grain,Cummin,જીરૂ,720,3460,4130
20/02/2025,90221,grain,Mustard,રાય,400,1050,1337
20/02/2025,90222,grain,Fenugreek,મેથી,40,900,1217
20/02/2025,90223,grain,Asario,અશેરીયો,10,1100,1100
20/02/2025,90224,grain,Mustard seed,રાયડો,500,980,1115
20/02/2025,90225,grain,Guvar Bee,ગુવારનું બી,25,925,970
21/02/2025,90263,grain,Cotton B.T.,કપાસ બી.ટી.,2150,1321,1496
21/02/2025,90264,grain,Wheat Lokvan,ઘઉં લોકવન,120,601,642
21/02/2025,90265,grain,Wheat Tukda,ઘઉં ટુકડા,1200,610,721
21/02/2025,90266,grain,Jowar White,જુવાર સફેદ,160,800,1051
21/02/2025,90267,grain,Tuver,તુવેર,2400,1255,1515
21/02/2025,90268,grain,Gram Yellow,ચણા પીળા,2000,940,1070
21/02/2025,90269,grain,Gram White,ચણા સફેદ,70,1100,2000
21/02/2025,90270,grain,Urad,અડદ,160,1200,1581
21/02/2025,90271,grain,Mung,મગ,220,1020,1770
21/02/2025,90272,grain,Val Deshi,વાલ દેશી,15,700,1103
21/02/2025,90273,grain,Peas,વટાણા,80,1150,2100
21/02/2025,90274,grain,Kulthi,કળથી,30,650,900
21/02/2025,90275,grain,Groundnut Big,મગફળી જાડી,3500,900,1128
21/02/2025,90276,grain,Groundnut Small,મગફળી જીણી,5500,920,1210
21/02/2025,90277,grain,Seasmum,તલી ,300,1854,2291
21/02/2025,90278,grain,Castor seed,એરંડા,200,1200,1236
21/02/2025,90279,grain,Thymol,અજમો,5,1500,2400
21/02/2025,90280,grain,Soyabin,સોયાબીન,250,710,790
21/02/2025,90281,grain,Groundnut-Fada,સીંગફાડા,260,1060,1349
21/02/2025,90282,grain,Sesmum-Black,કાળા તલ ,110,3350,4560
21/02/2025,90283,grain,Garlic,લસણ,770,650,1350
21/02/2025,90284,grain,Corriander,ધાણા,400,1150,2000
21/02/2025,90285,grain,Chillies,મરચા સુકા ,600,800,2150
21/02/2025,90286,grain,Dhani,ધાણી,320,1200,2250
21/02/2025,90287,grain,Variyali,વરીયાળી,40,1260,1423
21/02/2025,90288,grain,Cummin,જીરૂ,1020,3450,4184
21/02/2025,90289,grain,Mustard,રાય,500,1050,1340
21/02/2025,90290,grain,Fenugreek,મેથી,60,900,1140
21/02/2025,90291,grain,kalonji,કલોંજી,5,2600,3355
21/02/2025,90292,grain,Mustard seed,રાયડો,450,950,1110
21/02/2025,90293,grain,Guvar Bee,ગુવારનું બી,4,925,925
22/02/2025,90331,grain,Cotton B.T.,કપાસ બી.ટી.,2400,1310,1507
22/02/2025,90332,grain,Wheat Lokvan,ઘઉં લોકવન,150,572,611
22/02/2025,90333,grain,Wheat Tukda,ઘઉં ટુકડા,1350,602,678
22/02/2025,90334,grain,Jowar White,જુવાર સફેદ,350,750,1030
22/02/2025,90335,grain,Jowar Red,જુવાર લાલ,50,900,1000
22/02/2025,90336,grain,Tuver,તુવેર,2500,1150,1487
22/02/2025,90337,grain,Gram Yellow,ચણા પીળા,1970,950,1090
22/02/2025,90338,grain,Gram White,ચણા સફેદ,60,1100,1900
22/02/2025,90339,grain,Urad,અડદ,125,1190,1560
22/02/2025,90340,grain,Mung,મગ,110,1400,1890
22/02/2025,90341,grain,Val Deshi,વાલ દેશી,35,810,1100
22/02/2025,90342,grain,Peas,વટાણા,150,1100,1800
22/02/2025,90343,grain,Kulthi,કળથી,20,650,800
22/02/2025,90344,grain,Groundnut Big,મગફળી જાડી,0,930,1135
22/02/2025,90345,grain,Groundnut Small,મગફળી જીણી,0,950,1230
22/02/2025,90346,grain,Seasmum,તલી ,325,1850,2270
22/02/2025,90347,grain,Sunflower,સુરજમુખી,20,522,522
22/02/2025,90348,grain,Castor seed,એરંડા,175,1200,1236
22/02/2025,90349,grain,Thymol,અજમો,20,1440,2222
22/02/2025,90350,grain,Dil Seed,સુવા,5,1020,1325
22/02/2025,90351,grain,Soyabin,સોયાબીન,200,700,794
22/02/2025,90352,grain,Groundnut-Fada,સીંગફાડા,280,1070,1340
22/02/2025,90353,grain,Sesmum-Black,કાળા તલ ,100,3200,4330
22/02/2025,90354,grain,Garlic,લસણ,750,800,1450
22/02/2025,90355,grain,Corriander,ધાણા,500,1125,1950
22/02/2025,90356,grain,Chillies,મરચા સુકા ,400,850,2215
22/02/2025,90357,grain,Dhani,ધાણી,400,1250,2400
22/02/2025,90358,grain,Variyali,વરીયાળી,10,820,1290
22/02/2025,90359,grain,Cummin,જીરૂ,960,3450,4150
22/02/2025,90360,grain,Mustard,રાય,500,1030,1330
22/02/2025,90361,grain,Fenugreek,મેથી,100,1000,1120
22/02/2025,90362,grain,Mustard seed,રાયડો,400,950,1080
22/02/2025,90363,grain,Guvar Bee,ગુવારનું બી,10,950,980
24/02/2025,90401,grain,Cotton B.T.,કપાસ બી.ટી.,2800,1309,1501
24/02/2025,90402,grain,Wheat Lokvan,ઘઉં લોકવન,400,565,608
24/02/2025,90403,grain,Wheat Tukda,ઘઉં ટુકડા,3100,601,646
24/02/2025,90404,grain,Jowar White,જુવાર સફેદ,500,750,1000
24/02/2025,90405,grain,Jowar Red,જુવાર લાલ,25,1000,1100
24/02/2025,90406,grain,Jowar Yellow,જુવાર પીળી ,10,450,550
24/02/2025,90407,grain,Bajri,બાજરી,15,380,580
24/02/2025,90408,grain,Tuver,તુવેર,2800,1250,1510
24/02/2025,90409,grain,Gram Yellow,ચણા પીળા,3500,950,1070
24/02/2025,90410,grain,Gram White,ચણા સફેદ,200,1250,1850
24/02/2025,90411,grain,Urad,અડદ,200,1300,1640
24/02/2025,90412,grain,Mung,મગ,190,1250,1860
24/02/2025,90413,grain,Val Deshi,વાલ દેશી,275,860,1196
24/02/2025,90414,grain,Choli,ચોળી,30,1175,2370
24/02/2025,90415,grain,Peas,વટાણા,800,1100,1750
24/02/2025,90416,grain,Kulthi,કળથી,8,625,725
24/02/2025,90417,grain,Groundnut Big,મગફળી જાડી,3720,950,1132
24/02/2025,90418,grain,Groundnut Small,મગફળી જીણી,5580,970,1190
24/02/2025,90419,grain,Seasmum,તલી ,250,1790,2121
24/02/2025,90420,grain,Castor seed,એરંડા,150,1206,1240
24/02/2025,90421,grain,Thymol,અજમો,10,1130,1300
24/02/2025,90422,grain,Soyabin,સોયાબીન,300,715,805
24/02/2025,90423,grain,Groundnut-Fada,સીંગફાડા,840,1060,1325
24/02/2025,90424,grain,Sesmum-Black,કાળા તલ ,105,3200,4250
24/02/2025,90425,grain,Garlic,લસણ,760,850,1410
24/02/2025,90426,grain,Corriander,ધાણા,1200,1250,1951
24/02/2025,90427,grain,Chillies,મરચા સુકા ,680,850,2160
24/02/2025,90428,grain,Dhani,ધાણી,1200,1300,2326
24/02/2025,90429,grain,Variyali,વરીયાળી,60,1220,1500
24/02/2025,90430,grain,Cummin,જીરૂ,1500,3400,4100
24/02/2025,90431,grain,Mustard,રાય,400,1040,1325
24/02/2025,90432,grain,Fenugreek,મેથી,125,950,1250
24/02/2025,90433,grain,Asario,અશેરીયો,7,1200,1200
24/02/2025,90434,grain,Mustard seed,રાયડો,550,950,1095
24/02/2025,90435,grain,Rajkoo Bee,રજકાનું બી ,2,3285,3285
24/02/2025,90436,grain,Guvar Bee,ગુવારનું બી,40,850,960
25/02/2025,90474,grain,Cotton B.T.,કપાસ બી.ટી.,2150,1312,1496
25/02/2025,90475,grain,Wheat Lokvan,ઘઉં લોકવન,250,566,600
25/02/2025,90476,grain,Wheat Tukda,ઘઉં ટુકડા,2300,590,648
25/02/2025,90477,grain,Jowar White,જુવાર સફેદ,120,710,950
25/02/2025,90478,grain,Jowar Red,જુવાર લાલ,20,930,1100
25/02/2025,90479,grain,Jowar Yellow,જુવાર પીળી ,6,400,500
25/02/2025,90480,grain,Bajri,બાજરી,15,440,560
25/02/2025,90481,grain,Tuver,તુવેર,3000,1300,1492
25/02/2025,90482,grain,Gram Yellow,ચણા પીળા,3600,950,1080
25/02/2025,90483,grain,Gram White,ચણા સફેદ,170,1170,1750
25/02/2025,90484,grain,Urad,અડદ,130,1340,1624
25/02/2025,90485,grain,Mung,મગ,230,1310,1760
25/02/2025,90486,grain,Val Deshi,વાલ દેશી,300,800,1200
25/02/2025,90487,grain,Choli,ચોળી,30,1231,2030
25/02/2025,90488,grain,Peas,વટાણા,900,1050,1495
25/02/2025,90489,grain,Kulthi,કળથી,61,677,725
25/02/2025,90490,grain,Groundnut Big,મગફળી જાડી,0,920,1131
25/02/2025,90491,grain,Groundnut Small,મગફળી જીણી,0,940,1230
25/02/2025,90492,grain,Seasmum,તલી ,150,1550,2145
25/02/2025,90493,grain,Castor seed,એરંડા,250,1204,1238
25/02/2025,90494,grain,Soyabin,સોયાબીન,150,715,800
25/02/2025,90495,grain,Groundnut-Fada,સીંગફાડા,280,1050,1330
25/02/2025,90496,grain,Sesmum-Black,કાળા તલ ,90,3694,5045
25/02/2025,90497,grain,Garlic,લસણ,730,850,1420
25/02/2025,90498,grain,Corriander,ધાણા,1500,1130,1875
25/02/2025,90499,grain,Chillies,મરચા સુકા ,720,800,2200
25/02/2025,90500,grain,Dhani,ધાણી,1280,1150,2210
25/02/2025,90501,grain,Variyali,વરીયાળી,80,1197,1450
25/02/2025,90502,grain,Cummin,જીરૂ,1550,3400,4031
25/02/2025,90503,grain,Mustard,રાય,700,1040,1290
25/02/2025,90504,grain,Fenugreek,મેથી,50,880,1165
25/02/2025,90505,grain,Asario,અશેરીયો,45,1175,1325
25/02/2025,90506,grain,Mustard seed,રાયડો,250,920,1080
27/02/2025,90510,grain,Cotton B.T.,કપાસ બી.ટી.,3200,1321,1506
27/02/2025,90511,grain,Wheat Lokvan,ઘઉં લોકવન,550,545,594
27/02/2025,90512,grain,Wheat Tukda,ઘઉં ટુકડા,4700,580,636
27/02/2025,90513,grain,Jowar White,જુવાર સફેદ,600,700,1000
27/02/2025,90514,grain,Jowar Yellow,જુવાર પીળી ,40,330,480
27/02/2025,90515,grain,Bajri,બાજરી,15,450,570
27/02/2025,90516,grain,Tuver,તુવેર,3500,1290,1500
27/02/2025,90517,grain,Gram Yellow,ચણા પીળા,6000,900,1050
27/02/2025,90518,grain,Gram White,ચણા સફેદ,200,1100,1980
27/02/2025,90519,grain,Urad,અડદ,130,1340,1650
27/02/2025,90520,grain,Mung,મગ,180,1340,1725
27/02/2025,90521,grain,Val Deshi,વાલ દેશી,100,700,1075
27/02/2025,90522,grain,Choli,ચોળી,27,1200,2450
27/02/2025,90523,grain,Peas,વટાણા,1300,1050,1500
27/02/2025,90524,grain,Kulthi,કળથી,9,689,689
27/02/2025,90525,grain,Groundnut Big,મગફળી જાડી,3440,900,1130
27/02/2025,90526,grain,Groundnut Small,મગફળી જીણી,4860,930,1240
27/02/2025,90527,grain,Seasmum,તલી ,200,1700,2290
27/02/2025,90528,grain,Castor seed,એરંડા,300,1202,1240
27/02/2025,90529,grain,Dil Seed,સુવા,7,1170,1170
27/02/2025,90530,grain,Soyabin,સોયાબીન,400,720,817
27/02/2025,90531,grain,Groundnut-Fada,સીંગફાડા,1400,1040,1310
27/02/2025,90532,grain,Sesmum-Black,કાળા તલ ,170,3601,5074
27/02/2025,90533,grain,Garlic,લસણ,700,750,1500
27/02/2025,90534,grain,Corriander,ધાણા,2300,1140,1860
27/02/2025,90535,grain,Chillies,મરચા સુકા ,0,950,2300
27/02/2025,90536,grain,Dhani,ધાણી,1800,1180,2221
27/02/2025,90537,grain,Variyali,વરીયાળી,30,1160,1270
27/02/2025,90538,grain,Cummin,જીરૂ,2400,3450,4115
27/02/2025,90539,grain,Mustard,રાય,800,1030,1323
27/02/2025,90540,grain,Fenugreek,મેથી,200,950,1232
27/02/2025,90541,grain,Asario,અશેરીયો,25,950,1206
27/02/2025,90542,grain,Mustard seed,રાયડો,400,950,1085
28/02/2025,90579,grain,Cotton B.T.,કપાસ બી.ટી.,3000,1321,1497
28/02/2025,90580,grain,Wheat Lokvan,ઘઉં લોકવન,250,515,540
28/02/2025,90581,grain,Wheat Tukda,ઘઉં ટુકડા,3250,490,603
28/02/2025,90582,grain,Jowar White,જુવાર સફેદ,520,650,936
28/02/2025,90583,grain,Bajri,બાજરી,75,370,540
28/02/2025,90584,grain,Tuver,તુવેર,3000,1330,1470
28/02/2025,90585,grain,Gram Yellow,ચણા પીળા,4500,980,1045
28/02/2025,90586,grain,Gram White,ચણા સફેદ,400,1200,1950
28/02/2025,90587,grain,Urad,અડદ,100,1250,1490
28/02/2025,90588,grain,Mung,મગ,130,1350,1680
28/02/2025,90589,grain,Val Deshi,વાલ દેશી,70,700,1170
28/02/2025,90590,grain,Choli,ચોળી,17,1760,2476
28/02/2025,90591,grain,Peas,વટાણા,1375,1090,1525
28/02/2025,90592,grain,Kulthi,કળથી,5,720,720
28/02/2025,90593,grain,Groundnut Big,મગફળી જાડી,0,920,1127
28/02/2025,90594,grain,Groundnut Small,મગફળી જીણી,0,940,1260
28/02/2025,90595,grain,Seasmum,તલી ,220,1780,2225
28/02/2025,90596,grain,Castor seed,એરંડા,200,1200,1240
28/02/2025,90597,grain,Dil Seed,સુવા,5,700,1150
28/02/2025,90598,grain,Soyabin,સોયાબીન,250,763,794
28/02/2025,90599,grain,Groundnut-Fada,સીંગફાડા,980,1050,1330
28/02/2025,90600,grain,Sesmum-Black,કાળા તલ ,90,3600,5191
28/02/2025,90601,grain,Garlic,લસણ,450,800,1500
28/02/2025,90602,grain,Corriander,ધાણા,1800,1140,1980
28/02/2025,90603,grain,Chillies,મરચા સુકા ,0,970,2500
28/02/2025,90604,grain,Dhani,ધાણી,2220,1170,2280
28/02/2025,90605,grain,Variyali,વરીયાળી,10,1050,1470
28/02/2025,90606,grain,Cummin,જીરૂ,1600,3550,4200
28/02/2025,90607,grain,Mustard,રાય,900,1020,1315
28/02/2025,90608,grain,Fenugreek,મેથી,225,980,1288
28/02/2025,90609,grain,Asario,અશેરીયો,17,1050,1150
28/02/2025,90610,grain,kalonji,કલોંજી,30,3351,3351
28/02/2025,90611,grain,Mustard seed,રાયડો,400,950,1080
28/02/2025,90612,grain,Guvar Bee,ગુવારનું બી,10,870,870
01/03/2025,90649,grain,Cotton B.T.,કપાસ બી.ટી.,2100,1250,1484
01/03/2025,90650,grain,Wheat Lokvan,ઘઉં લોકવન,600,517,554
01/03/2025,90651,grain,Wheat Tukda,ઘઉં ટુકડા,3450,550,594
01/03/2025,90652,grain,Jowar White,જુવાર સફેદ,520,700,970
01/03/2025,90653,grain,Jowar Red,જુવાર લાલ,10,1000,1150
01/03/2025,90654,grain,Bajri,બાજરી,17,400,468
01/03/2025,90655,grain,Tuver,તુવેર,3150,1321,1480
01/03/2025,90656,grain,Gram Yellow,ચણા પીળા,5400,950,1060
01/03/2025,90657,grain,Gram White,ચણા સફેદ,400,1100,1850
01/03/2025,90658,grain,Urad,અડદ,110,1250,1510
01/03/2025,90659,grain,Mung,મગ,210,1310,1800
01/03/2025,90660,grain,Val Deshi,વાલ દેશી,50,700,1205
01/03/2025,90661,grain,Choli,ચોળી,20,1145,2090
01/03/2025,90662,grain,Peas,વટાણા,800,1250,1615
01/03/2025,90663,grain,Groundnut Big,મગફળી જાડી,0,920,1125
01/03/2025,90664,grain,Groundnut Small,મગફળી જીણી,0,960,1200
01/03/2025,90665,grain,Seasmum,તલી ,240,1800,2400
01/03/2025,90666,grain,Castor seed,એરંડા,350,1205,1233
01/03/2025,90667,grain,Soyabin,સોયાબીન,175,741,789
01/03/2025,90668,grain,Groundnut-Fada,સીંગફાડા,840,1070,1330
01/03/2025,90669,grain,Sesmum-Black,કાળા તલ ,100,3700,5321
01/03/2025,90670,grain,Garlic,લસણ,550,850,1520
01/03/2025,90671,grain,Corriander,ધાણા,2300,1150,1940
01/03/2025,90672,grain,Chillies,મરચા સુકા ,0,950,2500
01/03/2025,90673,grain,Dhani,ધાણી,2800,1180,2411
01/03/2025,90674,grain,Variyali,વરીયાળી,30,1350,1515
01/03/2025,90675,grain,Cummin,જીરૂ,3000,3575,4250
01/03/2025,90676,grain,Mustard,રાય,900,1005,1300
01/03/2025,90677,grain,Fenugreek,મેથી,400,950,1370
01/03/2025,90678,grain,Mustard seed,રાયડો,700,950,1060
03/03/2025,90715,grain,Cotton B.T.,કપાસ બી.ટી.,2800,1350,1470
03/03/2025,90716,grain,Wheat Lokvan,ઘઉં લોકવન,900,505,545
03/03/2025,90717,grain,Wheat Tukda,ઘઉં ટુકડા,5500,497,574
03/03/2025,90718,grain,Jowar White,જુવાર સફેદ,750,750,950
03/03/2025,90719,grain,Jowar Yellow,જુવાર પીળી ,10,350,450
03/03/2025,90720,grain,Tuver,તુવેર,1800,1000,1491
03/03/2025,90721,grain,Gram Yellow,ચણા પીળા,5200,950,1060
03/03/2025,90722,grain,Gram White,ચણા સફેદ,400,1100,2050
03/03/2025,90723,grain,Urad,અડદ,125,1221,1588
03/03/2025,90724,grain,Mung,મગ,250,1300,1801
03/03/2025,90725,grain,Val Deshi,વાલ દેશી,170,800,1200
03/03/2025,90726,grain,Peas,વટાણા,1175,1225,1640
03/03/2025,90727,grain,Kulthi,કળથી,8,651,651
03/03/2025,90728,grain,Groundnut Big,મગફળી જાડી,4080,920,1120
03/03/2025,90729,grain,Groundnut Small,મગફળી જીણી,6120,930,1220
03/03/2025,90730,grain,Seasmum,તલી ,320,1700,2255
03/03/2025,90731,grain,Castor seed,એરંડા,440,1210,1234
03/03/2025,90732,grain,Soyabin,સોયાબીન,300,712,794
03/03/2025,90733,grain,Groundnut-Fada,સીંગફાડા,560,1000,1320
03/03/2025,90734,grain,Sesmum-Black,કાળા તલ ,220,3667,5200
03/03/2025,90735,grain,Garlic,લસણ,750,800,1400
03/03/2025,90736,grain,Corriander,ધાણા,3000,1150,1911
03/03/2025,90737,grain,Chillies,મરચા સુકા ,0,700,2000
03/03/2025,90738,grain,Dhani,ધાણી,4000,1210,2410
03/03/2025,90739,grain,Variyali,વરીયાળી,80,1240,1517
03/03/2025,90740,grain,Cummin,જીરૂ,4200,3600,4160
03/03/2025,90741,grain,Mustard,રાય,900,1030,1270
03/03/2025,90742,grain,Fenugreek,મેથી,650,950,1358
03/03/2025,90743,grain,Asario,અશેરીયો,25,1311,1311
03/03/2025,90744,grain,Mustard seed,રાયડો,800,950,1060
04/03/2025,90781,grain,Cotton B.T.,કપાસ બી.ટી.,2800,1350,1480
04/03/2025,90782,grain,Wheat Lokvan,ઘઉં લોકવન,800,504,544
04/03/2025,90783,grain,Wheat Tukda,ઘઉં ટુકડા,4400,498,574
04/03/2025,90784,grain,Jowar White,જુવાર સફેદ,150,700,990
04/03/2025,90785,grain,Jowar Red,જુવાર લાલ,5,1050,1150
04/03/2025,90786,grain,Jowar Yellow,જુવાર પીળી ,3,400,500
04/03/2025,90787,grain,Tuver,તુવેર,2000,1120,1490
04/03/2025,90788,grain,Gram Yellow,ચણા પીળા,3000,980,1060
04/03/2025,90789,grain,Gram White,ચણા સફેદ,600,1400,2070
04/03/2025,90790,grain,Urad,અડદ,200,1230,1540
04/03/2025,90791,grain,Mung,મગ,50,1050,1785
04/03/2025,90792,grain,Val Deshi,વાલ દેશી,45,800,1262
04/03/2025,90793,grain,Choli,ચોળી,15,1275,2210
04/03/2025,90794,grain,Peas,વટાણા,1200,1220,1755
04/03/2025,90795,grain,Kulthi,કળથી,25,450,650
04/03/2025,90796,grain,Groundnut Big,મગફળી જાડી,0,900,1110
04/03/2025,90797,grain,Groundnut Small,મગફળી જીણી,0,920,1180
04/03/2025,90798,grain,Seasmum,તલી ,400,1700,2150
04/03/2025,90799,grain,Castor seed,એરંડા,250,1170,1232
04/03/2025,90800,grain,Thymol,અજમો,10,2410,2410
04/03/2025,90801,grain,Soyabin,સોયાબીન,200,715,766
04/03/2025,90802,grain,Groundnut-Fada,સીંગફાડા,560,1050,1310
04/03/2025,90803,grain,Sesmum-Black,કાળા તલ ,250,3700,5500
04/03/2025,90804,grain,Garlic,લસણ,680,750,1480
04/03/2025,90805,grain,Corriander,ધાણા,0,1160,1940
04/03/2025,90806,grain,Chillies,મરચા સુકા ,3600,700,1900
04/03/2025,90807,grain,Dhani,ધાણી,0,1220,2111
04/03/2025,90808,grain,Variyali,વરીયાળી,30,1140,1415
04/03/2025,90809,grain,Cummin,જીરૂ,4400,3650,4150
04/03/2025,90810,grain,Mustard,રાય,400,1020,1264
04/03/2025,90811,grain,Fenugreek,મેથી,450,1030,1440
04/03/2025,90812,grain,Asario,અશેરીયો,15,1100,1300
04/03/2025,90813,grain,Mustard seed,રાયડો,400,950,1055
05/03/2025,90850,grain,Cotton B.T.,કપાસ બી.ટી.,2450,1350,1450
05/03/2025,90851,grain,Wheat Lokvan,ઘઉં લોકવન,1000,505,544
05/03/2025,90852,grain,Wheat Tukda,ઘઉં ટુકડા,4400,495,580
05/03/2025,90853,grain,Jowar White,જુવાર સફેદ,625,730,1000
05/03/2025,90854,grain,Bajri,બાજરી,20,385,385
05/03/2025,90855,grain,Tuver,તુવેર,2250,1150,1454
05/03/2025,90856,grain,Gram Yellow,ચણા પીળા,6000,980,1070
05/03/2025,90857,grain,Gram White,ચણા સફેદ,1000,1300,1950
05/03/2025,90858,grain,Urad,અડદ,200,1000,1596
05/03/2025,90859,grain,Mung,મગ,150,1100,1761
05/03/2025,90860,grain,Val Deshi,વાલ દેશી,90,750,1195
05/03/2025,90861,grain,Choli,ચોળી,20,1175,2150
05/03/2025,90862,grain,Peas,વટાણા,1350,1230,1850
05/03/2025,90863,grain,Groundnut Big,મગફળી જાડી,0,880,1100
05/03/2025,90864,grain,Groundnut Small,મગફળી જીણી,0,900,1170
05/03/2025,90865,grain,Seasmum,તલી ,350,1670,2130
05/03/2025,90866,grain,Castor seed,એરંડા,300,1180,1233
05/03/2025,90867,grain,Soyabin,સોયાબીન,250,700,781
05/03/2025,90868,grain,Groundnut-Fada,સીંગફાડા,420,1040,1320
05/03/2025,90869,grain,Sesmum-Black,કાળા તલ ,105,3945,5344
05/03/2025,90870,grain,Garlic,લસણ,350,750,1500
05/03/2025,90871,grain,Corriander,ધાણા,4100,1160,1850
05/03/2025,90872,grain,Chillies,મરચા સુકા ,0,850,2100
05/03/2025,90873,grain,Dhani,ધાણી,5200,1220,2311
05/03/2025,90874,grain,Variyali,વરીયાળી,70,1220,1460
05/03/2025,90875,grain,Cummin,જીરૂ,5250,3625,4050
05/03/2025,90876,grain,Mustard,રાય,450,1010,1295
05/03/2025,90877,grain,Fenugreek,મેથી,850,950,1460
05/03/2025,90878,grain,Mustard seed,રાયડો,500,950,1060
06/03/2025,90915,grain,Cotton B.T.,કપાસ બી.ટી.,2100,1350,1450
06/03/2025,90916,grain,Wheat Lokvan,ઘઉં લોકવન,900,503,543
06/03/2025,90917,grain,Wheat Tukda,ઘઉં ટુકડા,5600,498,580
06/03/2025,90918,grain,Jowar White,જુવાર સફેદ,550,750,931
06/03/2025,90919,grain,Tuver,તુવેર,2300,1175,1491
06/03/2025,90920,grain,Gram Yellow,ચણા પીળા,6500,1010,1068
06/03/2025,90921,grain,Gram White,ચણા સફેદ,1500,1300,1980
06/03/2025,90922,grain,Urad,અડદ,220,1150,1650
06/03/2025,90923,grain,Mung,મગ,200,1120,1880
06/03/2025,90924,grain,Val Deshi,વાલ દેશી,40,760,1100
06/03/2025,90925,grain,Choli,ચોળી,15,900,1401
06/03/2025,90926,grain,Peas,વટાણા,1300,1085,1870
06/03/2025,90927,grain,Kulthi,કળથી,14,686,686
06/03/2025,90928,grain,Groundnut Big,મગફળી જાડી,4440,930,1100
06/03/2025,90929,grain,Groundnut Small,મગફળી જીણી,6660,950,1225
06/03/2025,90930,grain,Seasmum,તલી ,510,1700,2060
06/03/2025,90931,grain,Sunflower,સુરજમુખી,9,1300,1300
06/03/2025,90932,grain,Castor seed,એરંડા,350,1201,1238
06/03/2025,90933,grain,Thymol,અજમો,5,1600,2210
06/03/2025,90934,grain,Soyabin,સોયાબીન,300,720,782
06/03/2025,90935,grain,Groundnut-Fada,સીંગફાડા,280,1045,1315
06/03/2025,90936,grain,Sesmum-Black,કાળા તલ ,110,3700,5656
06/03/2025,90937,grain,Garlic,લસણ,850,950,1450
06/03/2025,90938,grain,Corriander,ધાણા,0,1150,1880
06/03/2025,90939,grain,Chillies,મરચા સુકા ,0,850,2050
06/03/2025,90940,grain,Dhani,ધાણી,0,1220,2270
06/03/2025,90941,grain,Variyali,વરીયાળી,90,1210,1492
06/03/2025,90942,grain,Cummin,જીરૂ,6000,3625,4000
06/03/2025,90943,grain,Mustard,રાય,500,1020,1280
06/03/2025,90944,grain,Fenugreek,મેથી,1000,1005,1515
06/03/2025,90945,grain,kalonji,કલોંજી,36,3431,3489
06/03/2025,90946,grain,Mustard seed,રાયડો,550,960,1060
07/03/2025,90983,grain,Cotton B.T.,કપાસ બી.ટી.,2000,1350,1467
07/03/2025,90984,grain,Wheat Lokvan,ઘઉં લોકવન,1700,501,540
07/03/2025,90985,grain,Wheat Tukda,ઘઉં ટુકડા,8300,496,591
07/03/2025,90986,grain,Jowar White,જુવાર સફેદ,1060,740,1080
07/03/2025,90987,grain,Jowar Red,જુવાર લાલ,10,950,1050
07/03/2025,90988,grain,Tuver,તુવેર,1500,1150,1468
07/03/2025,90989,grain,Gram Yellow,ચણા પીળા,5000,1012,1077
07/03/2025,90990,grain,Gram White,ચણા સફેદ,1000,1325,2021
07/03/2025,90991,grain,Urad,અડદ,200,1184,1580
07/03/2025,90992,grain,Mung,મગ,20,1100,1825
07/03/2025,90993,grain,Val Deshi,વાલ દેશી,75,700,1302
07/03/2025,90994,grain,Choli,ચોળી,8,1042,1818
07/03/2025,90995,grain,Peas,વટાણા,1600,1195,1800
07/03/2025,90996,grain,Groundnut Big,મગફળી જાડી,0,930,1100
07/03/2025,90997,grain,Groundnut Small,મગફળી જીણી,0,950,1220
07/03/2025,90998,grain,Seasmum,તલી ,225,1551,2031
07/03/2025,90999,grain,Castor seed,એરંડા,350,1212,1245
07/03/2025,91000,grain,Soyabin,સોયાબીન,290,711,771
07/03/2025,91001,grain,Groundnut-Fada,સીંગફાડા,560,1060,1325
07/03/2025,91002,grain,Sesmum-Black,કાળા તલ ,100,3500,5360
07/03/2025,91003,grain,Garlic,લસણ,550,1050,1500
07/03/2025,91004,grain,Corriander,ધાણા,8500,1150,1921
07/03/2025,91005,grain,Chillies,મરચા સુકા ,0,800,2180
07/03/2025,91006,grain,Dhani,ધાણી,8700,1220,2340
07/03/2025,91007,grain,Variyali,વરીયાળી,110,1191,1470
07/03/2025,91008,grain,Cummin,જીરૂ,0,3600,3980
07/03/2025,91009,grain,Mustard,રાય,550,1030,1270
07/03/2025,91010,grain,Fenugreek,મેથી,1550,950,1350
07/03/2025,91011,grain,Asario,અશેરીયો,25,1250,1350
07/03/2025,91012,grain,Mustard seed,રાયડો,500,940,1050
07/03/2025,91013,grain,Guvar Bee,ગુવારનું બી,30,905,905
08/03/2025,91050,grain,Cotton B.T.,કપાસ બી.ટી.,1850,1300,1470
08/03/2025,91051,grain,Wheat Lokvan,ઘઉં લોકવન,2500,497,540
08/03/2025,91052,grain,Wheat Tukda,ઘઉં ટુકડા,8500,502,596
08/03/2025,91053,grain,Jowar White,જુવાર સફેદ,550,750,900
08/03/2025,91054,grain,Tuver,તુવેર,1400,1150,1481
08/03/2025,91055,grain,Gram Yellow,ચણા પીળા,0,950,1070
08/03/2025,91056,grain,Gram White,ચણા સફેદ,0,1200,2050
08/03/2025,91057,grain,Urad,અડદ,190,1175,1565
08/03/2025,91058,grain,Mung,મગ,80,1000,1830
08/03/2025,91059,grain,Val Deshi,વાલ દેશી,130,915,1240
08/03/2025,91060,grain,Choli,ચોળી,4,1215,1875
08/03/2025,91061,grain,Peas,વટાણા,2000,1270,1900
08/03/2025,91062,grain,Kulthi,કળથી,6,692,692
08/03/2025,91063,grain,Groundnut Big,મગફળી જાડી,0,930,1100
08/03/2025,91064,grain,Groundnut Small,મગફળી જીણી,0,940,1230
08/03/2025,91065,grain,Seasmum,તલી ,130,1500,2000
08/03/2025,91066,grain,Castor seed,એરંડા,550,1200,1249
08/03/2025,91067,grain,Thymol,અજમો,10,2160,2160
08/03/2025,91068,grain,Soyabin,સોયાબીન,350,712,788
08/03/2025,91069,grain,Groundnut-Fada,સીંગફાડા,280,1050,1310
08/03/2025,91070,grain,Sesmum-Black,કાળા તલ ,110,3000,5363
08/03/2025,91071,grain,Garlic,લસણ,1200,850,1350
08/03/2025,91072,grain,Corriander,ધાણા,0,1150,1891
08/03/2025,91073,grain,Chillies,મરચા સુકા ,0,850,2000
08/03/2025,91074,grain,Dhani,ધાણી,0,1210,2351
08/03/2025,91075,grain,Variyali,વરીયાળી,25,1230,1490
08/03/2025,91076,grain,Cummin,જીરૂ,10500,3550,3920
08/03/2025,91077,grain,Mustard,રાય,600,1030,1231
08/03/2025,91078,grain,Fenugreek,મેથી,1350,950,1400
08/03/2025,91079,grain,Mustard seed,રાયડો,550,960,1045
08/03/2025,91080,grain,Guvar Bee,ગુવારનું બી,50,840,840
10/03/2025,91117,grain,Cotton B.T.,કપાસ બી.ટી.,1800,1350,1480
10/03/2025,91118,grain,Wheat Lokvan,ઘઉં લોકવન,500,498,532
10/03/2025,91119,grain,Wheat Tukda,ઘઉં ટુકડા,13500,490,560
10/03/2025,91120,grain,Jowar White,જુવાર સફેદ,550,750,900
10/03/2025,91121,grain,Tuver,તુવેર,1800,1175,1480
10/03/2025,91122,grain,Gram Yellow,ચણા પીળા,10000,1000,1054
10/03/2025,91123,grain,Gram White,ચણા સફેદ,6000,1310,2005
10/03/2025,91124,grain,Urad,અડદ,150,1151,1575
10/03/2025,91125,grain,Mung,મગ,140,1100,1800
10/03/2025,91126,grain,Val Deshi,વાલ દેશી,200,1060,1332
10/03/2025,91127,grain,Choli,ચોળી,5,1200,1900
10/03/2025,91128,grain,Peas,વટાણા,3000,1000,1840
10/03/2025,91129,grain,Groundnut Big,મગફળી જાડી,4320,900,1100
10/03/2025,91130,grain,Groundnut Small,મગફળી જીણી,6480,920,1240
10/03/2025,91131,grain,Seasmum,તલી ,320,1500,2050
10/03/2025,91132,grain,Castor seed,એરંડા,575,1210,1243
10/03/2025,91133,grain,Dil Seed,સુવા,2,1000,1000
10/03/2025,91134,grain,Soyabin,સોયાબીન,300,650,786
10/03/2025,91135,grain,Groundnut-Fada,સીંગફાડા,420,1040,1320
10/03/2025,91136,grain,Sesmum-Black,કાળા તલ ,100,3200,5330
10/03/2025,91137,grain,Garlic,લસણ,190,900,1450
10/03/2025,91138,grain,Corriander,ધાણા,0,1050,1730
10/03/2025,91139,grain,Chillies,મરચા સુકા ,0,900,2000
10/03/2025,91140,grain,Dhani,ધાણી,0,1150,1852
10/03/2025,91141,grain,Variyali,વરીયાળી,60,1250,1795
10/03/2025,91142,grain,Cummin,જીરૂ,0,3550,3915
10/03/2025,91143,grain,Mustard,રાય,650,1010,1270
10/03/2025,91144,grain,Fenugreek,મેથી,2200,850,1300
10/03/2025,91145,grain,Asario,અશેરીયો,100,1275,1325
10/03/2025,91146,grain,Mustard seed,રાયડો,450,950,1055
10/03/2025,91147,grain,Guvar Bee,ગુવારનું બી,150,841,841
11/03/2025,91184,grain,Cotton B.T.,કપાસ બી.ટી.,1400,1360,1480
11/03/2025,91185,grain,Wheat Lokvan,ઘઉં લોકવન,900,497,521
11/03/2025,91186,grain,Wheat Tukda,ઘઉં ટુકડા,12100,491,550
11/03/2025,91187,grain,Jowar White,જુવાર સફેદ,625,700,1071
11/03/2025,91188,grain,Bajri,બાજરી,10,395,620
11/03/2025,91189,grain,Tuver,તુવેર,1700,1175,1475
11/03/2025,91190,grain,Gram Yellow,ચણા પીળા,0,1010,1058
11/03/2025,91191,grain,Gram White,ચણા સફેદ,0,1325,1990
11/03/2025,91192,grain,Urad,અડદ,320,1150,1558
11/03/2025,91193,grain,Mung,મગ,80,1250,1950
11/03/2025,91194,grain,Val Deshi,વાલ દેશી,325,1035,1356
11/03/2025,91195,grain,Choli,ચોળી,5,1191,2025
11/03/2025,91196,grain,Peas,વટાણા,3200,1000,1640
11/03/2025,91197,grain,Kulthi,કળથી,20,575,650
11/03/2025,91198,grain,Groundnut Big,મગફળી જાડી,0,920,1105
11/03/2025,91199,grain,Groundnut Small,મગફળી જીણી,0,940,1170
11/03/2025,91200,grain,Seasmum,તલી ,240,1500,2050
11/03/2025,91201,grain,Castor seed,એરંડા,525,1195,1230
11/03/2025,91202,grain,Soyabin,સોયાબીન,310,705,780
11/03/2025,91203,grain,Groundnut-Fada,સીંગફાડા,280,1060,1330
11/03/2025,91204,grain,Sesmum-Black,કાળા તલ ,50,3700,5145
11/03/2025,91205,grain,Garlic,લસણ,660,905,1420
11/03/2025,91206,grain,Corriander,ધાણા,13000,1250,1900
11/03/2025,91207,grain,Chillies,મરચા સુકા ,0,600,2000
11/03/2025,91208,grain,Dhani,ધાણી,13000,1650,2500
11/03/2025,91209,grain,Variyali,વરીયાળી,70,1200,1540
11/03/2025,91210,grain,Cummin,જીરૂ,13200,3500,3901
11/03/2025,91211,grain,Mustard,રાય,500,1000,1290
11/03/2025,91212,grain,Fenugreek,મેથી,1800,830,1270
11/03/2025,91213,grain,Asario,અશેરીયો,40,1275,1325
11/03/2025,91214,grain,kalonji,કલોંજી,13,3371,3451
11/03/2025,91215,grain,Mustard seed,રાયડો,400,980,1055
11/03/2025,91216,grain,Guvar Bee,ગુવારનું બી,0,940,940
12/03/2025,91253,grain,Cotton B.T.,કપાસ બી.ટી.,1600,1340,1480
12/03/2025,91254,grain,Wheat Lokvan,ઘઉં લોકવન,1000,492,522
12/03/2025,91255,grain,Wheat Tukda,ઘઉં ટુકડા,16000,488,540
12/03/2025,91256,grain,Jowar White,જુવાર સફેદ,750,711,1000
12/03/2025,91257,grain,Tuver,તુવેર,1500,1120,1436
12/03/2025,91258,grain,Gram Yellow,ચણા પીળા,0,1000,1047
12/03/2025,91259,grain,Gram White,ચણા સફેદ,0,1300,1900
12/03/2025,91260,grain,Urad,અડદ,100,1150,1600
12/03/2025,91261,grain,Mung,મગ,90,1380,1894
12/03/2025,91262,grain,Val Deshi,વાલ દેશી,180,1050,1400
12/03/2025,91263,grain,Peas,વટાણા,3300,1100,1750
12/03/2025,91264,grain,Kulthi,કળથી,25,650,750
12/03/2025,91265,grain,Groundnut Seed,સીંગદાણા,50,1330,1394
12/03/2025,91266,grain,Groundnut Big,મગફળી જાડી,0,920,1105
12/03/2025,91267,grain,Groundnut Small,મગફળી જીણી,0,940,1220
12/03/2025,91268,grain,Seasmum,તલી ,160,1700,2000
12/03/2025,91269,grain,Castor seed,એરંડા,375,1188,1227
12/03/2025,91270,grain,Dil Seed,સુવા,20,800,1222
12/03/2025,91271,grain,Soyabin,સોયાબીન,220,735,767
12/03/2025,91272,grain,Groundnut-Fada,સીંગફાડા,420,1050,1320
12/03/2025,91273,grain,Sesmum-Black,કાળા તલ ,50,3500,5299
12/03/2025,91274,grain,Garlic,લસણ,240,900,1200
12/03/2025,91275,grain,Corriander,ધાણા,0,1210,1780
12/03/2025,91276,grain,Chillies,મરચા સુકા ,0,750,1900
12/03/2025,91277,grain,Dhani,ધાણી,0,1260,2250
12/03/2025,91278,grain,Variyali,વરીયાળી,90,1200,1461
12/03/2025,91279,grain,Cummin,જીરૂ,0,3500,4000
12/03/2025,91280,grain,Mustard,રાય,650,1020,1290
12/03/2025,91281,grain,Fenugreek,મેથી,2700,850,1320
12/03/2025,91282,grain,Asario,અશેરીયો,62,1275,1350
12/03/2025,91283,grain,kalonji,કલોંજી,17,3085,3085
12/03/2025,91284,grain,Mustard seed,રાયડો,550,950,1050
13/03/2025,91321,grain,Cotton B.T.,કપાસ બી.ટી.,800,1330,1489
13/03/2025,91322,grain,Wheat Lokvan,ઘઉં લોકવન,0,486,520
13/03/2025,91323,grain,Wheat Tukda,ઘઉં ટુકડા,0,482,538
13/03/2025,91324,grain,Jowar White,જુવાર સફેદ,400,750,951
13/03/2025,91325,grain,Tuver,તુવેર,1350,1125,1440
13/03/2025,91326,grain,Gram Yellow,ચણા પીળા,0,990,1047
13/03/2025,91327,grain,Gram White,ચણા સફેદ,0,1310,1990
13/03/2025,91328,grain,Urad,અડદ,170,1125,1575
13/03/2025,91329,grain,Mung,મગ,80,1336,1825
13/03/2025,91330,grain,Val Deshi,વાલ દેશી,65,1000,1361
13/03/2025,91331,grain,Peas,વટાણા,2000,1000,1720
13/03/2025,91332,grain,Groundnut Big,મગફળી જાડી,0,921,1101
13/03/2025,91333,grain,Groundnut Small,મગફળી જીણી,0,940,1180
13/03/2025,91334,grain,Seasmum,તલી ,225,1600,1990
13/03/2025,91335,grain,Castor seed,એરંડા,350,127,1236
13/03/2025,91336,grain,Thymol,અજમો,10,2100,2100
13/03/2025,91337,grain,Soyabin,સોયાબીન,125,700,780
13/03/2025,91338,grain,Groundnut-Fada,સીંગફાડા,280,1040,1320
13/03/2025,91339,grain,Sesmum-Black,કાળા તલ ,40,3600,5540
13/03/2025,91340,grain,Garlic,લસણ,580,950,1250
13/03/2025,91341,grain,Corriander,ધાણા,0,1250,1770
13/03/2025,91342,grain,Chillies,મરચા સુકા ,0,700,2000
13/03/2025,91343,grain,Dhani,ધાણી,0,1500,2080
13/03/2025,91344,grain,Variyali,વરીયાળી,75,1250,1560
13/03/2025,91345,grain,Cummin,જીરૂ,0,3480,4020
13/03/2025,91346,grain,Mustard,રાય,250,1020,1250
13/03/2025,91347,grain,Fenugreek,મેથી,0,830,1330
13/03/2025,91348,grain,Asario,અશેરીયો,100,1175,1350
13/03/2025,91349,grain,Mustard seed,રાયડો,250,950,1045
13/03/2025,91350,grain,Guvar Bee,ગુવારનું બી,150,920,960
15/03/2025,91387,grain,Cotton B.T.,કપાસ બી.ટી.,600,1300,1480
15/03/2025,91388,grain,Wheat Lokvan,ઘઉં લોકવન,2500,486,514
15/03/2025,91389,grain,Wheat Tukda,ઘઉં ટુકડા,17500,480,566
15/03/2025,91390,grain,Jowar White,જુવાર સફેદ,300,750,1050
15/03/2025,91391,grain,Bajri,બાજરી,12,390,520
15/03/2025,91392,grain,Tuver,તુવેર,900,1075,1418
15/03/2025,91393,grain,Gram Yellow,ચણા પીળા,12000,900,1020
15/03/2025,91394,grain,Gram White,ચણા સફેદ,8000,1200,1980
15/03/2025,91395,grain,Urad,અડદ,125,1200,1575
15/03/2025,91396,grain,Mung,મગ,90,1521,1878
15/03/2025,91397,grain,Val Deshi,વાલ દેશી,180,900,1360
15/03/2025,91398,grain,Peas,વટાણા,1300,950,1650
15/03/2025,91399,grain,Groundnut Big,મગફળી જાડી,2400,900,1094
15/03/2025,91400,grain,Groundnut Small,મગફળી જીણી,3600,920,1180
15/03/2025,91401,grain,Seasmum,તલી ,200,1450,1920
15/03/2025,91402,grain,Castor seed,એરંડા,250,1191,1221
15/03/2025,91403,grain,Thymol,અજમો,10,2020,2200
15/03/2025,91404,grain,Dil Seed,સુવા,2,1170,1170
15/03/2025,91405,grain,Soyabin,સોયાબીન,300,675,787
15/03/2025,91406,grain,Groundnut-Fada,સીંગફાડા,40,1070,1330
15/03/2025,91407,grain,Sesmum-Black,કાળા તલ ,60,3699,5495
15/03/2025,91408,grain,Garlic,લસણ,200,950,1350
15/03/2025,91409,grain,Corriander,ધાણા,0,1150,1890
15/03/2025,91410,grain,Dhani,ધાણી,0,1200,2100
15/03/2025,91411,grain,Variyali,વરીયાળી,20,1110,1525
15/03/2025,91412,grain,Cummin,જીરૂ,12500,3525,3960
15/03/2025,91413,grain,Mustard,રાય,450,1000,1270
15/03/2025,91414,grain,Fenugreek,મેથી,3500,850,1290
15/03/2025,91415,grain,Asario,અશેરીયો,40,1150,1200
15/03/2025,91416,grain,Mustard seed,રાયડો,270,950,1050
17/03/2025,91452,grain,Cotton B.T.,કપાસ બી.ટી.,2400,1350,1475
17/03/2025,91453,grain,Wheat Lokvan,ઘઉં લોકવન,0,485,515
17/03/2025,91454,grain,Wheat Tukda,ઘઉં ટુકડા,0,482,611
17/03/2025,91455,grain,Jowar White,જુવાર સફેદ,1125,750,930
17/03/2025,91456,grain,Tuver,તુવેર,800,1055,1435
17/03/2025,91457,grain,Gram Yellow,ચણા પીળા,0,900,1040
17/03/2025,91458,grain,Gram White,ચણા સફેદ,0,1300,1990
17/03/2025,91459,grain,Urad,અડદ,120,1221,1641
17/03/2025,91460,grain,Mung,મગ,160,1356,1845
17/03/2025,91461,grain,Val Deshi,વાલ દેશી,225,1000,1361
17/03/2025,91462,grain,Peas,વટાણા,2000,1000,1660
17/03/2025,91463,grain,Groundnut Big,મગફળી જાડી,0,900,1102
17/03/2025,91464,grain,Groundnut Small,મગફળી જીણી,0,930,1220
17/03/2025,91465,grain,Seasmum,તલી ,320,1650,1990
17/03/2025,91466,grain,Castor seed,એરંડા,800,1190,1233
17/03/2025,91467,grain,Dil Seed,સુવા,20,1326,1450
17/03/2025,91468,grain,Soyabin,સોયાબીન,325,699,786
17/03/2025,91469,grain,Groundnut-Fada,સીંગફાડા,280,1050,1320
17/03/2025,91470,grain,Sesmum-Black,કાળા તલ ,120,3754,5499
17/03/2025,91471,grain,Garlic,લસણ,550,750,1210
17/03/2025,91472,grain,Corriander,ધાણા,0,1250,1770
17/03/2025,91473,grain,Chillies,મરચા સુકા ,1600,800,2000
17/03/2025,91474,grain,Dhani,ધાણી,0,1345,2011
17/03/2025,91475,grain,Cummin,જીરૂ,0,3550,4000
17/03/2025,91476,grain,Mustard,રાય,550,1050,1270
17/03/2025,91477,grain,Fenugreek,મેથી,0,960,1300
17/03/2025,91478,grain,Asario,અશેરીયો,15,970,1150
17/03/2025,91479,grain,kalonji,કલોંજી,25,3085,3410
17/03/2025,91480,grain,Mustard seed,રાયડો,650,970,1060
17/03/2025,91481,grain,Guvar Bee,ગુવારનું બી,25,930,950
18/03/2025,91518,grain,Cotton B.T.,કપાસ બી.ટી.,1000,1325,1480
18/03/2025,91519,grain,Wheat Lokvan,ઘઉં લોકવન,4000,482,541
18/03/2025,91520,grain,Wheat Tukda,ઘઉં ટુકડા,26000,483,604
18/03/2025,91521,grain,Jowar White,જુવાર સફેદ,500,803,974
18/03/2025,91522,grain,Tuver,તુવેર,1500,1101,1426
18/03/2025,91523,grain,Gram Yellow,ચણા પીળા,0,920,1062
18/03/2025,91524,grain,Gram White,ચણા સફેદ,0,1200,1850
18/03/2025,91525,grain,Urad,અડદ,35,1220,1526
18/03/2025,91526,grain,Mung,મગ,110,1101,1764
18/03/2025,91527,grain,Val Deshi,વાલ દેશી,240,1100,1350
18/03/2025,91528,grain,Peas,વટાણા,2500,1050,1780
18/03/2025,91529,grain,Groundnut Big,મગફળી જાડી,2040,950,1095
18/03/2025,91530,grain,Groundnut Small,મગફળી જીણી,3060,940,1205
18/03/2025,91531,grain,Seasmum,તલી ,200,1660,2010
18/03/2025,91532,grain,Sunflower,સુરજમુખી,6,1053,1053
18/03/2025,91533,grain,Castor seed,એરંડા,1100,1150,1227
18/03/2025,91534,grain,Thymol,અજમો,10,1425,2600
18/03/2025,91535,grain,Dil Seed,સુવા,3,1250,1250
18/03/2025,91536,grain,Soyabin,સોયાબીન,300,700,781
18/03/2025,91537,grain,Groundnut-Fada,સીંગફાડા,280,1070,1340
18/03/2025,91538,grain,Sesmum-Black,કાળા તલ ,60,3500,5552
18/03/2025,91539,grain,Garlic,લસણ,750,850,1240
18/03/2025,91540,grain,Corriander,ધાણા,26000,1250,1835
18/03/2025,91541,grain,Chillies,મરચા સુકા ,0,800,2150
18/03/2025,91542,grain,Dhani,ધાણી,14000,1650,2600
18/03/2025,91543,grain,Variyali,વરીયાળી,30,1150,1500
18/03/2025,91544,grain,Cummin,જીરૂ,10400,3550,4036
18/03/2025,91545,grain,Mustard,રાય,600,1010,1235
18/03/2025,91546,grain,Fenugreek,મેથી,5000,920,1325
18/03/2025,91547,grain,Isabgul,ઇસબગુલ,10,2121,2121
18/03/2025,91548,grain,Asario,અશેરીયો,25,850,1050
18/03/2025,91549,grain,kalonji,કલોંજી,25,3416,3416
18/03/2025,91550,grain,Mustard seed,રાયડો,400,960,1044
18/03/2025,91551,grain,Guvar Bee,ગુવારનું બી,200,925,970
19/03/2025,91588,grain,Cotton B.T.,કપાસ બી.ટી.,2450,1330,1482
19/03/2025,91589,grain,Wheat Lokvan,ઘઉં લોકવન,0,475,550
19/03/2025,91590,grain,Wheat Tukda,ઘઉં ટુકડા,0,490,610
19/03/2025,91591,grain,Jowar White,જુવાર સફેદ,1180,730,1100
19/03/2025,91592,grain,Jowar Yellow,જુવાર પીળી ,50,430,470
19/03/2025,91593,grain,Tuver,તુવેર,1450,1111,1490
19/03/2025,91594,grain,Gram Yellow,ચણા પીળા,0,920,1070
19/03/2025,91595,grain,Gram White,ચણા સફેદ,0,1200,2020
19/03/2025,91596,grain,Urad,અડદ,100,1225,1525
19/03/2025,91597,grain,Mung,મગ,90,1235,1901
19/03/2025,91598,grain,Val Deshi,વાલ દેશી,220,1120,1340
19/03/2025,91599,grain,Peas,વટાણા,3000,1050,1825
19/03/2025,91600,grain,Groundnut Seed,સીંગદાણા,50,1375,1421
19/03/2025,91601,grain,Groundnut Big,મગફળી જાડી,0,920,1112
19/03/2025,91602,grain,Groundnut Small,મગફળી જીણી,0,930,1230
19/03/2025,91603,grain,Seasmum,તલી ,250,1645,1970
19/03/2025,91604,grain,Castor seed,એરંડા,800,1166,1225
19/03/2025,91605,grain,Dil Seed,સુવા,2,1250,1250
19/03/2025,91606,grain,Soyabin,સોયાબીન,370,703,784
19/03/2025,91607,grain,Groundnut-Fada,સીંગફાડા,360,1075,1335
19/03/2025,91608,grain,Sesmum-Black,કાળા તલ ,60,3744,5500
19/03/2025,91609,grain,Garlic,લસણ,750,750,1250
19/03/2025,91610,grain,Corriander,ધાણા,0,1150,1880
19/03/2025,91611,grain,Chillies,મરચા સુકા ,0,800,2200
19/03/2025,91612,grain,Dhani,ધાણી,0,1210,2211
19/03/2025,91613,grain,Variyali,વરીયાળી,12,1200,1480
19/03/2025,91614,grain,Cummin,જીરૂ,0,3575,4047
19/03/2025,91615,grain,Mustard,રાય,600,1000,1200
19/03/2025,91616,grain,Fenugreek,મેથી,0,860,1260
19/03/2025,91617,grain,Asario,અશેરીયો,5,970,1070
19/03/2025,91618,grain,kalonji,કલોંજી,30,2700,3264
19/03/2025,91619,grain,Mustard seed,રાયડો,400,950,1050
19/03/2025,91620,grain,Guvar Bee,ગુવારનું બી,30,925,982
20/03/2025,91657,grain,Cotton B.T.,કપાસ બી.ટી.,2000,1350,1490
20/03/2025,91658,grain,Wheat Lokvan,ઘઉં લોકવન,0,475,551
20/03/2025,91659,grain,Wheat Tukda,ઘઉં ટુકડા,0,490,623
20/03/2025,91660,grain,Jowar White,જુવાર સફેદ,1050,730,1008
20/03/2025,91661,grain,Jowar Red,જુવાર લાલ,5,1000,1100
20/03/2025,91662,grain,Tuver,તુવેર,1300,1125,1460
20/03/2025,91663,grain,Gram Yellow,ચણા પીળા,0,920,1045
20/03/2025,91664,grain,Gram White,ચણા સફેદ,0,1150,2050
20/03/2025,91665,grain,Urad,અડદ,80,1250,1600
20/03/2025,91666,grain,Mung,મગ,25,1384,1761
20/03/2025,91667,grain,Val Deshi,વાલ દેશી,300,1000,1380
20/03/2025,91668,grain,Peas,વટાણા,3500,1100,1851
20/03/2025,91669,grain,Kulthi,કળથી,17,650,950
20/03/2025,91670,grain,Groundnut Big,મગફળી જાડી,3840,920,1095
20/03/2025,91671,grain,Groundnut Small,મગફળી જીણી,5760,940,1220
20/03/2025,91672,grain,Seasmum,તલી ,320,1550,1960
20/03/2025,91673,grain,Castor seed,એરંડા,600,1184,1232
20/03/2025,91674,grain,Thymol,અજમો,10,1700,2250
20/03/2025,91675,grain,Dil Seed,સુવા,1,1100,1300
20/03/2025,91676,grain,Soyabin,સોયાબીન,400,700,785
20/03/2025,91677,grain,Groundnut-Fada,સીંગફાડા,480,1040,1325
20/03/2025,91678,grain,Sesmum-Black,કાળા તલ ,65,3900,5570
20/03/2025,91679,grain,Garlic,લસણ,650,780,1235
20/03/2025,91680,grain,Corriander,ધાણા,0,1250,1835
20/03/2025,91681,grain,Chillies,મરચા સુકા ,0,800,2080
20/03/2025,91682,grain,Dhani,ધાણી,0,1650,2520
20/03/2025,91683,grain,Variyali,વરીયાળી,14,1451,1451
20/03/2025,91684,grain,Cummin,જીરૂ,10200,3570,4050
20/03/2025,91685,grain,Mustard,રાય,450,1030,1280
20/03/2025,91686,grain,Fenugreek,મેથી,8800,850,1250
20/03/2025,91687,grain,Isabgul,ઇસબગુલ,25,1500,2175
20/03/2025,91688,grain,kalonji,કલોંજી,35,3075,3250
20/03/2025,91689,grain,Mustard seed,રાયડો,450,960,1047
21/03/2025,91725,grain,Cotton B.T.,કપાસ બી.ટી.,1600,1350,1500
21/03/2025,91726,grain,Wheat Lokvan,ઘઉં લોકવન,12000,470,555
21/03/2025,91727,grain,Wheat Tukda,ઘઉં ટુકડા,29000,485,625
21/03/2025,91728,grain,Jowar White,જુવાર સફેદ,1050,700,1008
21/03/2025,91729,grain,Bajri,બાજરી,50,400,610
21/03/2025,91730,grain,Tuver,તુવેર,1500,1175,1458
21/03/2025,91731,grain,Gram Yellow,ચણા પીળા,0,920,1050
21/03/2025,91732,grain,Gram White,ચણા સફેદ,0,1200,2000
21/03/2025,91733,grain,Urad,અડદ,150,1220,1600
21/03/2025,91734,grain,Mung,મગ,120,1305,1670
21/03/2025,91735,grain,Val Deshi,વાલ દેશી,180,900,1300
21/03/2025,91736,grain,Peas,વટાણા,3200,1150,1825
21/03/2025,91737,grain,Groundnut Big,મગફળી જાડી,0,925,1097
21/03/2025,91738,grain,Groundnut Small,મગફળી જીણી,0,940,1240
21/03/2025,91739,grain,Seasmum,તલી ,150,1561,1935
21/03/2025,91740,grain,Castor seed,એરંડા,800,1180,1231
21/03/2025,91741,grain,Dil Seed,સુવા,3,1305,1305
21/03/2025,91742,grain,Soyabin,સોયાબીન,310,724,780
21/03/2025,91743,grain,Groundnut-Fada,સીંગફાડા,240,1080,1350
21/03/2025,91744,grain,Sesmum-Black,કાળા તલ ,25,3700,5555
21/03/2025,91745,grain,Garlic,લસણ,850,820,1375
21/03/2025,91746,grain,Corriander,ધાણા,0,1190,1851
21/03/2025,91747,grain,Dhani,ધાણી,0,1220,2301
21/03/2025,91748,grain,Variyali,વરીયાળી,3,1451,1451
21/03/2025,91749,grain,Cummin,જીરૂ,0,3570,4089
21/03/2025,91750,grain,Mustard,રાય,500,1040,1190
21/03/2025,91751,grain,Fenugreek,મેથી,0,860,1300
21/03/2025,91752,grain,Isabgul,ઇસબગુલ,10,1315,2111
21/03/2025,91753,grain,Asario,અશેરીયો,20,1311,1311
21/03/2025,91754,grain,kalonji,કલોંજી,40,2000,3391
21/03/2025,91755,grain,Mustard seed,રાયડો,500,940,1050
21/03/2025,91756,grain,Guvar Bee,ગુવારનું બી,20,910,910
22/03/2025,91792,grain,Cotton B.T.,કપાસ બી.ટી.,2600,1330,1505
22/03/2025,91793,grain,Wheat Lokvan,ઘઉં લોકવન,0,475,575
22/03/2025,91794,grain,Wheat Tukda,ઘઉં ટુકડા,0,490,621
22/03/2025,91795,grain,Jowar White,જુવાર સફેદ,650,740,1015
22/03/2025,91796,grain,Bajri,બાજરી,57,400,585
22/03/2025,91797,grain,Tuver,તુવેર,1200,1260,1470
22/03/2025,91798,grain,Gram Yellow,ચણા પીળા,0,970,1038
22/03/2025,91799,grain,Gram White,ચણા સફેદ,0,1160,1670
22/03/2025,91800,grain,Urad,અડદ,75,1255,1575
22/03/2025,91801,grain,Mung,મગ,60,1300,1650
22/03/2025,91802,grain,Val Deshi,વાલ દેશી,160,950,1290
22/03/2025,91803,grain,Peas,વટાણા,2500,1161,1821
22/03/2025,91804,grain,Groundnut Seed,સીંગદાણા,20,1319,1405
22/03/2025,91805,grain,Seasmum,તલી ,250,1570,2080
22/03/2025,91806,grain,Castor seed,એરંડા,925,1184,1235
22/03/2025,91807,grain,Soyabin,સોયાબીન,270,715,780
22/03/2025,91808,grain,Groundnut-Fada,સીંગફાડા,600,960,1320
22/03/2025,91809,grain,Sesmum-Black,કાળા તલ ,24,3850,5544
22/03/2025,91810,grain,Garlic,લસણ,900,800,1400
22/03/2025,91811,grain,Corriander,ધાણા,0,1200,1770
22/03/2025,91812,grain,Dhani,ધાણી,0,1550,2401
22/03/2025,91813,grain,Cummin,જીરૂ,6000,3650,4190
22/03/2025,91814,grain,Mustard,રાય,600,1020,1235
22/03/2025,91815,grain,Fenugreek,મેથી,6000,870,1320
22/03/2025,91816,grain,Isabgul,ઇસબગુલ,30,1850,2350
22/03/2025,91817,grain,Asario,અશેરીયો,20,1150,1275
22/03/2025,91818,grain,kalonji,કલોંજી,80,3200,3477
22/03/2025,91819,grain,Mustard seed,રાયડો,350,950,1045
22/03/2025,91820,grain,Guvar Bee,ગુવારનું બી,80,860,971
24/03/2025,91856,grain,Cotton B.T.,કપાસ બી.ટી.,2000,1350,1490
24/03/2025,91857,grain,Wheat Lokvan,ઘઉં લોકવન,0,477,580
24/03/2025,91858,grain,Wheat Tukda,ઘઉં ટુકડા,0,491,624
24/03/2025,91859,grain,Jowar White,જુવાર સફેદ,300,750,1140
24/03/2025,91860,grain,Tuver,તુવેર,1100,1250,1481
24/03/2025,91861,grain,Urad,અડદ,100,1100,1600
24/03/2025,91862,grain,Mung,મગ,100,1357,1700
24/03/2025,91863,grain,Val Deshi,વાલ દેશી,200,900,1255
24/03/2025,91864,grain,Peas,વટાણા,2400,1150,1880
24/03/2025,91865,grain,Seasmum,તલી ,160,1500,2000
24/03/2025,91866,grain,Castor seed,એરંડા,1125,1165,1238
24/03/2025,91867,grain,Thymol,અજમો,20,1850,2200
24/03/2025,91868,grain,Soyabin,સોયાબીન,100,625,767
24/03/2025,91869,grain,Sesmum-Black,કાળા તલ ,20,3900,5400
24/03/2025,91870,grain,Garlic,લસણ,1200,850,1201
24/03/2025,91871,grain,Corriander,ધાણા,0,1150,1770
24/03/2025,91872,grain,Dhani,ધાણી,0,1350,2100
24/03/2025,91873,grain,Variyali,વરીયાળી,3,1600,1900
24/03/2025,91874,grain,Cummin,જીરૂ,0,3600,4140
24/03/2025,91875,grain,Mustard,રાય,620,1020,1260
24/03/2025,91876,grain,Fenugreek,મેથી,0,950,1280
24/03/2025,91877,grain,Asario,અશેરીયો,20,1175,1325
24/03/2025,91878,grain,kalonji,કલોંજી,75,3040,3437
24/03/2025,91879,grain,Mustard seed,રાયડો,350,950,1047
24/03/2025,91880,grain,Guvar Bee,ગુવારનું બી,60,950,981
25/03/2025,91916,grain,Cotton B.T.,કપાસ બી.ટી.,600,1330,1484
25/03/2025,91917,grain,Jowar White,જુવાર સફેદ,230,721,980
25/03/2025,91918,grain,Bajri,બાજરી,0,400,585
25/03/2025,91919,grain,Tuver,તુવેર,450,1225,1421
25/03/2025,91920,grain,Urad,અડદ,50,1100,1550
25/03/2025,91921,grain,Mung,મગ,20,1399,1608
25/03/2025,91922,grain,Val Deshi,વાલ દેશી,70,800,1140
25/03/2025,91923,grain,Choli,ચોળી,4,2250,2250
25/03/2025,91924,grain,Peas,વટાણા,500,1230,1730
25/03/2025,91925,grain,Seasmum,તલી ,0,1536,1900
25/03/2025,91926,grain,Sunflower,સુરજમુખી,5,1350,1350
25/03/2025,91927,grain,Castor seed,એરંડા,1000,1191,1238
25/03/2025,91928,grain,Soyabin,સોયાબીન,50,700,766
25/03/2025,91929,grain,Garlic,લસણ,550,750,1260
25/03/2025,91930,grain,Corriander,ધાણા,0,1100,1780
25/03/2025,91931,grain,Dhani,ધાણી,0,1350,2150
25/03/2025,91932,grain,Variyali,વરીયાળી,23,1275,1275
25/03/2025,91933,grain,Cummin,જીરૂ,0,3500,4170
25/03/2025,91934,grain,Mustard,રાય,350,1000,1150
25/03/2025,91935,grain,Fenugreek,મેથી,0,950,1225
25/03/2025,91936,grain,Asario,અશેરીયો,20,1301,1301
25/03/2025,91937,grain,kalonji,કલોંજી,50,2800,3355
25/03/2025,91938,grain,Mustard seed,રાયડો,200,980,1039
25/03/2025,91939,grain,Wheat Lokvan,ઘઉં લોકવન,0,480,585
25/03/2025,91940,grain,Wheat Tukda,ઘઉં ટુકડા,0,495,620
26/03/2025,91941,veg,Mango Unripe,કેરી કાચી,69,600,900
26/03/2025,91942,veg,Lemon,લીંબુ,310,1400,2600
26/03/2025,91943,veg,Water Melon,તરબુચ,297,200,300
26/03/2025,91944,veg,Potato,બટેટા,4200,120,340
26/03/2025,91945,veg,Onion,ડુંગળી સુકી ,1610,80,290
26/03/2025,91946,veg,Tometo,ટમેટા,1850,160,300
26/03/2025,91947,veg,Elephant Foot,સુરણ,94,700,1000
26/03/2025,91948,veg,Coriander(Leaves),કોથમરી,711,250,500
26/03/2025,91949,veg,Sweet Potato,સકરીયા,139,400,700
26/03/2025,91950,veg,Radish,મુળા,52,300,450
26/03/2025,91951,veg,Brinjal,રીંગણા,453,350,600
26/03/2025,91952,veg,Cabbage,કોબીજ,505,60,100
26/03/2025,91953,veg,Cauli Flower,ફલાવર,614,250,420
26/03/2025,91954,veg,Lady Fingure,ભીંડો,543,700,1000
26/03/2025,91955,veg,Cluster Been,ગુવાર,420,1300,1800
26/03/2025,91956,veg,Choli Shing,ચોળાસીંગ,180,1400,2000
26/03/2025,91957,veg,Valol,વાલોળ,280,400,700
26/03/2025,91958,veg,Little Gourd,ટીંડોળા ,172,1000,1200
26/03/2025,91959,veg,Bottle Gourd,દુધી,523,200,300
26/03/2025,91960,veg,Bitter Gourd,કારેલા,309,600,800
26/03/2025,91961,veg,Sargavo,સરગવો,63,150,420
26/03/2025,91962,veg,Ridge Gourd,તુરીયા,230,500,800
26/03/2025,91963,veg,Pointed Gourd,પરવર,58,1050,1250
26/03/2025,91964,veg,Cacumber,કાકડી,478,300,600
26/03/2025,91965,veg,Carrut,ગાજર,540,350,500
26/03/2025,91966,veg,Vatana,વટાણા,380,850,1000
26/03/2025,91967,veg,Smooth Gourd,ગલકા,463,400,700
26/03/2025,91968,veg,Beet,બીટ,155,120,330
26/03/2025,91969,veg,Methi,મેથી,240,100,250
26/03/2025,91970,veg,Val,વાલ,214,700,1000
26/03/2025,91971,veg,Spring Onion,ડુંગળી લીલી ,355,150,270
26/03/2025,91972,veg,Ginger,આદુ,320,900,1100
26/03/2025,91973,veg,Chilli Green,મરચા લીલા,440,300,600
26/03/2025,91974,veg,Green Garlic,લસણ લીલું ,187,400,700
26/03/2025,91975,veg,Green Corn,મકાઇ લીલી,319,80,120
27/03/2025,91976,veg,Mango Unripe,કેરી કાચી,72,700,900
27/03/2025,91977,veg,Lemon,લીંબુ,312,1200,2700
27/03/2025,91978,veg,Water Melon,તરબુચ,299,200,350
27/03/2025,91979,veg,Potato,બટેટા,3600,120,280
27/03/2025,91980,veg,Onion,ડુંગળી સુકી ,1688,75,300
27/03/2025,91981,veg,Tometo,ટમેટા,1853,200,300
27/03/2025,91982,veg,Elephant Foot,સુરણ,95,800,1000
27/03/2025,91983,veg,Coriander(Leaves),કોથમરી,710,200,500
27/03/2025,91984,veg,Sweet Potato,સકરીયા,140,500,700
27/03/2025,91985,veg,Radish,મુળા,50,330,460
27/03/2025,91986,veg,Brinjal,રીંગણા,455,400,600
27/03/2025,91987,veg,Cabbage,કોબીજ,502,40,100
27/03/2025,91988,veg,Cauli Flower,ફલાવર,617,200,400
27/03/2025,91989,veg,Lady Fingure,ભીંડો,545,800,1000
27/03/2025,91990,veg,Cluster Been,ગુવાર,423,1200,1800
27/03/2025,91991,veg,Choli Shing,ચોળાસીંગ,175,1400,1800
27/03/2025,91992,veg,Valol,વાલોળ,283,400,600
27/03/2025,91993,veg,Little Gourd,ટીંડોળા ,170,900,1200
27/03/2025,91994,veg,Bottle Gourd,દુધી,520,220,350
27/03/2025,91995,veg,Bitter Gourd,કારેલા,302,620,830
27/03/2025,91996,veg,Sargavo,સરગવો,65,100,400
27/03/2025,91997,veg,Ridge Gourd,તુરીયા,234,500,700
27/03/2025,91998,veg,Pointed Gourd,પરવર,59,1000,1200
27/03/2025,91999,veg,Cacumber,કાકડી,475,400,600
27/03/2025,92000,veg,Carrut,ગાજર,542,300,500
27/03/2025,92001,veg,Vatana,વટાણા,350,1000,1400
27/03/2025,92002,veg,Smooth Gourd,ગલકા,460,500,700
27/03/2025,92003,veg,Beet,બીટ,157,150,300
27/03/2025,92004,veg,Methi,મેથી,243,10,250
27/03/2025,92005,veg,Val,વાલ,210,900,1100
27/03/2025,92006,veg,Spring Onion,ડુંગળી લીલી ,350,150,300
27/03/2025,92007,veg,Ginger,આદુ,323,800,1100
27/03/2025,92008,veg,Chilli Green,મરચા લીલા,445,400,600
27/03/2025,92009,veg,Green Garlic,લસણ લીલું ,190,300,700
27/03/2025,92010,veg,Green Corn,મકાઇ લીલી,321,80,140
28/03/2025,92011,veg,Mango Unripe,કેરી કાચી,78,600,800
28/03/2025,92012,veg,Lemon,લીંબુ,315,1200,2600
28/03/2025,92013,veg,Water Melon,તરબુચ,310,200,360
28/03/2025,92014,veg,Potato,બટેટા,4500,110,300
28/03/2025,92015,veg,Onion,ડુંગળી સુકી ,1380,70,310
28/03/2025,92016,veg,Tometo,ટમેટા,1857,120,260
28/03/2025,92017,veg,Elephant Foot,સુરણ,94,800,1000
28/03/2025,92018,veg,Coriander(Leaves),કોથમરી,706,300,400
28/03/2025,92019,veg,Sweet Potato,સકરીયા,143,400,600
28/03/2025,92020,veg,Radish,મુળા,51,300,450
28/03/2025,92021,veg,Brinjal,રીંગણા,457,300,600
28/03/2025,92022,veg,Cabbage,કોબીજ,505,50,100
28/03/2025,92023,veg,Cauli Flower,ફલાવર,620,220,430
28/03/2025,92024,veg,Lady Fingure,ભીંડો,540,700,1000
28/03/2025,92025,veg,Cluster Been,ગુવાર,425,1400,1800
28/03/2025,92026,veg,Choli Shing,ચોળાસીંગ,170,1500,2000
28/03/2025,92027,veg,Valol,વાલોળ,285,500,700
28/03/2025,92028,veg,Little Gourd,ટીંડોળા ,174,1000,1200
28/03/2025,92029,veg,Bottle Gourd,દુધી,515,200,400
28/03/2025,92030,veg,Bitter Gourd,કારેલા,300,500,700
28/03/2025,92031,veg,Sargavo,સરગવો,67,150,430
28/03/2025,92032,veg,Ridge Gourd,તુરીયા,237,600,800
28/03/2025,92033,veg,Pointed Gourd,પરવર,61,700,1000
28/03/2025,92034,veg,Cacumber,કાકડી,477,300,600
28/03/2025,92035,veg,Carrut,ગાજર,545,330,510
28/03/2025,92036,veg,Vatana,વટાણા,343,1200,1400
28/03/2025,92037,veg,Smooth Gourd,ગલકા,457,400,600
28/03/2025,92038,veg,Beet,બીટ,160,100,200
28/03/2025,92039,veg,Methi,મેથી,245,200,300
28/03/2025,92040,veg,Val,વાલ,207,1000,1200
28/03/2025,92041,veg,Spring Onion,ડુંગળી લીલી ,353,200,400
28/03/2025,92042,veg,Ginger,આદુ,325,1000,1200
28/03/2025,92043,veg,Chilli Green,મરચા લીલા,440,500,600
28/03/2025,92044,veg,Green Garlic,લસણ લીલું ,193,300,600
28/03/2025,92045,veg,Green Corn,મકાઇ લીલી,315,100,140
01/04/2025,92081,grain,Cotton B.T.,કપાસ બી.ટી.,700,1386,1501
01/04/2025,92082,grain,Wheat Lokvan,ઘઉં લોકવન,5000,468,474
01/04/2025,92083,grain,Wheat Tukda,ઘઉં ટુકડા,30000,480,560
01/04/2025,92084,grain,Jowar White,જુવાર સફેદ,750,730,880
01/04/2025,92085,grain,Bajri,બાજરી,5,370,458
01/04/2025,92086,grain,Tuver,તુવેર,1550,1136,1450
01/04/2025,92087,grain,Gram Yellow,ચણા પીળા,19000,1000,1070
01/04/2025,92088,grain,Gram White,ચણા સફેદ,6000,1200,2150
01/04/2025,92089,grain,Urad,અડદ,70,1050,1586
01/04/2025,92090,grain,Mung,મગ,125,1100,1640
01/04/2025,92091,grain,Val Deshi,વાલ દેશી,130,800,1200
01/04/2025,92092,grain,Peas,વટાણા,1050,1150,1850
01/04/2025,92093,grain,Rajma,રાજમા,250,1000,2120
01/04/2025,92094,grain,Groundnut Big,મગફળી જાડી,1800,850,1081
01/04/2025,92095,grain,Groundnut Small,મગફળી જીણી,2700,920,1240
01/04/2025,92096,grain,Linseed,અળશી,10,950,950
01/04/2025,92097,grain,Seasmum,તલી ,300,1690,1921
01/04/2025,92098,grain,Sunflower,સુરજમુખી,4,1250,1250
01/04/2025,92099,grain,Castor seed,એરંડા,101,1180,1215
01/04/2025,92100,grain,Thymol,અજમો,10,1900,2050
01/04/2025,92101,grain,Dil Seed,સુવા,20,1300,1650
01/04/2025,92102,grain,Soyabin,સોયાબીન,125,740,870
01/04/2025,92103,grain,Groundnut-Fada,સીંગફાડા,700,1050,1300
01/04/2025,92104,grain,Sesmum-Black,કાળા તલ ,40,3900,5353
01/04/2025,92105,grain,Garlic,લસણ,400,700,1200
01/04/2025,92106,grain,Corriander,ધાણા,8400,1220,1760
01/04/2025,92107,grain,Dhani,ધાણી,5600,1340,2111
01/04/2025,92108,grain,Variyali,વરીયાળી,30,1050,1500
01/04/2025,92109,grain,Cummin,જીરૂ,4200,3800,4150
01/04/2025,92110,grain,Mustard,રાય,550,1020,1270
01/04/2025,92111,grain,Fenugreek,મેથી,10000,850,1250
01/04/2025,92112,grain,Isabgul,ઇસબગુલ,10,1700,1950
01/04/2025,92113,grain,Asario,અશેરીયો,20,1230,1356
01/04/2025,92114,grain,Mustard seed,રાયડો,450,980,1095
02/04/2025,92152,grain,Cotton B.T.,કપાસ બી.ટી.,1400,1391,1544
02/04/2025,92153,grain,Wheat Lokvan,ઘઉં લોકવન,0,470,522
02/04/2025,92154,grain,Wheat Tukda,ઘઉં ટુકડા,0,465,611
02/04/2025,92155,grain,Jowar White,જુવાર સફેદ,650,725,870
02/04/2025,92156,grain,Jowar Yellow,જુવાર પીળી ,40,430,470
02/04/2025,92157,grain,Bajri,બાજરી,3,425,425
02/04/2025,92158,grain,Tuver,તુવેર,1400,1150,1436
02/04/2025,92159,grain,Gram Yellow,ચણા પીળા,0,1000,1080
02/04/2025,92160,grain,Gram White,ચણા સફેદ,0,1300,2250
02/04/2025,92161,grain,Urad,અડદ,50,1091,1550
02/04/2025,92162,grain,Mung,મગ,125,1100,1700
02/04/2025,92163,grain,Val Deshi,વાલ દેશી,265,800,1361
02/04/2025,92164,grain,Peas,વટાણા,1200,1120,1815
02/04/2025,92165,grain,Rajma,રાજમા,150,850,2300
02/04/2025,92166,grain,Groundnut Seed,સીંગદાણા,50,1411,1411
02/04/2025,92167,grain,Groundnut Big,મગફળી જાડી,3240,870,1093
02/04/2025,92168,grain,Groundnut Small,મગફળી જીણી,4860,900,1250
02/04/2025,92169,grain,Linseed,અળશી,11,1030,1030
02/04/2025,92170,grain,Seasmum,તલી ,280,1640,2080
02/04/2025,92171,grain,Castor seed,એરંડા,1500,1150,1212
02/04/2025,92172,grain,Thymol,અજમો,30,1200,1900
02/04/2025,92173,grain,Dil Seed,સુવા,10,1290,1515
02/04/2025,92174,grain,Soyabin,સોયાબીન,650,760,870
02/04/2025,92175,grain,Groundnut-Fada,સીંગફાડા,410,1080,1317
02/04/2025,92176,grain,Sesmum-Black,કાળા તલ ,35,3800,5380
02/04/2025,92177,grain,Garlic,લસણ,500,750,1080
02/04/2025,92178,grain,Corriander,ધાણા,0,1190,1640
02/04/2025,92179,grain,Chillies,મરચા સુકા ,2400,950,2700
02/04/2025,92180,grain,Dhani,ધાણી,0,1250,2310
02/04/2025,92181,grain,Variyali,વરીયાળી,60,1460,2200
02/04/2025,92182,grain,Cummin,જીરૂ,2100,3751,4165
02/04/2025,92183,grain,Mustard,રાય,500,1030,1200
02/04/2025,92184,grain,Fenugreek,મેથી,0,870,1230
02/04/2025,92185,grain,Isabgul,ઇસબગુલ,20,2065,2399
02/04/2025,92186,grain,Asario,અશેરીયો,20,1150,1260
02/04/2025,92187,grain,kalonji,કલોંજી,950,2800,3622
02/04/2025,92188,grain,Mustard seed,રાયડો,500,950,1100
02/04/2025,92189,grain,Guvar Bee,ગુવારનું બી,20,940,970
03/04/2025,92227,grain,Cotton B.T.,કપાસ બી.ટી.,2000,1350,1533
03/04/2025,92228,grain,Wheat Lokvan,ઘઉં લોકવન,0,478,528
03/04/2025,92229,grain,Wheat Tukda,ઘઉં ટુકડા,0,468,611
03/04/2025,92230,grain,Jowar White,જુવાર સફેદ,500,700,900
03/04/2025,92231,grain,Bajri,બાજરી,2,550,550
03/04/2025,92232,grain,Tuver,તુવેર,2000,1177,1450
03/04/2025,92233,grain,Gram Yellow,ચણા પીળા,0,1025,1135
03/04/2025,92234,grain,Gram White,ચણા સફેદ,0,1400,2425
03/04/2025,92235,grain,Urad,અડદ,95,1101,1616
03/04/2025,92236,grain,Mung,મગ,100,920,1615
03/04/2025,92237,grain,Val Deshi,વાલ દેશી,225,880,1290
03/04/2025,92238,grain,Peas,વટાણા,1350,1250,1815
03/04/2025,92239,grain,Kulthi,કળથી,12,520,630
03/04/2025,92240,grain,Rajma,રાજમા,500,900,2330
03/04/2025,92241,grain,Groundnut Big,મગફળી જાડી,0,880,1095
03/04/2025,92242,grain,Groundnut Small,મગફળી જીણી,0,920,1255
03/04/2025,92243,grain,Seasmum,તલી ,300,1700,2060
03/04/2025,92244,grain,Castor seed,એરંડા,1900,1150,1200
03/04/2025,92245,grain,Thymol,અજમો,30,1200,2300
03/04/2025,92246,grain,Dil Seed,સુવા,20,1400,1625
03/04/2025,92247,grain,Soyabin,સોયાબીન,600,780,860
03/04/2025,92248,grain,Groundnut-Fada,સીંગફાડા,280,1070,1340
03/04/2025,92249,grain,Sesmum-Black,કાળા તલ ,40,3940,5500
03/04/2025,92250,grain,Garlic,લસણ,1000,700,1200
03/04/2025,92251,grain,Corriander,ધાણા,0,1180,1740
03/04/2025,92252,grain,Chillies,મરચા સુકા ,450,855,2220
03/04/2025,92253,grain,Dhani,ધાણી,0,1240,2211
03/04/2025,92254,grain,Variyali,વરીયાળી,100,1700,2424
03/04/2025,92255,grain,Cummin,જીરૂ,2400,3701,4500
03/04/2025,92256,grain,Mustard,રાય,700,1020,1320
03/04/2025,92257,grain,Fenugreek,મેથી,0,930,1274
03/04/2025,92258,grain,Isabgul,ઇસબગુલ,24,1900,2400
03/04/2025,92259,grain,Asario,અશેરીયો,15,1050,1250
03/04/2025,92260,grain,kalonji,કલોંજી,1000,2881,3500
03/04/2025,92261,grain,Mustard seed,રાયડો,650,950,1111
03/04/2025,92262,grain,Guvar Bee,ગુવારનું બી,300,960,975
04/04/2025,92300,grain,Cotton B.T.,કપાસ બી.ટી.,2100,1351,1507
04/04/2025,92301,grain,Wheat Lokvan,ઘઉં લોકવન,0,470,535
04/04/2025,92302,grain,Wheat Tukda,ઘઉં ટુકડા,0,473,615
04/04/2025,92303,grain,Jowar White,જુવાર સફેદ,500,696,930
04/04/2025,92304,grain,Bajri,બાજરી,5,436,436
04/04/2025,92305,grain,Tuver,તુવેર,1400,1190,1463
04/04/2025,92306,grain,Gram Yellow,ચણા પીળા,0,1090,1140
04/04/2025,92307,grain,Gram White,ચણા સફેદ,0,1300,2240
04/04/2025,92308,grain,Urad,અડદ,80,1185,1620
04/04/2025,92309,grain,Mung,મગ,50,1255,1770
04/04/2025,92310,grain,Val Deshi,વાલ દેશી,230,900,1302
04/04/2025,92311,grain,Peas,વટાણા,950,1250,2030
04/04/2025,92312,grain,Kulthi,કળથી,35,525,575
04/04/2025,92313,grain,Rajma,રાજમા,300,950,2454
04/04/2025,92314,grain,Groundnut Big,મગફળી જાડી,3360,881,1087
04/04/2025,92315,grain,Groundnut Small,મગફળી જીણી,5040,900,1245
04/04/2025,92316,grain,Seasmum,તલી ,245,1750,2158
04/04/2025,92317,grain,Castor seed,એરંડા,1600,1151,1201
04/04/2025,92318,grain,Thymol,અજમો,30,1350,2300
04/04/2025,92319,grain,Dil Seed,સુવા,20,1350,1425
04/04/2025,92320,grain,Soyabin,સોયાબીન,800,780,841
04/04/2025,92321,grain,Groundnut-Fada,સીંગફાડા,210,1050,1320
04/04/2025,92322,grain,Sesmum-Black,કાળા તલ ,30,4000,5501
04/04/2025,92323,grain,Garlic,લસણ,1200,680,1200
04/04/2025,92324,grain,Corriander,ધાણા,8500,1180,1760
04/04/2025,92325,grain,Dhani,ધાણી,8700,1220,2221
04/04/2025,92326,grain,Variyali,વરીયાળી,30,1690,3020
04/04/2025,92327,grain,Cummin,જીરૂ,3300,3651,4400
04/04/2025,92328,grain,Fenugreek,મેથી,25000,850,1354
04/04/2025,92329,grain,Isabgul,ઇસબગુલ,10,1900,2350
04/04/2025,92330,grain,Asario,અશેરીયો,20,1250,1300
04/04/2025,92331,grain,kalonji,કલોંજી,1000,2700,3500
04/04/2025,92332,grain,Guvar Bee,ગુવારનું બી,50,840,950
05/04/2025,92370,grain,Cotton B.T.,કપાસ બી.ટી.,1600,1311,1505
05/04/2025,92371,grain,Wheat Lokvan,ઘઉં લોકવન,10000,480,520
05/04/2025,92372,grain,Wheat Tukda,ઘઉં ટુકડા,43000,472,590
05/04/2025,92373,grain,Jowar White,જુવાર સફેદ,450,650,902
05/04/2025,92374,grain,Tuver,તુવેર,2000,1175,1520
05/04/2025,92375,grain,Gram Yellow,ચણા પીળા,0,1050,1141
05/04/2025,92376,grain,Gram White,ચણા સફેદ,0,1300,2325
05/04/2025,92377,grain,Urad,અડદ,150,1200,1600
05/04/2025,92378,grain,Mung,મગ,80,700,1740
05/04/2025,92379,grain,Val Deshi,વાલ દેશી,230,900,1302
05/04/2025,92380,grain,Peas,વટાણા,1400,1230,2250
05/04/2025,92381,grain,Rajma,રાજમા,600,980,2170
05/04/2025,92382,grain,Groundnut Big,મગફળી જાડી,0,880,1095
05/04/2025,92383,grain,Groundnut Small,મગફળી જીણી,0,900,1230
05/04/2025,92384,grain,Seasmum,તલી ,400,1800,2100
05/04/2025,92385,grain,Castor seed,એરંડા,1700,1140,1178
05/04/2025,92386,grain,Thymol,અજમો,50,1401,2700
05/04/2025,92387,grain,Dil Seed,સુવા,50,1464,2050
05/04/2025,92388,grain,Soyabin,સોયાબીન,500,640,795
05/04/2025,92389,grain,Groundnut-Fada,સીંગફાડા,420,1070,1340
05/04/2025,92390,grain,Sesmum-Black,કાળા તલ ,25,4100,5600
05/04/2025,92391,grain,Garlic,લસણ,1100,700,1250
05/04/2025,92392,grain,Corriander,ધાણા,0,1150,1721
05/04/2025,92393,grain,Chillies,મરચા સુકા ,1200,800,2200
05/04/2025,92394,grain,Dhani,ધાણી,0,1220,2250
05/04/2025,92395,grain,Variyali,વરીયાળી,315,1900,3265
05/04/2025,92396,grain,Cummin,જીરૂ,0,3751,4600
05/04/2025,92397,grain,Mustard,રાય,700,1030,1380
05/04/2025,92398,grain,Fenugreek,મેથી,0,820,1220
05/04/2025,92399,grain,Isabgul,ઇસબગુલ,160,1800,2410
05/04/2025,92400,grain,Asario,અશેરીયો,10,1150,1280
05/04/2025,92401,grain,kalonji,કલોંજી,1100,3150,3690
05/04/2025,92402,grain,Mustard seed,રાયડો,550,1010,1120
07/04/2025,92440,grain,Cotton B.T.,કપાસ બી.ટી.,2600,1300,1496
07/04/2025,92441,grain,Wheat Lokvan,ઘઉં લોકવન,0,470,504
07/04/2025,92442,grain,Wheat Tukda,ઘઉં ટુકડા,0,474,560
07/04/2025,92443,grain,Jowar White,જુવાર સફેદ,300,670,850
07/04/2025,92444,grain,Tuver,તુવેર,3200,1230,1450
07/04/2025,92445,grain,Gram Yellow,ચણા પીળા,46000,1050,1110
07/04/2025,92446,grain,Gram White,ચણા સફેદ,20000,1380,2280
07/04/2025,92447,grain,Urad,અડદ,150,1225,1625
07/04/2025,92448,grain,Mung,મગ,300,770,1700
07/04/2025,92449,grain,Val Deshi,વાલ દેશી,425,850,1300
07/04/2025,92450,grain,Peas,વટાણા,1700,1000,2250
07/04/2025,92451,grain,Rajma,રાજમા,1300,900,2126
07/04/2025,92452,grain,Groundnut Big,મગફળી જાડી,0,800,1097
07/04/2025,92453,grain,Groundnut Small,મગફળી જીણી,0,900,1240
07/04/2025,92454,grain,Seasmum,તલી ,580,1750,2221
07/04/2025,92455,grain,Sunflower,સુરજમુખી,20,630,1400
07/04/2025,92456,grain,Castor seed,એરંડા,1900,1125,1172
07/04/2025,92457,grain,Thymol,અજમો,20,1000,1800
07/04/2025,92458,grain,Dil Seed,સુવા,50,1564,2000
07/04/2025,92459,grain,Soyabin,સોયાબીન,350,700,798
07/04/2025,92460,grain,Groundnut-Fada,સીંગફાડા,420,1050,1335
07/04/2025,92461,grain,Sesmum-Black,કાળા તલ ,50,4600,5600
07/04/2025,92462,grain,Garlic,લસણ,2000,740,1300
07/04/2025,92463,grain,Corriander,ધાણા,0,1200,1711
07/04/2025,92464,grain,Chillies,મરચા સુકા ,0,800,2400
07/04/2025,92465,grain,Dhani,ધાણી,0,1260,2011
07/04/2025,92466,grain,Variyali,વરીયાળી,600,2400,3500
07/04/2025,92467,grain,Cummin,જીરૂ,5100,4001,5000
07/04/2025,92468,grain,Mustard,રાય,600,1020,1320
07/04/2025,92469,grain,Fenugreek,મેથી,0,820,1280
07/04/2025,92470,grain,Isabgul,ઇસબગુલ,25,1500,2500
07/04/2025,92471,grain,Asario,અશેરીયો,30,1250,1350
07/04/2025,92472,grain,kalonji,કલોંજી,1500,2900,3580
07/04/2025,92473,grain,Mustard seed,રાયડો,1200,980,1080
07/04/2025,92474,grain,Guvar Bee,ગુવારનું બી,20,920,935
08/04/2025,92512,grain,Cotton B.T.,કપાસ બી.ટી.,2200,1320,1504
08/04/2025,92513,grain,Wheat Lokvan,ઘઉં લોકવન,0,472,532
08/04/2025,92514,grain,Wheat Tukda,ઘઉં ટુકડા,0,468,600
08/04/2025,92515,grain,Jowar White,જુવાર સફેદ,250,640,812
08/04/2025,92516,grain,Tuver,તુવેર,0,1205,1445
08/04/2025,92517,grain,Gram Yellow,ચણા પીળા,0,1000,1120
08/04/2025,92518,grain,Gram White,ચણા સફેદ,0,1300,2300
08/04/2025,92519,grain,Urad,અડદ,225,1255,1618
08/04/2025,92520,grain,Mung,મગ,60,950,1700
08/04/2025,92521,grain,Val Deshi,વાલ દેશી,250,850,1328
08/04/2025,92522,grain,Val Papdi,વાલ પાપડી,10,1801,1818
08/04/2025,92523,grain,Peas,વટાણા,1500,700,2315
08/04/2025,92524,grain,Rajma,રાજમા,700,880,2270
08/04/2025,92525,grain,Groundnut Big,મગફળી જાડી,9360,900,1088
08/04/2025,92526,grain,Groundnut Small,મગફળી જીણી,6240,930,1260
08/04/2025,92527,grain,Linseed,અળશી,30,1175,1175
08/04/2025,92528,grain,Seasmum,તલી ,435,1735,2135
08/04/2025,92529,grain,Sunflower,સુરજમુખી,5,1350,1350
08/04/2025,92530,grain,Castor seed,એરંડા,1400,1125,1172
08/04/2025,92531,grain,Thymol,અજમો,30,1105,2600
08/04/2025,92532,grain,Dil Seed,સુવા,30,1700,2000
08/04/2025,92533,grain,Soyabin,સોયાબીન,300,790,819
08/04/2025,92534,grain,Groundnut-Fada,સીંગફાડા,280,1054,1330
08/04/2025,92535,grain,Sesmum-Black,કાળા તલ ,80,4174,5400
08/04/2025,92536,grain,Garlic,લસણ,2700,725,1400
08/04/2025,92537,grain,Corriander,ધાણા,0,1200,1750
08/04/2025,92538,grain,Chillies,મરચા સુકા ,800,930,2405
08/04/2025,92539,grain,Dhani,ધાણી,0,1240,2111
08/04/2025,92540,grain,Variyali,વરીયાળી,1000,1800,3200
08/04/2025,92541,grain,Cummin,જીરૂ,2850,4051,5011
08/04/2025,92542,grain,Mustard,રાય,550,1070,1310
08/04/2025,92543,grain,Fenugreek,મેથી,0,860,1350
08/04/2025,92544,grain,Isabgul,ઇસબગુલ,25,2000,2450
08/04/2025,92545,grain,Asario,અશેરીયો,35,1350,1425
08/04/2025,92546,grain,kalonji,કલોંજી,900,2900,3550
08/04/2025,92547,grain,Mustard seed,રાયડો,600,970,1080
08/04/2025,92548,grain,Guvar Bee,ગુવારનું બી,20,930,965
09/04/2025,92586,grain,Cotton B.T.,કપાસ બી.ટી.,2150,1350,1502
09/04/2025,92587,grain,Wheat Lokvan,ઘઉં લોકવન,0,472,516
09/04/2025,92588,grain,Wheat Tukda,ઘઉં ટુકડા,0,468,600
09/04/2025,92589,grain,Jowar White,જુવાર સફેદ,150,700,860
09/04/2025,92590,grain,Jowar Yellow,જુવાર પીળી ,15,360,450
09/04/2025,92591,grain,Tuver,તુવેર,1950,1210,1502
09/04/2025,92592,grain,Gram Yellow,ચણા પીળા,0,1000,1115
09/04/2025,92593,grain,Gram White,ચણા સફેદ,0,1300,2290
09/04/2025,92594,grain,Urad,અડદ,60,1190,1525
09/04/2025,92595,grain,Mung,મગ,35,800,1630
09/04/2025,92596,grain,Val Deshi,વાલ દેશી,425,800,1380
09/04/2025,92597,grain,Peas,વટાણા,1200,750,2205
09/04/2025,92598,grain,Rajma,રાજમા,900,800,1670
09/04/2025,92599,grain,Groundnut Big,મગફળી જાડી,0,880,1085
09/04/2025,92600,grain,Groundnut Small,મગફળી જીણી,0,925,1270
09/04/2025,92601,grain,Seasmum,તલી ,375,1800,2200
09/04/2025,92602,grain,Sunflower,સુરજમુખી,45,1100,1100
09/04/2025,92603,grain,Castor seed,એરંડા,1425,1131,1180
09/04/2025,92604,grain,Thymol,અજમો,20,999,1900
09/04/2025,92605,grain,Dil Seed,સુવા,20,1650,2000
09/04/2025,92606,grain,Soyabin,સોયાબીન,375,808,836
09/04/2025,92607,grain,Groundnut-Fada,સીંગફાડા,560,1050,1340
09/04/2025,92608,grain,Sesmum-Black,કાળા તલ ,45,4000,5300
09/04/2025,92609,grain,Garlic,લસણ,1800,750,1400
09/04/2025,92610,grain,Chillies,મરચા સુકા ,0,850,1850
09/04/2025,92611,grain,Variyali,વરીયાળી,750,1800,3500
09/04/2025,92612,grain,Cummin,જીરૂ,2700,3801,4875
09/04/2025,92613,grain,Mustard,રાય,400,1050,1310
09/04/2025,92614,grain,Fenugreek,મેથી,0,830,1220
09/04/2025,92615,grain,Isabgul,ઇસબગુલ,20,1850,2450
09/04/2025,92616,grain,Asario,અશેરીયો,20,1411,1500
09/04/2025,92617,grain,kalonji,કલોંજી,0,3000,3525
09/04/2025,92618,grain,Mustard seed,રાયડો,480,970,1070
09/04/2025,92619,grain,Guvar Bee,ગુવારનું બી,260,890,945
10/04/2025,92657,grain,Cotton B.T.,કપાસ બી.ટી.,1900,1325,1521
10/04/2025,92658,grain,Wheat Lokvan,ઘઉં લોકવન,0,472,530
10/04/2025,92659,grain,Wheat Tukda,ઘઉં ટુકડા,0,474,625
10/04/2025,92660,grain,Jowar White,જુવાર સફેદ,200,700,822
10/04/2025,92661,grain,Bajri,બાજરી,6,425,425
10/04/2025,92662,grain,Tuver,તુવેર,1050,1201,1497
10/04/2025,92663,grain,Gram Yellow,ચણા પીળા,0,1000,1125
10/04/2025,92664,grain,Gram White,ચણા સફેદ,0,1280,2210
10/04/2025,92665,grain,Urad,અડદ,75,1170,1658
10/04/2025,92666,grain,Mung,મગ,50,1050,1754
10/04/2025,92667,grain,Val Deshi,વાલ દેશી,400,880,1300
10/04/2025,92668,grain,Choli,ચોળી,30,1140,1880
10/04/2025,92669,grain,Peas,વટાણા,1700,800,2100
10/04/2025,92670,grain,Rajma,રાજમા,825,800,2370
10/04/2025,92671,grain,Groundnut Big,મગફળી જાડી,0,880,1090
10/04/2025,92672,grain,Groundnut Small,મગફળી જીણી,0,900,1250
10/04/2025,92673,grain,Linseed,અળશી,10,1202,1202
10/04/2025,92674,grain,Seasmum,તલી ,525,1854,2240
10/04/2025,92675,grain,Sunflower,સુરજમુખી,42,1325,1425
10/04/2025,92676,grain,Castor seed,એરંડા,1400,1141,1190
10/04/2025,92677,grain,Thymol,અજમો,20,1212,1900
10/04/2025,92678,grain,Dil Seed,સુવા,20,1750,2100
10/04/2025,92679,grain,Soyabin,સોયાબીન,225,805,836
10/04/2025,92680,grain,Groundnut-Fada,સીંગફાડા,600,1040,1325
10/04/2025,92681,grain,Sesmum-Black,કાળા તલ ,40,4000,5473
10/04/2025,92682,grain,Garlic,લસણ,1500,700,1380
10/04/2025,92683,grain,Corriander,ધાણા,10080,1210,1680
10/04/2025,92684,grain,Chillies,મરચા સુકા ,800,820,2000
10/04/2025,92685,grain,Dhani,ધાણી,6720,1240,2180
10/04/2025,92686,grain,Variyali,વરીયાળી,1200,2100,3100
10/04/2025,92687,grain,Cummin,જીરૂ,2520,3750,4750
10/04/2025,92688,grain,Fenugreek,મેથી,42000,840,1280
10/04/2025,92689,grain,Isabgul,ઇસબગુલ,20,2000,2500
10/04/2025,92690,grain,Asario,અશેરીયો,50,1456,1600
10/04/2025,92691,grain,kalonji,કલોંજી,900,3100,3610
10/04/2025,92692,grain,Guvar Bee,ગુવારનું બી,200,919,919
11/04/2025,92730,grain,Cotton B.T.,કપાસ બી.ટી.,2400,1368,1522
11/04/2025,92731,grain,Wheat Lokvan,ઘઉં લોકવન,0,482,521
11/04/2025,92732,grain,Wheat Tukda,ઘઉં ટુકડા,0,472,611
11/04/2025,92733,grain,Jowar White,જુવાર સફેદ,100,500,850
11/04/2025,92734,grain,Tuver,તુવેર,0,1210,1470
11/04/2025,92735,grain,Gram Yellow,ચણા પીળા,0,1000,1121
11/04/2025,92736,grain,Gram White,ચણા સફેદ,0,1300,2185
11/04/2025,92737,grain,Urad,અડદ,55,1230,1603
11/04/2025,92738,grain,Mung,મગ,160,1258,1869
11/04/2025,92739,grain,Val Deshi,વાલ દેશી,450,970,1290
11/04/2025,92740,grain,Peas,વટાણા,1700,800,2100
11/04/2025,92741,grain,Rajma,રાજમા,825,800,2370
11/04/2025,92742,grain,Groundnut Big,મગફળી જાડી,0,880,1089
11/04/2025,92743,grain,Groundnut Small,મગફળી જીણી,0,920,1245
11/04/2025,92744,grain,Seasmum,તલી ,800,1720,2100
11/04/2025,92745,grain,Sunflower,સુરજમુખી,24,1450,1450
11/04/2025,92746,grain,Castor seed,એરંડા,1300,1140,1218
11/04/2025,92747,grain,Thymol,અજમો,100,1500,2350
11/04/2025,92748,grain,Dil Seed,સુવા,100,1500,1999
11/04/2025,92749,grain,Soyabin,સોયાબીન,350,800,856
11/04/2025,92750,grain,Groundnut-Fada,સીંગફાડા,480,1070,1345
11/04/2025,92751,grain,Sesmum-Black,કાળા તલ ,80,4400,5299
11/04/2025,92752,grain,Garlic,લસણ,1500,700,1300
11/04/2025,92753,grain,Corriander,ધાણા,0,1260,1811
11/04/2025,92754,grain,Chillies,મરચા સુકા ,0,700,2000
11/04/2025,92755,grain,Dhani,ધાણી,0,1290,1950
11/04/2025,92756,grain,Variyali,વરીયાળી,700,2000,2700
11/04/2025,92757,grain,Cummin,જીરૂ,0,3721,4811
11/04/2025,92758,grain,Mustard,રાય,700,1040,1310
11/04/2025,92759,grain,Fenugreek,મેથી,0,850,1300
11/04/2025,92760,grain,Isabgul,ઇસબગુલ,30,1500,2550
11/04/2025,92761,grain,Asario,અશેરીયો,70,1211,1616
11/04/2025,92762,grain,kalonji,કલોંજી,1000,3000,3597
11/04/2025,92763,grain,Mustard seed,રાયડો,600,980,1090
12/04/2025,92764,veg,Mango Unripe,કેરી કાચી,105,700,1000
12/04/2025,92765,veg,Lemon,લીંબુ,326,1400,3000
12/04/2025,92766,veg,Melon (Sakerteti),સાકરટેટી,50,200,400
12/04/2025,92767,veg,Water Melon,તરબુચ,370,200,300
12/04/2025,92768,veg,Potato,બટેટા,4200,150,300
12/04/2025,92769,veg,Onion,ડુંગળી સુકી ,2439,65,255
12/04/2025,92770,veg,Tometo,ટમેટા,1853,100,200
12/04/2025,92771,veg,Elephant Foot,સુરણ,94,1200,1400
12/04/2025,92772,veg,Coriander(Leaves),કોથમરી,665,300,500
12/04/2025,92773,veg,Sweet Potato,સકરીયા,167,600,800
12/04/2025,92774,veg,Radish,મુળા,36,300,500
12/04/2025,92775,veg,Brinjal,રીંગણા,463,400,700
12/04/2025,92776,veg,Cabbage,કોબીજ,552,100,160
12/04/2025,92777,veg,Cauli Flower,ફલાવર,653,300,500
12/04/2025,92778,veg,Lady Fingure,ભીંડો,545,800,1000
12/04/2025,92779,veg,Cluster Been,ગુવાર,443,1500,1800
12/04/2025,92780,veg,Choli Shing,ચોળાસીંગ,127,1400,1700
12/04/2025,92781,veg,Valol,વાલોળ,225,1000,1200
12/04/2025,92782,veg,Little Gourd,ટીંડોળા ,114,900,1250
12/04/2025,92783,veg,Bottle Gourd,દુધી,553,200,400
12/04/2025,92784,veg,Bitter Gourd,કારેલા,355,500,900
12/04/2025,92785,veg,Sargavo,સરગવો,112,150,450
12/04/2025,92786,veg,Ridge Gourd,તુરીયા,243,700,950
12/04/2025,92787,veg,Pointed Gourd,પરવર,62,1000,1400
12/04/2025,92788,veg,Cacumber,કાકડી,415,400,700
12/04/2025,92789,veg,Carrut,ગાજર,480,300,550
12/04/2025,92790,veg,Vatana,વટાણા,302,1100,1400
12/04/2025,92791,veg,Smooth Gourd,ગલકા,402,600,800
12/04/2025,92792,veg,Beet,બીટ,150,100,200
12/04/2025,92793,veg,Methi,મેથી,212,150,350
12/04/2025,92794,veg,Val,વાલ,145,1000,1200
12/04/2025,92795,veg,Spring Onion,ડુંગળી લીલી ,365,150,300
12/04/2025,92796,veg,Ginger,આદુ,313,750,950
12/04/2025,92797,veg,Chilli Green,મરચા લીલા,405,400,700
12/04/2025,92798,veg,Green Garlic,લસણ લીલું ,152,400,900
12/04/2025,92799,veg,Green Corn,મકાઇ લીલી,325,100,200
12/04/2025,92800,veg,Gunda,ગુંદા,25,1000,1400
14/04/2025,92838,grain,Cotton B.T.,કપાસ બી.ટી.,2000,1350,1527
14/04/2025,92839,grain,Wheat Lokvan,ઘઉં લોકવન,11000,480,520
14/04/2025,92840,grain,Wheat Tukda,ઘઉં ટુકડા,44000,473,548
14/04/2025,92841,grain,Jowar White,જુવાર સફેદ,105,600,800
14/04/2025,92842,grain,Jowar Yellow,જુવાર પીળી ,15,650,750
14/04/2025,92843,grain,Tuver,તુવેર,2000,1200,1500
14/04/2025,92844,grain,Gram Yellow,ચણા પીળા,0,980,1110
14/04/2025,92845,grain,Gram White,ચણા સફેદ,0,1300,2250
14/04/2025,92846,grain,Urad,અડદ,200,1225,1600
14/04/2025,92847,grain,Mung,મગ,240,1070,1960
14/04/2025,92848,grain,Val Deshi,વાલ દેશી,400,800,1296
14/04/2025,92849,grain,Peas,વટાણા,1300,850,2054
14/04/2025,92850,grain,Rajma,રાજમા,1000,800,2230
14/04/2025,92851,grain,Groundnut Big,મગફળી જાડી,3960,900,1075
14/04/2025,92852,grain,Groundnut Small,મગફળી જીણી,2640,940,1250
14/04/2025,92853,grain,Seasmum,તલી ,400,1654,2012
14/04/2025,92854,grain,Castor seed,એરંડા,2400,1100,1179
14/04/2025,92855,grain,Thymol,અજમો,150,1500,2200
14/04/2025,92856,grain,Dil Seed,સુવા,100,1211,1810
14/04/2025,92857,grain,Soyabin,સોયાબીન,600,800,875
14/04/2025,92858,grain,Groundnut-Fada,સીંગફાડા,420,1075,1355
14/04/2025,92859,grain,Sesmum-Black,કાળા તલ ,70,3700,5001
14/04/2025,92860,grain,Garlic,લસણ,2100,750,1380
14/04/2025,92861,grain,Corriander,ધાણા,0,1160,1670
14/04/2025,92862,grain,Chillies,મરચા સુકા ,640,700,2250
14/04/2025,92863,grain,Dhani,ધાણી,0,1220,1960
14/04/2025,92864,grain,Variyali,વરીયાળી,550,2000,2420
14/04/2025,92865,grain,Cummin,જીરૂ,5000,4021,5000
14/04/2025,92866,grain,Mustard,રાય,550,1020,1300
14/04/2025,92867,grain,Fenugreek,મેથી,0,870,1280
14/04/2025,92868,grain,Isabgul,ઇસબગુલ,10,1850,2375
14/04/2025,92869,grain,Asario,અશેરીયો,50,1215,1580
14/04/2025,92870,grain,kalonji,કલોંજી,900,2825,3525
14/04/2025,92871,grain,Mustard seed,રાયડો,900,960,1080
15/04/2025,92909,grain,Cotton B.T.,કપાસ બી.ટી.,2400,1341,1520
15/04/2025,92910,grain,Wheat Lokvan,ઘઉં લોકવન,0,470,532
15/04/2025,92911,grain,Wheat Tukda,ઘઉં ટુકડા,0,472,611
15/04/2025,92912,grain,Jowar White,જુવાર સફેદ,100,600,720
15/04/2025,92913,grain,Bajri,બાજરી,25,380,445
15/04/2025,92914,grain,Tuver,તુવેર,1500,1166,1478
15/04/2025,92915,grain,Gram Yellow,ચણા પીળા,0,1000,1105
15/04/2025,92916,grain,Gram White,ચણા સફેદ,0,1250,2230
15/04/2025,92917,grain,Urad,અડદ,45,1240,1640
15/04/2025,92918,grain,Mung,મગ,325,1000,1847
15/04/2025,92919,grain,Val Deshi,વાલ દેશી,500,880,1215
15/04/2025,92920,grain,Choli,ચોળી,40,1444,2526
15/04/2025,92921,grain,Peas,વટાણા,750,1300,2000
15/04/2025,92922,grain,Kulthi,કળથી,25,851,851
15/04/2025,92923,grain,Rajma,રાજમા,400,1000,2185
15/04/2025,92924,grain,Groundnut Big,મગફળી જાડી,0,880,1065
15/04/2025,92925,grain,Groundnut Small,મગફળી જીણી,0,920,1230
15/04/2025,92926,grain,Linseed,અળશી,7,1100,1100
15/04/2025,92927,grain,Seasmum,તલી ,510,1500,2000
15/04/2025,92928,grain,Sunflower,સુરજમુખી,12,1225,1425
15/04/2025,92929,grain,Castor seed,એરંડા,2000,1115,1177
15/04/2025,92930,grain,Thymol,અજમો,50,1300,2300
15/04/2025,92931,grain,Dil Seed,સુવા,70,1554,1796
15/04/2025,92932,grain,Soyabin,સોયાબીન,700,800,853
15/04/2025,92933,grain,Groundnut-Fada,સીંગફાડા,560,1180,1360
15/04/2025,92934,grain,Sesmum-Black,કાળા તલ ,80,4000,5074
15/04/2025,92935,grain,Garlic,લસણ,3000,680,1400
15/04/2025,92936,grain,Corriander,ધાણા,0,1100,1670
15/04/2025,92937,grain,Chillies,મરચા સુકા ,0,850,2270
15/04/2025,92938,grain,Dhani,ધાણી,0,1200,1900
15/04/2025,92939,grain,Variyali,વરીયાળી,750,1800,2750
15/04/2025,92940,grain,Cummin,જીરૂ,3000,3951,4950
15/04/2025,92941,grain,Mustard,રાય,300,1120,1340
15/04/2025,92942,grain,Fenugreek,મેથી,0,860,1274
15/04/2025,92943,grain,Isabgul,ઇસબગુલ,50,1550,2400
15/04/2025,92944,grain,Asario,અશેરીયો,10,1371,1501
15/04/2025,92945,grain,kalonji,કલોંજી,600,3000,3525
15/04/2025,92946,grain,Mustard seed,રાયડો,600,881,1090
15/04/2025,92947,grain,Guvar Bee,ગુવારનું બી,5,900,900
16/04/2025,92985,grain,Cotton B.T.,કપાસ બી.ટી.,1500,1390,1541
16/04/2025,92986,grain,Wheat Lokvan,ઘઉં લોકવન,0,475,537
16/04/2025,92987,grain,Wheat Tukda,ઘઉં ટુકડા,0,470,614
16/04/2025,92988,grain,Jowar White,જુવાર સફેદ,50,650,750
16/04/2025,92989,grain,Jowar Red,જુવાર લાલ,10,700,948
16/04/2025,92990,grain,Jowar Yellow,જુવાર પીળી ,15,400,450
16/04/2025,92991,grain,Bajri,બાજરી,17,375,450
16/04/2025,92992,grain,Tuver,તુવેર,0,1193,1490
16/04/2025,92993,grain,Gram Yellow,ચણા પીળા,0,980,1115
16/04/2025,92994,grain,Gram White,ચણા સફેદ,0,1300,2200
16/04/2025,92995,grain,Urad,અડદ,45,1290,1582
16/04/2025,92996,grain,Mung,મગ,350,1080,1800
16/04/2025,92997,grain,Val Deshi,વાલ દેશી,530,800,1250
16/04/2025,92998,grain,Peas,વટાણા,1500,700,2000
16/04/2025,92999,grain,Kulthi,કળથી,5,801,801
16/04/2025,93000,grain,Rajma,રાજમા,0,700,1800
16/04/2025,93001,grain,Groundnut Big,મગફળી જાડી,6480,860,1058
16/04/2025,93002,grain,Groundnut Small,મગફળી જીણી,4320,930,1260
16/04/2025,93003,grain,Seasmum,તલી ,600,1754,2077
16/04/2025,93004,grain,Castor seed,એરંડા,1500,1125,1190
16/04/2025,93005,grain,Thymol,અજમો,100,1450,1850
16/04/2025,93006,grain,Dil Seed,સુવા,70,1350,1950
16/04/2025,93007,grain,Soyabin,સોયાબીન,350,800,849
16/04/2025,93008,grain,Groundnut-Fada,સીંગફાડા,420,1090,1350
16/04/2025,93009,grain,Sesmum-Black,કાળા તલ ,40,3940,5071
16/04/2025,93010,grain,Garlic,લસણ,2250,720,1450
16/04/2025,93011,grain,Corriander,ધાણા,0,1150,1670
16/04/2025,93012,grain,Chillies,મરચા સુકા ,640,800,1950
16/04/2025,93013,grain,Dhani,ધાણી,0,1270,1980
16/04/2025,93014,grain,Variyali,વરીયાળી,600,1800,2750
16/04/2025,93015,grain,Cummin,જીરૂ,0,3801,4851
16/04/2025,93016,grain,Mustard,રાય,350,1080,1340
16/04/2025,93017,grain,Fenugreek,મેથી,0,840,1280
16/04/2025,93018,grain,Isabgul,ઇસબગુલ,15,1900,2525
16/04/2025,93019,grain,Asario,અશેરીયો,40,1500,1600
16/04/2025,93020,grain,kalonji,કલોંજી,720,3150,3570
16/04/2025,93021,grain,Mustard seed,રાયડો,500,940,1080
16/04/2025,93022,grain,Guvar Bee,ગુવારનું બી,10,901,901
17/04/2025,93060,grain,Cotton B.T.,કપાસ બી.ટી.,1325,1400,1540
17/04/2025,93061,grain,Wheat Lokvan,ઘઉં લોકવન,0,475,528
17/04/2025,93062,grain,Wheat Tukda,ઘઉં ટુકડા,0,482,625
17/04/2025,93063,grain,Jowar White,જુવાર સફેદ,90,640,850
17/04/2025,93064,grain,Jowar Red,જુવાર લાલ,5,700,900
17/04/2025,93065,grain,Jowar Yellow,જુવાર પીળી ,15,380,430
17/04/2025,93066,grain,Bajri,બાજરી,15,375,425
17/04/2025,93067,grain,Tuver,તુવેર,1600,1181,1497
17/04/2025,93068,grain,Gram Yellow,ચણા પીળા,0,950,1111
17/04/2025,93069,grain,Gram White,ચણા સફેદ,0,1300,2325
17/04/2025,93070,grain,Urad,અડદ,75,1295,1610
17/04/2025,93071,grain,Mung,મગ,550,995,1830
17/04/2025,93072,grain,Val Deshi,વાલ દેશી,250,700,1256
17/04/2025,93073,grain,Peas,વટાણા,700,600,2075
17/04/2025,93074,grain,Rajma,રાજમા,1000,670,2351
17/04/2025,93075,grain,Groundnut Seed,સીંગદાણા,20,1350,1410
17/04/2025,93076,grain,Groundnut Big,મગફળી જાડી,0,860,1061
17/04/2025,93077,grain,Groundnut Small,મગફળી જીણી,0,930,1240
17/04/2025,93078,grain,Linseed,અળશી,2,1044,1044
17/04/2025,93079,grain,Seasmum,તલી ,500,1754,2050
17/04/2025,93080,grain,Sunflower,સુરજમુખી,8,1044,1044
17/04/2025,93081,grain,Castor seed,એરંડા,1600,1131,1200
17/04/2025,93082,grain,Thymol,અજમો,70,1350,1900
17/04/2025,93083,grain,Dil Seed,સુવા,70,1350,1910
17/04/2025,93084,grain,Soyabin,સોયાબીન,450,805,877
17/04/2025,93085,grain,Groundnut-Fada,સીંગફાડા,480,1080,1352
17/04/2025,93086,grain,Sesmum-Black,કાળા તલ ,50,3500,4900
17/04/2025,93087,grain,Garlic,લસણ,2000,740,1375
17/04/2025,93088,grain,Corriander,ધાણા,8400,1150,1670
17/04/2025,93089,grain,Chillies,મરચા સુકા ,0,800,2400
17/04/2025,93090,grain,Dhani,ધાણી,3600,1250,1930
17/04/2025,93091,grain,Variyali,વરીયાળી,1100,1800,2700
17/04/2025,93092,grain,Cummin,જીરૂ,5200,3911,4785
17/04/2025,93093,grain,Mustard,રાય,300,1040,1290
17/04/2025,93094,grain,Fenugreek,મેથી,0,870,1270
17/04/2025,93095,grain,Isabgul,ઇસબગુલ,25,1800,2400
17/04/2025,93096,grain,Asario,અશેરીયો,62,1475,1625
17/04/2025,93097,grain,kalonji,કલોંજી,550,3150,3600
17/04/2025,93098,grain,Mustard seed,રાયડો,600,930,1080
17/04/2025,93099,grain,Guvar Bee,ગુવારનું બી,40,940,980
18/04/2025,93137,grain,Cotton B.T.,કપાસ બી.ટી.,1250,1390,1541
18/04/2025,93138,grain,Wheat Lokvan,ઘઉં લોકવન,0,475,530
18/04/2025,93139,grain,Wheat Tukda,ઘઉં ટુકડા,0,482,620
18/04/2025,93140,grain,Jowar White,જુવાર સફેદ,40,640,844
18/04/2025,93141,grain,Bajri,બાજરી,5,375,445
18/04/2025,93142,grain,Tuver,તુવેર,0,1180,1499
18/04/2025,93143,grain,Gram Yellow,ચણા પીળા,0,930,1110
18/04/2025,93144,grain,Gram White,ચણા સફેદ,0,1250,2270
18/04/2025,93145,grain,Urad,અડદ,60,1280,1551
18/04/2025,93146,grain,Mung,મગ,575,1020,1740
18/04/2025,93147,grain,Val Deshi,વાલ દેશી,300,700,1100
18/04/2025,93148,grain,Peas,વટાણા,800,700,2020
18/04/2025,93149,grain,Rajma,રાજમા,800,725,2150
18/04/2025,93150,grain,Groundnut Big,મગફળી જાડી,0,880,1063
18/04/2025,93151,grain,Groundnut Small,મગફળી જીણી,0,930,1250
18/04/2025,93152,grain,Seasmum,તલી ,530,1600,1990
18/04/2025,93153,grain,Castor seed,એરંડા,1700,1135,1198
18/04/2025,93154,grain,Thymol,અજમો,50,1000,1880
18/04/2025,93155,grain,Dil Seed,સુવા,90,1450,1660
18/04/2025,93156,grain,Soyabin,સોયાબીન,400,825,858
18/04/2025,93157,grain,Groundnut-Fada,સીંગફાડા,840,1080,1365
18/04/2025,93158,grain,Sesmum-Black,કાળા તલ ,10,3820,4500
18/04/2025,93159,grain,Garlic,લસણ,2750,770,1400
18/04/2025,93160,grain,Corriander,ધાણા,0,1170,1640
18/04/2025,93161,grain,Chillies,મરચા સુકા ,744,800,2100
18/04/2025,93162,grain,Dhani,ધાણી,0,1235,2020
18/04/2025,93163,grain,Variyali,વરીયાળી,650,1700,2750
18/04/2025,93164,grain,Cummin,જીરૂ,0,3801,4670
18/04/2025,93165,grain,Mustard,રાય,200,1040,1240
18/04/2025,93166,grain,Fenugreek,મેથી,0,840,1230
18/04/2025,93167,grain,Isabgul,ઇસબગુલ,40,1950,2349
18/04/2025,93168,grain,Asario,અશેરીયો,40,1450,1633
18/04/2025,93169,grain,kalonji,કલોંજી,400,3200,3760
18/04/2025,93170,grain,Mustard seed,રાયડો,300,950,1080
19/04/2025,93208,grain,Cotton B.T.,કપાસ બી.ટી.,1000,1385,1530
19/04/2025,93209,grain,Wheat Lokvan,ઘઉં લોકવન,0,476,525
19/04/2025,93210,grain,Wheat Tukda,ઘઉં ટુકડા,0,485,617
19/04/2025,93211,grain,Jowar White,જુવાર સફેદ,50,681,815
19/04/2025,93212,grain,Bajri,બાજરી,8,430,430
19/04/2025,93213,grain,Tuver,તુવેર,2100,1191,1440
19/04/2025,93214,grain,Gram Yellow,ચણા પીળા,0,930,1111
19/04/2025,93215,grain,Gram White,ચણા સફેદ,0,1250,2036
19/04/2025,93216,grain,Urad,અડદ,110,1301,1570
19/04/2025,93217,grain,Mung,મગ,275,1100,1674
19/04/2025,93218,grain,Val Deshi,વાલ દેશી,100,600,1000
19/04/2025,93219,grain,Peas,વટાણા,400,570,1822
19/04/2025,93220,grain,Rajma,રાજમા,300,800,2170
19/04/2025,93221,grain,Groundnut Big,મગફળી જાડી,5400,880,1055
19/04/2025,93222,grain,Groundnut Small,મગફળી જીણી,3600,940,1270
19/04/2025,93223,grain,Seasmum,તલી ,400,1650,2011
19/04/2025,93224,grain,Sunflower,સુરજમુખી,35,750,1550
19/04/2025,93225,grain,Castor seed,એરંડા,1900,1150,1202
19/04/2025,93226,grain,Thymol,અજમો,60,1100,1700
19/04/2025,93227,grain,Dil Seed,સુવા,60,1200,1700
19/04/2025,93228,grain,Soyabin,સોયાબીન,500,800,870
19/04/2025,93229,grain,Groundnut-Fada,સીંગફાડા,280,1100,1350
19/04/2025,93230,grain,Sesmum-Black,કાળા તલ ,30,3440,4600
19/04/2025,93231,grain,Garlic,લસણ,150,725,1425
19/04/2025,93232,grain,Corriander,ધાણા,0,1170,1650
19/04/2025,93233,grain,Chillies,મરચા સુકા ,0,800,1200
19/04/2025,93234,grain,Dhani,ધાણી,0,1230,1800
19/04/2025,93235,grain,Variyali,વરીયાળી,700,1400,2800
19/04/2025,93236,grain,Cummin,જીરૂ,2100,3851,4475
19/04/2025,93237,grain,Fenugreek,મેથી,32000,820,1290
19/04/2025,93238,grain,Isabgul,ઇસબગુલ,30,1850,2300
19/04/2025,93239,grain,Asario,અશેરીયો,2,1376,1376
19/04/2025,93240,grain,kalonji,કલોંજી,600,3300,3880
21/04/2025,93278,grain,Cotton B.T.,કપાસ બી.ટી.,1000,1395,1535
21/04/2025,93279,grain,Wheat Lokvan,ઘઉં લોકવન,5000,480,536
21/04/2025,93280,grain,Wheat Tukda,ઘઉં ટુકડા,25000,482,625
21/04/2025,93281,grain,Jowar White,જુવાર સફેદ,75,640,792
21/04/2025,93282,grain,Jowar Yellow,જુવાર પીળી ,245,360,455
21/04/2025,93283,grain,Bajri,બાજરી,12,375,425
21/04/2025,93284,grain,Tuver,તુવેર,1750,1160,1474
21/04/2025,93285,grain,Gram Yellow,ચણા પીળા,0,940,1111
21/04/2025,93286,grain,Gram White,ચણા સફેદ,0,1240,2284
21/04/2025,93287,grain,Urad,અડદ,65,1270,1618
21/04/2025,93288,grain,Mung,મગ,90,1100,1660
21/04/2025,93289,grain,Val Deshi,વાલ દેશી,250,750,1200
21/04/2025,93290,grain,Peas,વટાણા,350,450,1900
21/04/2025,93291,grain,Rajma,રાજમા,400,450,1404
21/04/2025,93292,grain,Groundnut Big,મગફળી જાડી,0,885,1060
21/04/2025,93293,grain,Groundnut Small,મગફળી જીણી,0,950,1270
21/04/2025,93294,grain,Seasmum,તલી ,450,1600,1960
21/04/2025,93295,grain,Sunflower,સુરજમુખી,8,650,850
21/04/2025,93296,grain,Castor seed,એરંડા,2000,1160,1206
21/04/2025,93297,grain,Thymol,અજમો,70,1195,1700
21/04/2025,93298,grain,Dil Seed,સુવા,50,1190,1452
21/04/2025,93299,grain,Soyabin,સોયાબીન,400,822,844
21/04/2025,93300,grain,Groundnut-Fada,સીંગફાડા,480,1075,1325
21/04/2025,93301,grain,Sesmum-Black,કાળા તલ ,45,3500,4900
21/04/2025,93302,grain,Garlic,લસણ,2000,730,1410
21/04/2025,93303,grain,Corriander,ધાણા,0,1170,1610
21/04/2025,93304,grain,Chillies,મરચા સુકા ,820,780,2070
21/04/2025,93305,grain,Dhani,ધાણી,0,1220,1830
21/04/2025,93306,grain,Variyali,વરીયાળી,600,1450,2800
21/04/2025,93307,grain,Cummin,જીરૂ,1200,3851,4600
21/04/2025,93308,grain,Mustard,રાય,225,1060,1300
21/04/2025,93309,grain,Fenugreek,મેથી,0,820,1320
21/04/2025,93310,grain,Isabgul,ઇસબગુલ,10,1800,2300
21/04/2025,93311,grain,Asario,અશેરીયો,42,1414,1440
21/04/2025,93312,grain,kalonji,કલોંજી,420,3200,3910
21/04/2025,93313,grain,Mustard seed,રાયડો,450,950,1100
21/04/2025,93314,grain,Guvar Bee,ગુવારનું બી,40,970,970
22/04/2025,93352,grain,Cotton B.T.,કપાસ બી.ટી.,800,1400,1540
22/04/2025,93353,grain,Wheat Lokvan,ઘઉં લોકવન,0,486,542
22/04/2025,93354,grain,Wheat Tukda,ઘઉં ટુકડા,0,482,666
22/04/2025,93355,grain,Jowar White,જુવાર સફેદ,135,640,830
22/04/2025,93356,grain,Bajri,બાજરી,6,411,411
22/04/2025,93357,grain,Tuver,તુવેર,2100,1171,1391
22/04/2025,93358,grain,Gram Yellow,ચણા પીળા,32500,970,1110
22/04/2025,93359,grain,Gram White,ચણા સફેદ,20000,1200,2300
22/04/2025,93360,grain,Urad,અડદ,150,1261,1590
22/04/2025,93361,grain,Mung,મગ,100,1100,1690
22/04/2025,93362,grain,Val Deshi,વાલ દેશી,80,851,1200
22/04/2025,93363,grain,Peas,વટાણા,290,800,1800
22/04/2025,93364,grain,Kulthi,કળથી,20,600,800
22/04/2025,93365,grain,Rajma,રાજમા,300,480,2100
22/04/2025,93366,grain,Groundnut Big,મગફળી જાડી,2160,850,1057
22/04/2025,93367,grain,Groundnut Small,મગફળી જીણી,1440,930,1260
22/04/2025,93368,grain,Seasmum,તલી ,450,1754,2040
22/04/2025,93369,grain,Sunflower,સુરજમુખી,9,1025,1025
22/04/2025,93370,grain,Castor seed,એરંડા,1500,1130,1200
22/04/2025,93371,grain,Thymol,અજમો,80,900,1600
22/04/2025,93372,grain,Dil Seed,સુવા,30,1150,1600
22/04/2025,93373,grain,Soyabin,સોયાબીન,250,801,836
22/04/2025,93374,grain,Groundnut-Fada,સીંગફાડા,360,1050,1350
22/04/2025,93375,grain,Sesmum-Black,કાળા તલ ,30,3150,4840
22/04/2025,93376,grain,Garlic,લસણ,2200,750,1575
22/04/2025,93377,grain,Corriander,ધાણા,3480,1100,1600
22/04/2025,93378,grain,Chillies,મરચા સુકા ,0,700,1550
22/04/2025,93379,grain,Dhani,ધાણી,2320,1200,2000
22/04/2025,93380,grain,Variyali,વરીયાળી,650,1700,2810
22/04/2025,93381,grain,Cummin,જીરૂ,1440,3751,4500
22/04/2025,93382,grain,Mustard,રાય,250,1020,1330
22/04/2025,93383,grain,Fenugreek,મેથી,0,810,1250
22/04/2025,93384,grain,Isabgul,ઇસબગુલ,12,1800,2125
22/04/2025,93385,grain,Asario,અશેરીયો,17,1400,1600
22/04/2025,93386,grain,kalonji,કલોંજી,300,3100,3840
22/04/2025,93387,grain,Mustard seed,રાયડો,350,950,1100
22/04/2025,93388,grain,Guvar Bee,ગુવારનું બી,40,880,960
23/04/2025,93425,grain,Cotton B.T.,કપાસ બી.ટી.,1300,1410,1534
23/04/2025,93426,grain,Wheat Lokvan,ઘઉં લોકવન,0,481,532
23/04/2025,93427,grain,Wheat Tukda,ઘઉં ટુકડા,0,486,672
23/04/2025,93428,grain,Jowar White,જુવાર સફેદ,55,650,811
23/04/2025,93429,grain,Tuver,તુવેર,0,1184,1390
23/04/2025,93430,grain,Gram Yellow,ચણા પીળા,0,980,1109
23/04/2025,93431,grain,Gram White,ચણા સફેદ,0,1225,2250
23/04/2025,93432,grain,Urad,અડદ,30,1206,1491
23/04/2025,93433,grain,Mung,મગ,125,1101,1671
23/04/2025,93434,grain,Val Deshi,વાલ દેશી,70,800,1215
23/04/2025,93435,grain,Peas,વટાણા,250,811,1801
23/04/2025,93436,grain,Rajma,રાજમા,400,481,2300
23/04/2025,93437,grain,Groundnut Big,મગફળી જાડી,1980,850,1040
23/04/2025,93438,grain,Groundnut Small,મગફળી જીણી,1320,900,1240
23/04/2025,93439,grain,Seasmum,તલી ,315,1700,2039
23/04/2025,93440,grain,Sunflower,સુરજમુખી,40,1054,1054
23/04/2025,93441,grain,Castor seed,એરંડા,1700,1125,1196
23/04/2025,93442,grain,Thymol,અજમો,50,1107,1540
23/04/2025,93443,grain,Dil Seed,સુવા,20,1390,1655
23/04/2025,93444,grain,Soyabin,સોયાબીન,340,800,841
23/04/2025,93445,grain,Groundnut-Fada,સીંગફાડા,700,1050,1340
23/04/2025,93446,grain,Sesmum-Black,કાળા તલ ,18,3100,4780
23/04/2025,93447,grain,Garlic,લસણ,2000,850,1720
23/04/2025,93448,grain,Corriander,ધાણા,0,1100,1510
23/04/2025,93449,grain,Chillies,મરચા સુકા ,640,825,1600
23/04/2025,93450,grain,Dhani,ધાણી,0,1210,1900
23/04/2025,93451,grain,Variyali,વરીયાળી,1200,1700,2750
23/04/2025,93452,grain,Cummin,જીરૂ,1020,3701,4414
23/04/2025,93453,grain,Mustard,રાય,200,1030,1320
23/04/2025,93454,grain,Fenugreek,મેથી,0,810,1270
23/04/2025,93455,grain,Isabgul,ઇસબગુલ,19,1700,2150
23/04/2025,93456,grain,Asario,અશેરીયો,30,1475,1625
23/04/2025,93457,grain,kalonji,કલોંજી,280,3000,3750
23/04/2025,93458,grain,Mustard seed,રાયડો,350,960,1080
23/04/2025,93459,grain,Guvar Bee,ગુવારનું બી,100,911,911
24/04/2025,93497,grain,Cotton B.T.,કપાસ બી.ટી.,1400,1400,1535
24/04/2025,93498,grain,Wheat Lokvan,ઘઉં લોકવન,0,480,530
24/04/2025,93499,grain,Wheat Tukda,ઘઉં ટુકડા,0,485,620
24/04/2025,93500,grain,Jowar White,જુવાર સફેદ,80,641,822
24/04/2025,93501,grain,Jowar Red,જુવાર લાલ,10,700,900
24/04/2025,93502,grain,Jowar Yellow,જુવાર પીળી ,5,380,450
24/04/2025,93503,grain,Bajri,બાજરી,24,353,425
24/04/2025,93504,grain,Tuver,તુવેર,1250,1100,1450
24/04/2025,93505,grain,Gram Yellow,ચણા પીળા,0,980,1105
24/04/2025,93506,grain,Gram White,ચણા સફેદ,0,1225,2180
24/04/2025,93507,grain,Urad,અડદ,150,1000,1625
24/04/2025,93508,grain,Mung,મગ,200,1150,1841
24/04/2025,93509,grain,Val Deshi,વાલ દેશી,70,815,1215
24/04/2025,93510,grain,Peas,વટાણા,80,600,1731
24/04/2025,93511,grain,Rajma,રાજમા,125,350,2100
24/04/2025,93512,grain,Groundnut Big,મગફળી જાડી,1440,850,1042
24/04/2025,93513,grain,Groundnut Small,મગફળી જીણી,960,900,1220
24/04/2025,93514,grain,Seasmum,તલી ,350,1700,2004
24/04/2025,93515,grain,Sunflower,સુરજમુખી,60,1200,1750
24/04/2025,93516,grain,Castor seed,એરંડા,1600,1130,1182
24/04/2025,93517,grain,Thymol,અજમો,70,900,1600
24/04/2025,93518,grain,Dil Seed,સુવા,50,1450,1609
24/04/2025,93519,grain,Soyabin,સોયાબીન,970,800,830
24/04/2025,93520,grain,Groundnut-Fada,સીંગફાડા,420,1050,1335
24/04/2025,93521,grain,Sesmum-Black,કાળા તલ ,15,3000,4400
24/04/2025,93522,grain,Garlic,લસણ,1350,850,1725
24/04/2025,93523,grain,Corriander,ધાણા,2500,1100,1580
24/04/2025,93524,grain,Chillies,મરચા સુકા ,0,820,2120
24/04/2025,93525,grain,Dhani,ધાણી,1500,1200,1640
24/04/2025,93526,grain,Variyali,વરીયાળી,1210,1650,2700
24/04/2025,93527,grain,Cummin,જીરૂ,660,3770,4490
24/04/2025,93528,grain,Mustard,રાય,250,1070,1340
24/04/2025,93529,grain,Fenugreek,મેથી,0,810,1280
24/04/2025,93530,grain,Isabgul,ઇસબગુલ,20,1800,2100
24/04/2025,93531,grain,Asario,અશેરીયો,12,1351,1351
24/04/2025,93532,grain,kalonji,કલોંજી,150,3140,3770
24/04/2025,93533,grain,Mustard seed,રાયડો,400,950,1100
25/04/2025,93570,grain,Cotton B.T.,કપાસ બી.ટી.,1300,1410,1543
25/04/2025,93571,grain,Wheat Lokvan,ઘઉં લોકવન,3000,480,532
25/04/2025,93572,grain,Wheat Tukda,ઘઉં ટુકડા,15000,487,630
25/04/2025,93573,grain,Jowar White,જુવાર સફેદ,65,701,830
25/04/2025,93574,grain,Jowar Yellow,જુવાર પીળી ,20,401,451
25/04/2025,93575,grain,Bajri,બાજરી,12,375,425
25/04/2025,93576,grain,Tuver,તુવેર,1000,1100,1450
25/04/2025,93577,grain,Gram Yellow,ચણા પીળા,0,970,1105
25/04/2025,93578,grain,Gram White,ચણા સફેદ,0,1240,2258
25/04/2025,93579,grain,Urad,અડદ,175,1000,1600
25/04/2025,93580,grain,Mung,મગ,160,1225,1929
25/04/2025,93581,grain,Val Deshi,વાલ દેશી,80,780,1215
25/04/2025,93582,grain,Peas,વટાણા,300,550,1800
25/04/2025,93583,grain,Kulthi,કળથી,15,750,750
25/04/2025,93584,grain,Rajma,રાજમા,75,504,2150
25/04/2025,93585,grain,Groundnut Big,મગફળી જાડી,1458,850,1038
25/04/2025,93586,grain,Groundnut Small,મગફળી જીણી,972,880,1220
25/04/2025,93587,grain,Linseed,અળશી,5,1379,1379
25/04/2025,93588,grain,Seasmum,તલી ,550,1754,2004
25/04/2025,93589,grain,Sunflower,સુરજમુખી,5,1080,1080
25/04/2025,93590,grain,Castor seed,એરંડા,1500,1130,1196
25/04/2025,93591,grain,Thymol,અજમો,40,900,1425
25/04/2025,93592,grain,Dil Seed,સુવા,20,1400,1450
25/04/2025,93593,grain,Soyabin,સોયાબીન,350,790,821
25/04/2025,93594,grain,Groundnut-Fada,સીંગફાડા,240,1060,1350
25/04/2025,93595,grain,Sesmum-Black,કાળા તલ ,30,4000,4800
25/04/2025,93596,grain,Garlic,લસણ,2100,870,1950
25/04/2025,93597,grain,Corriander,ધાણા,800,1110,1490
25/04/2025,93598,grain,Chillies,મરચા સુકા ,600,1050,2200
25/04/2025,93599,grain,Dhani,ધાણી,400,1200,1700
25/04/2025,93600,grain,Variyali,વરીયાળી,400,1500,2500
25/04/2025,93601,grain,Cummin,જીરૂ,600,3711,4390
25/04/2025,93602,grain,Mustard,રાય,250,1100,1400
25/04/2025,93603,grain,Fenugreek,મેથી,16000,870,1290
25/04/2025,93604,grain,Isabgul,ઇસબગુલ,11,1700,2200
25/04/2025,93605,grain,Asario,અશેરીયો,15,1325,1500
25/04/2025,93606,grain,kalonji,કલોંજી,400,3200,3745
25/04/2025,93607,grain,Mustard seed,રાયડો,400,970,1100
26/04/2025,93643,grain,Cotton B.T.,કપાસ બી.ટી.,900,1425,1535
26/04/2025,93644,grain,Wheat Lokvan,ઘઉં લોકવન,0,487,536
26/04/2025,93645,grain,Wheat Tukda,ઘઉં ટુકડા,0,486,611
26/04/2025,93646,grain,Jowar White,જુવાર સફેદ,55,705,835
26/04/2025,93647,grain,Jowar Yellow,જુવાર પીળી ,8,405,460
26/04/2025,93648,grain,Tuver,તુવેર,700,1160,1383
26/04/2025,93649,grain,Gram Yellow,ચણા પીળા,0,980,1104
26/04/2025,93650,grain,Gram White,ચણા સફેદ,0,1200,2260
26/04/2025,93651,grain,Urad,અડદ,150,1010,1615
26/04/2025,93652,grain,Mung,મગ,125,1200,1622
26/04/2025,93653,grain,Val Deshi,વાલ દેશી,60,750,1160
26/04/2025,93654,grain,Peas,વટાણા,150,500,1820
26/04/2025,93655,grain,Rajma,રાજમા,220,350,2000
26/04/2025,93656,grain,Groundnut Big,મગફળી જાડી,0,880,1055
26/04/2025,93657,grain,Groundnut Small,મગફળી જીણી,0,930,1260
26/04/2025,93658,grain,Seasmum,તલી ,500,1500,1946
26/04/2025,93659,grain,Sunflower,સુરજમુખી,75,1150,1727
26/04/2025,93660,grain,Castor seed,એરંડા,1600,1135,1200
26/04/2025,93661,grain,Thymol,અજમો,30,950,1250
26/04/2025,93662,grain,Dil Seed,સુવા,20,1311,1411
26/04/2025,93663,grain,Soyabin,સોયાબીન,350,790,821
26/04/2025,93664,grain,Groundnut-Fada,સીંગફાડા,280,1060,1350
26/04/2025,93665,grain,Sesmum-Black,કાળા તલ ,30,3100,4999
26/04/2025,93666,grain,Garlic,લસણ,2600,900,2300
26/04/2025,93667,grain,Corriander,ધાણા,750,1110,1480
26/04/2025,93668,grain,Chillies,મરચા સુકા ,0,1070,1860
26/04/2025,93669,grain,Dhani,ધાણી,400,1210,1598
26/04/2025,93670,grain,Variyali,વરીયાળી,700,1500,2550
26/04/2025,93671,grain,Cummin,જીરૂ,450,3651,4351
26/04/2025,93672,grain,Mustard,રાય,300,1080,1308
26/04/2025,93673,grain,Fenugreek,મેથી,0,820,1260
26/04/2025,93674,grain,Isabgul,ઇસબગુલ,30,1800,2050
26/04/2025,93675,grain,kalonji,કલોંજી,125,3100,3650
26/04/2025,93676,grain,Mustard seed,રાયડો,450,950,1090
26/04/2025,93677,grain,Guvar Bee,ગુવારનું બી,27,948,948
28/04/2025,93713,grain,Cotton B.T.,કપાસ બી.ટી.,1400,1430,1543
28/04/2025,93714,grain,Wheat Lokvan,ઘઉં લોકવન,3000,487,528
28/04/2025,93715,grain,Wheat Tukda,ઘઉં ટુકડા,9000,487,592
28/04/2025,93716,grain,Jowar White,જુવાર સફેદ,210,681,808
28/04/2025,93717,grain,Jowar Red,જુવાર લાલ,10,700,980
28/04/2025,93718,grain,Jowar Yellow,જુવાર પીળી ,70,400,500
28/04/2025,93719,grain,Bajri,બાજરી,20,475,475
28/04/2025,93720,grain,Tuver,તુવેર,1150,1150,1365
28/04/2025,93721,grain,Gram Yellow,ચણા પીળા,0,950,1080
28/04/2025,93722,grain,Gram White,ચણા સફેદ,0,1200,2158
28/04/2025,93723,grain,Urad,અડદ,80,1000,1595
28/04/2025,93724,grain,Mung,મગ,110,1350,1670
28/04/2025,93725,grain,Val Deshi,વાલ દેશી,75,750,1220
28/04/2025,93726,grain,Peas,વટાણા,500,450,1755
28/04/2025,93727,grain,Kulthi,કળથી,40,650,850
28/04/2025,93728,grain,Rajma,રાજમા,350,350,2405
28/04/2025,93729,grain,Groundnut Big,મગફળી જાડી,2160,850,1045
28/04/2025,93730,grain,Groundnut Small,મગફળી જીણી,1440,900,1270
28/04/2025,93731,grain,Seasmum,તલી ,650,1500,1981
28/04/2025,93732,grain,Sunflower,સુરજમુખી,11,1135,1135
28/04/2025,93733,grain,Castor seed,એરંડા,2500,1131,1189
28/04/2025,93734,grain,Thymol,અજમો,60,1000,1700
28/04/2025,93735,grain,Dil Seed,સુવા,80,1100,1600
28/04/2025,93736,grain,Soyabin,સોયાબીન,315,790,828
28/04/2025,93737,grain,Groundnut-Fada,સીંગફાડા,600,1050,1325
28/04/2025,93738,grain,Sesmum-Black,કાળા તલ ,60,3400,5076
28/04/2025,93739,grain,Garlic,લસણ,1500,750,1960
28/04/2025,93740,grain,Corriander,ધાણા,840,1120,1500
28/04/2025,93741,grain,Chillies,મરચા સુકા ,880,800,1825
28/04/2025,93742,grain,Dhani,ધાણી,500,1230,1770
28/04/2025,93743,grain,Variyali,વરીયાળી,700,1400,2500
28/04/2025,93744,grain,Cummin,જીરૂ,720,3751,4351
28/04/2025,93745,grain,Mustard,રાય,350,1110,1368
28/04/2025,93746,grain,Fenugreek,મેથી,0,830,1210
28/04/2025,93747,grain,Isabgul,ઇસબગુલ,40,1500,2020
28/04/2025,93748,grain,Asario,અશેરીયો,25,1300,1500
28/04/2025,93749,grain,kalonji,કલોંજી,150,3100,3720
28/04/2025,93750,grain,Mustard seed,રાયડો,500,950,1100
28/04/2025,93751,grain,Guvar Bee,ગુવારનું બી,80,910,930
29/04/2025,93787,grain,Cotton B.T.,કપાસ બી.ટી.,800,1410,1549
29/04/2025,93788,grain,Wheat Lokvan,ઘઉં લોકવન,0,491,536
29/04/2025,93789,grain,Wheat Tukda,ઘઉં ટુકડા,0,488,618
29/04/2025,93790,grain,Jowar White,જુવાર સફેદ,80,655,845
29/04/2025,93791,grain,Bajri,બાજરી,12,390,422
29/04/2025,93792,grain,Tuver,તુવેર,850,1170,1386
29/04/2025,93793,grain,Gram Yellow,ચણા પીળા,0,925,1072
29/04/2025,93794,grain,Gram White,ચણા સફેદ,0,1200,2100
29/04/2025,93795,grain,Urad,અડદ,55,1191,1560
29/04/2025,93796,grain,Mung,મગ,100,1351,1645
29/04/2025,93797,grain,Val Deshi,વાલ દેશી,85,800,1220
29/04/2025,93798,grain,Choli,ચોળી,65,1365,2407
29/04/2025,93799,grain,Peas,વટાણા,400,451,1700
29/04/2025,93800,grain,Kulthi,કળથી,17,550,750
29/04/2025,93801,grain,Rajma,રાજમા,250,500,1600
29/04/2025,93802,grain,Groundnut Big,મગફળી જાડી,900,880,1045
29/04/2025,93803,grain,Groundnut Small,મગફળી જીણી,600,930,1270
29/04/2025,93804,grain,Seasmum,તલી ,725,1650,1962
29/04/2025,93805,grain,Sunflower,સુરજમુખી,20,900,1550
29/04/2025,93806,grain,Castor seed,એરંડા,1550,1121,1191
29/04/2025,93807,grain,Thymol,અજમો,20,915,1432
29/04/2025,93808,grain,Dil Seed,સુવા,100,1130,1440
29/04/2025,93809,grain,Soyabin,સોયાબીન,225,800,825
29/04/2025,93810,grain,Groundnut-Fada,સીંગફાડા,120,1070,1335
29/04/2025,93811,grain,Sesmum-Black,કાળા તલ ,50,3400,5215
29/04/2025,93812,grain,Garlic,લસણ,1000,800,1450
29/04/2025,93813,grain,Corriander,ધાણા,750,1090,1480
29/04/2025,93814,grain,Chillies,મરચા સુકા ,0,850,1800
29/04/2025,93815,grain,Dhani,ધાણી,400,1200,1750
29/04/2025,93816,grain,Variyali,વરીયાળી,550,1400,2450
29/04/2025,93817,grain,Cummin,જીરૂ,660,3701,4305
29/04/2025,93818,grain,Mustard,રાય,100,1100,1225
29/04/2025,93819,grain,Fenugreek,મેથી,7000,870,1330
29/04/2025,93820,grain,Isabgul,ઇસબગુલ,60,1550,2100
29/04/2025,93821,grain,Asario,અશેરીયો,10,1350,1350
29/04/2025,93822,grain,kalonji,કલોંજી,125,3175,3726
29/04/2025,93823,grain,Mustard seed,રાયડો,300,950,1070
30/04/2025,93859,grain,Cotton B.T.,કપાસ બી.ટી.,700,1400,1559
30/04/2025,93860,grain,Wheat Lokvan,ઘઉં લોકવન,0,486,538
30/04/2025,93861,grain,Wheat Tukda,ઘઉં ટુકડા,0,487,632
30/04/2025,93862,grain,Jowar White,જુવાર સફેદ,50,600,770
30/04/2025,93863,grain,Jowar Yellow,જુવાર પીળી ,100,400,465
30/04/2025,93864,grain,Tuver,તુવેર,800,1190,1354
30/04/2025,93865,grain,Gram Yellow,ચણા પીળા,0,940,1085
30/04/2025,93866,grain,Gram White,ચણા સફેદ,0,1150,2152
30/04/2025,93867,grain,Urad,અડદ,50,1195,1570
30/04/2025,93868,grain,Mung,મગ,125,1300,1950
30/04/2025,93869,grain,Val Deshi,વાલ દેશી,20,600,900
30/04/2025,93870,grain,Choli,ચોળી,30,2335,2335
30/04/2025,93871,grain,Peas,વટાણા,250,440,1775
30/04/2025,93872,grain,Rajma,રાજમા,50,600,1550
30/04/2025,93873,grain,Groundnut Big,મગફળી જાડી,630,900,1048
30/04/2025,93874,grain,Groundnut Small,મગફળી જીણી,421,940,1280
30/04/2025,93875,grain,Seasmum,તલી ,400,1654,1940
30/04/2025,93876,grain,Castor seed,એરંડા,2000,1121,1185
30/04/2025,93877,grain,Thymol,અજમો,50,980,1630
30/04/2025,93878,grain,Dil Seed,સુવા,20,1100,1425
30/04/2025,93879,grain,Soyabin,સોયાબીન,190,796,825
30/04/2025,93880,grain,Groundnut-Fada,સીંગફાડા,120,1070,1330
30/04/2025,93881,grain,Sesmum-Black,કાળા તલ ,30,2828,5252
30/04/2025,93882,grain,Garlic,લસણ,750,830,1410
30/04/2025,93883,grain,Corriander,ધાણા,700,1080,1435
30/04/2025,93884,grain,Chillies,મરચા સુકા ,700,1000,2020
30/04/2025,93885,grain,Dhani,ધાણી,350,1200,1747
30/04/2025,93886,grain,Variyali,વરીયાળી,450,1300,2500
30/04/2025,93887,grain,Cummin,જીરૂ,720,3651,4264
30/04/2025,93888,grain,Mustard,રાય,225,1080,1330
30/04/2025,93889,grain,Fenugreek,મેથી,0,850,1250
30/04/2025,93890,grain,Isabgul,ઇસબગુલ,130,1500,2050
30/04/2025,93891,grain,Asario,અશેરીયો,12,1301,1500
30/04/2025,93892,grain,kalonji,કલોંજી,150,3200,3910
30/04/2025,93893,grain,Mustard seed,રાયડો,450,950,1090
01/05/2025,93929,grain,Cotton B.T.,કપાસ બી.ટી.,721,1411,1550
01/05/2025,93930,grain,Wheat Lokvan,ઘઉં લોકવન,2000,488,527
01/05/2025,93931,grain,Wheat Tukda,ઘઉં ટુકડા,10000,487,612
01/05/2025,93932,grain,Jowar White,જુવાર સફેદ,30,650,848
01/05/2025,93933,grain,Bajri,બાજરી,30,350,411
01/05/2025,93934,grain,Tuver,તુવેર,1200,1195,1432
01/05/2025,93935,grain,Gram Yellow,ચણા પીળા,0,880,1070
01/05/2025,93936,grain,Gram White,ચણા સફેદ,0,1550,2120
01/05/2025,93937,grain,Urad,અડદ,45,1185,1520
01/05/2025,93938,grain,Mung,મગ,175,1130,1676
01/05/2025,93939,grain,Val Deshi,વાલ દેશી,30,700,1271
01/05/2025,93940,grain,Peas,વટાણા,450,700,1850
01/05/2025,93941,grain,Kulthi,કળથી,20,450,700
01/05/2025,93942,grain,Rajma,રાજમા,250,640,1600
01/05/2025,93943,grain,Groundnut Big,મગફળી જાડી,900,910,1043
01/05/2025,93944,grain,Groundnut Small,મગફળી જીણી,600,940,1270
01/05/2025,93945,grain,Seasmum,તલી ,450,1600,2100
01/05/2025,93946,grain,Sunflower,સુરજમુખી,54,850,1404
01/05/2025,93947,grain,Castor seed,એરંડા,2200,1050,1186
01/05/2025,93948,grain,Thymol,અજમો,35,900,1630
01/05/2025,93949,grain,Soyabin,સોયાબીન,210,771,825
01/05/2025,93950,grain,Groundnut-Fada,સીંગફાડા,240,1050,1310
01/05/2025,93951,grain,Sesmum-Black,કાળા તલ ,160,3430,5125
01/05/2025,93952,grain,Garlic,લસણ,550,750,1565
01/05/2025,93953,grain,Corriander,ધાણા,800,1085,1450
01/05/2025,93954,grain,Chillies,મરચા સુકા ,0,650,1515
01/05/2025,93955,grain,Dhani,ધાણી,400,1200,1700
01/05/2025,93956,grain,Variyali,વરીયાળી,450,1400,2250
01/05/2025,93957,grain,Cummin,જીરૂ,960,3950,4312
01/05/2025,93958,grain,Mustard,રાય,220,1100,1300
01/05/2025,93959,grain,Fenugreek,મેથી,5500,880,1326
01/05/2025,93960,grain,Isabgul,ઇસબગુલ,35,1700,1900
01/05/2025,93961,grain,Asario,અશેરીયો,15,1181,1350
01/05/2025,93962,grain,kalonji,કલોંજી,800,3340,4010
01/05/2025,93963,grain,Mustard seed,રાયડો,430,950,1072
02/05/2025,93999,grain,Cotton B.T.,કપાસ બી.ટી.,701,1415,1558
02/05/2025,94000,grain,Wheat Lokvan,ઘઉં લોકવન,0,484,536
02/05/2025,94001,grain,Wheat Tukda,ઘઉં ટુકડા,0,486,610
02/05/2025,94002,grain,Jowar White,જુવાર સફેદ,200,651,775
02/05/2025,94003,grain,Jowar Red,જુવાર લાલ,10,800,950
02/05/2025,94004,grain,Jowar Yellow,જુવાર પીળી ,3,360,470
02/05/2025,94005,grain,Tuver,તુવેર,1050,1182,1486
02/05/2025,94006,grain,Gram Yellow,ચણા પીળા,0,920,1087
02/05/2025,94007,grain,Gram White,ચણા સફેદ,0,1510,2075
02/05/2025,94008,grain,Urad,અડદ,140,1171,1560
02/05/2025,94009,grain,Mung,મગ,125,1200,1671
02/05/2025,94010,grain,Val Deshi,વાલ દેશી,265,800,1361
02/05/2025,94011,grain,Choli,ચોળી,13,1301,1775
02/05/2025,94012,grain,Peas,વટાણા,325,600,1776
02/05/2025,94013,grain,Kulthi,કળથી,20,750,850
02/05/2025,94014,grain,Rajma,રાજમા,190,760,1700
02/05/2025,94015,grain,Groundnut Seed,સીંગદાણા,10,1325,1400
02/05/2025,94016,grain,Groundnut Big,મગફળી જાડી,900,880,1042
02/05/2025,94017,grain,Groundnut Small,મગફળી જીણી,630,920,1310
02/05/2025,94018,grain,Seasmum,તલી ,200,1100,1985
02/05/2025,94019,grain,Castor seed,એરંડા,1250,1100,1185
02/05/2025,94020,grain,Thymol,અજમો,30,830,1450
02/05/2025,94021,grain,Dil Seed,સુવા,10,1330,1450
02/05/2025,94022,grain,Soyabin,સોયાબીન,125,753,808
02/05/2025,94023,grain,Groundnut-Fada,સીંગફાડા,360,1050,1326
02/05/2025,94024,grain,Sesmum-Black,કાળા તલ ,30,3350,5200
02/05/2025,94025,grain,Garlic,લસણ,650,850,1550
02/05/2025,94026,grain,Corriander,ધાણા,1000,1170,1580
02/05/2025,94027,grain,Chillies,મરચા સુકા ,320,500,1500
02/05/2025,94028,grain,Dhani,ધાણી,650,1220,1780
02/05/2025,94029,grain,Variyali,વરીયાળી,300,1100,1750
02/05/2025,94030,grain,Cummin,જીરૂ,720,3840,4300
02/05/2025,94031,grain,Mustard,રાય,150,1040,1290
02/05/2025,94032,grain,Fenugreek,મેથી,0,840,1260
02/05/2025,94033,grain,kalonji,કલોંજી,250,3200,4025
02/05/2025,94034,grain,Mustard seed,રાયડો,250,950,1061
03/05/2025,94069,grain,Cotton B.T.,કપાસ બી.ટી.,760,1411,1551
03/05/2025,94070,grain,Wheat Lokvan,ઘઉં લોકવન,1000,485,531
03/05/2025,94071,grain,Wheat Tukda,ઘઉં ટુકડા,1600,487,632
03/05/2025,94072,grain,Jowar White,જુવાર સફેદ,135,660,780
03/05/2025,94073,grain,Jowar Red,જુવાર લાલ,20,700,881
03/05/2025,94074,grain,Jowar Yellow,જુવાર પીળી ,10,400,440
03/05/2025,94075,grain,Tuver,તુવેર,1500,1180,1471
03/05/2025,94076,grain,Gram Yellow,ચણા પીળા,0,960,1086
03/05/2025,94077,grain,Gram White,ચણા સફેદ,0,1520,2222
03/05/2025,94078,grain,Urad,અડદ,45,1185,1525
03/05/2025,94079,grain,Mung,મગ,190,1444,1730
03/05/2025,94080,grain,Val Deshi,વાલ દેશી,30,750,1100
03/05/2025,94081,grain,Peas,વટાણા,190,625,1730
03/05/2025,94082,grain,Kulthi,કળથી,25,750,875
03/05/2025,94083,grain,Rajma,રાજમા,80,702,1550
03/05/2025,94084,grain,Groundnut Big,મગફળી જાડી,1100,880,1041
03/05/2025,94085,grain,Groundnut Small,મગફળી જીણી,700,910,1350
03/05/2025,94086,grain,Seasmum,તલી ,220,1100,1930
03/05/2025,94087,grain,Sunflower,સુરજમુખી,100,1071,1260
03/05/2025,94088,grain,Castor seed,એરંડા,1400,1090,1180
03/05/2025,94089,grain,Thymol,અજમો,40,900,1600
03/05/2025,94090,grain,Dil Seed,સુવા,70,1100,1580
03/05/2025,94091,grain,Soyabin,સોયાબીન,200,765,814
03/05/2025,94092,grain,Groundnut-Fada,સીંગફાડા,480,1060,1300
03/05/2025,94093,grain,Sesmum-Black,કાળા તલ ,110,3264,5060
03/05/2025,94094,grain,Garlic,લસણ,800,854,1510
03/05/2025,94095,grain,Corriander,ધાણા,1100,1150,1550
03/05/2025,94096,grain,Chillies,મરચા સુકા ,280,521,1570
03/05/2025,94097,grain,Dhani,ધાણી,700,1200,1750
03/05/2025,94098,grain,Variyali,વરીયાળી,240,1200,2150
03/05/2025,94099,grain,Cummin,જીરૂ,690,3900,4350
03/05/2025,94100,grain,Mustard,રાય,200,1020,1280
03/05/2025,94101,grain,Fenugreek,મેથી,0,830,1220
03/05/2025,94102,grain,Isabgul,ઇસબગુલ,20,1150,2000
03/05/2025,94103,grain,kalonji,કલોંજી,350,3200,3912
03/05/2025,94104,grain,Mustard seed,રાયડો,500,950,1050
03/05/2025,94105,grain,Guvar Bee,ગુવારનું બી,70,860,895
05/05/2025,94140,grain,Cotton B.T.,કપાસ બી.ટી.,840,1425,1554
05/05/2025,94141,grain,Wheat Lokvan,ઘઉં લોકવન,500,488,522
05/05/2025,94142,grain,Wheat Tukda,ઘઉં ટુકડા,4500,486,590
05/05/2025,94143,grain,Jowar White,જુવાર સફેદ,115,700,803
05/05/2025,94144,grain,Jowar Red,જુવાર લાલ,10,820,950
05/05/2025,94145,grain,Jowar Yellow,જુવાર પીળી ,30,400,464
05/05/2025,94146,grain,Bajri,બાજરી,30,385,516
05/05/2025,94147,grain,Tuver,તુવેર,900,1175,1395
05/05/2025,94148,grain,Gram Yellow,ચણા પીળા,0,970,1090
05/05/2025,94149,grain,Gram White,ચણા સફેદ,0,1570,2046
05/05/2025,94150,grain,Urad,અડદ,40,1191,1516
05/05/2025,94151,grain,Mung,મગ,250,1450,1780
05/05/2025,94152,grain,Val Deshi,વાલ દેશી,400,800,1325
05/05/2025,94153,grain,Choli,ચોળી,100,1100,2305
05/05/2025,94154,grain,Peas,વટાણા,185,700,1740
05/05/2025,94155,grain,Kulthi,કળથી,35,750,900
05/05/2025,94156,grain,Rajma,રાજમા,150,675,1200
05/05/2025,94157,grain,Groundnut Big,મગફળી જાડી,1030,870,1043
05/05/2025,94158,grain,Groundnut Small,મગફળી જીણી,730,920,1380
05/05/2025,94159,grain,Seasmum,તલી ,250,1100,2050
05/05/2025,94160,grain,Sunflower,સુરજમુખી,22,603,1175
05/05/2025,94161,grain,Castor seed,એરંડા,1500,1080,1180
05/05/2025,94162,grain,Thymol,અજમો,35,800,1605
05/05/2025,94163,grain,Dil Seed,સુવા,50,1200,1454
05/05/2025,94164,grain,Soyabin,સોયાબીન,215,720,804
05/05/2025,94165,grain,Groundnut-Fada,સીંગફાડા,420,1050,1310
05/05/2025,94166,grain,Sesmum-Black,કાળા તલ ,290,3104,4300
05/05/2025,94167,grain,Garlic,લસણ,650,801,1325
05/05/2025,94168,grain,Corriander,ધાણા,1200,1150,1460
05/05/2025,94169,grain,Chillies,મરચા સુકા ,300,551,1730
05/05/2025,94170,grain,Dhani,ધાણી,840,1180,1571
05/05/2025,94171,grain,Variyali,વરીયાળી,400,1425,1851
05/05/2025,94172,grain,Cummin,જીરૂ,840,3900,4391
05/05/2025,94173,grain,Mustard,રાય,300,1030,1270
05/05/2025,94174,grain,Fenugreek,મેથી,6500,870,1225
05/05/2025,94175,grain,Isabgul,ઇસબગુલ,5,1400,1921
05/05/2025,94176,grain,kalonji,કલોંજી,100,3100,3985
05/05/2025,94177,grain,Mustard seed,રાયડો,800,950,1060
06/05/2025,94212,grain,Cotton B.T.,કપાસ બી.ટી.,450,1411,1566
06/05/2025,94213,grain,Wheat Lokvan,ઘઉં લોકવન,500,490,515
06/05/2025,94214,grain,Wheat Tukda,ઘઉં ટુકડા,3500,495,615
06/05/2025,94215,grain,Tuver,તુવેર,250,1150,1358
06/05/2025,94216,grain,Gram Yellow,ચણા પીળા,0,960,1100
06/05/2025,94217,grain,Gram White,ચણા સફેદ,0,1550,1960
06/05/2025,94218,grain,Urad,અડદ,25,1201,1535
06/05/2025,94219,grain,Mung,મગ,300,1450,1785
06/05/2025,94220,grain,Choli,ચોળી,50,1800,2100
06/05/2025,94221,grain,Peas,વટાણા,80,800,1740
06/05/2025,94222,grain,Kulthi,કળથી,45,650,850
06/05/2025,94223,grain,Rajma,રાજમા,30,500,850
06/05/2025,94224,grain,Groundnut Big,મગફળી જાડી,650,860,1042
06/05/2025,94225,grain,Groundnut Small,મગફળી જીણી,400,950,1381
06/05/2025,94226,grain,Seasmum,તલી ,150,1150,2200
06/05/2025,94227,grain,Sunflower,સુરજમુખી,8,738,738
06/05/2025,94228,grain,Castor seed,એરંડા,1000,1000,1175
06/05/2025,94229,grain,Thymol,અજમો,10,880,1200
06/05/2025,94230,grain,Soyabin,સોયાબીન,30,750,797
06/05/2025,94231,grain,Groundnut-Fada,સીંગફાડા,240,1070,1310
06/05/2025,94232,grain,Sesmum-Black,કાળા તલ ,90,3100,4000
06/05/2025,94233,grain,Garlic,લસણ,625,820,1750
06/05/2025,94234,grain,Corriander,ધાણા,800,1000,1340
06/05/2025,94235,grain,Chillies,મરચા સુકા ,120,501,1510
06/05/2025,94236,grain,Dhani,ધાણી,700,1140,1450
06/05/2025,94237,grain,Variyali,વરીયાળી,350,1350,2068
06/05/2025,94238,grain,Cummin,જીરૂ,630,3950,4352
06/05/2025,94239,grain,Mustard,રાય,100,1000,1200
06/05/2025,94240,grain,Fenugreek,મેથી,0,840,1230
06/05/2025,94241,grain,Isabgul,ઇસબગુલ,15,1500,1760
06/05/2025,94242,grain,kalonji,કલોંજી,50,3265,3950
06/05/2025,94243,grain,Mustard seed,રાયડો,100,880,1040
07/05/2025,94244,veg,Mango Unripe,કેરી કાચી,107,500,700
07/05/2025,94245,veg,Lemon,લીંબુ,319,1000,2800
07/05/2025,94246,veg,Melon (Sakerteti),સાકરટેટી,113,200,300
07/05/2025,94247,veg,Water Melon,તરબુચ,434,140,300
07/05/2025,94248,veg,Potato,બટેટા,2650,240,400
07/05/2025,94249,veg,Onion,ડુંગળી સુકી ,0,35,210
07/05/2025,94250,veg,Tometo,ટમેટા,1798,200,300
07/05/2025,94251,veg,Elephant Foot,સુરણ,95,1400,1600
07/05/2025,94252,veg,Coriander(Leaves),કોથમરી,607,200,400
07/05/2025,94253,veg,Radish,મુળા,32,250,350
07/05/2025,94254,veg,Brinjal,રીંગણા,456,300,500
07/05/2025,94255,veg,Cabbage,કોબીજ,540,60,100
07/05/2025,94256,veg,Cauli Flower,ફલાવર,594,360,580
07/05/2025,94257,veg,Lady Fingure,ભીંડો,538,200,300
07/05/2025,94258,veg,Cluster Been,ગુવાર,440,600,1000
07/05/2025,94259,veg,Choli Shing,ચોળાસીંગ,82,300,500
07/05/2025,94260,veg,Little Gourd,ટીંડોળા ,132,600,1000
07/05/2025,94261,veg,Bottle Gourd,દુધી,539,120,300
07/05/2025,94262,veg,Bitter Gourd,કારેલા,314,340,550
07/05/2025,94263,veg,Sargavo,સરગવો,152,140,320
07/05/2025,94264,veg,Ridge Gourd,તુરીયા,244,500,800
07/05/2025,94265,veg,Pointed Gourd,પરવર,65,800,1000
07/05/2025,94266,veg,Cacumber,કાકડી,380,150,300
07/05/2025,94267,veg,Carrut,ગાજર,435,200,400
07/05/2025,94268,veg,Vatana,વટાણા,215,1400,1600
07/05/2025,94269,veg,Smooth Gourd,ગલકા,364,220,430
07/05/2025,94270,veg,Beet,બીટ,95,100,200
07/05/2025,94271,veg,Methi,મેથી,140,400,800
07/05/2025,94272,veg,Spring Onion,ડુંગળી લીલી ,302,200,500
07/05/2025,94273,veg,Ginger,આદુ,272,700,900
07/05/2025,94274,veg,Chilli Green,મરચા લીલા,432,400,600
07/05/2025,94275,veg,Green Garlic,લસણ લીલું ,90,2000,4000
07/05/2025,94276,veg,Green Corn,મકાઇ લીલી,325,160,240
07/05/2025,94277,veg,Gunda,ગુંદા,59,300,500
08/05/2025,94278,veg,Mango Unripe,કેરી કાચી,110,600,800
08/05/2025,94279,veg,Lemon,લીંબુ,316,1200,3400
08/05/2025,94280,veg,Melon (Sakerteti),સાકરટેટી,117,200,400
08/05/2025,94281,veg,Water Melon,તરબુચ,430,150,300
08/05/2025,94282,veg,Potato,બટેટા,3600,200,391
08/05/2025,94283,veg,Onion,ડુંગળી સુકી ,1055,50,260
08/05/2025,94284,veg,Tometo,ટમેટા,1794,160,300
08/05/2025,94285,veg,Elephant Foot,સુરણ,96,1300,1500
08/05/2025,94286,veg,Coriander(Leaves),કોથમરી,585,450,600
08/05/2025,94287,veg,Radish,મુળા,30,300,400
08/05/2025,94288,veg,Brinjal,રીંગણા,458,260,500
08/05/2025,94289,veg,Cabbage,કોબીજ,535,100,140
08/05/2025,94290,veg,Cauli Flower,ફલાવર,590,400,650
08/05/2025,94291,veg,Lady Fingure,ભીંડો,540,140,280
08/05/2025,94292,veg,Cluster Been,ગુવાર,445,500,800
08/05/2025,94293,veg,Choli Shing,ચોળાસીંગ,80,400,600
08/05/2025,94294,veg,Little Gourd,ટીંડોળા ,130,500,1000
08/05/2025,94295,veg,Bottle Gourd,દુધી,541,200,300
08/05/2025,94296,veg,Bitter Gourd,કારેલા,316,350,500
08/05/2025,94297,veg,Sargavo,સરગવો,154,80,300
08/05/2025,94298,veg,Ridge Gourd,તુરીયા,247,500,700
08/05/2025,94299,veg,Pointed Gourd,પરવર,66,750,1000
08/05/2025,94300,veg,Cacumber,કાકડી,382,140,330
08/05/2025,94301,veg,Carrut,ગાજર,439,200,360
08/05/2025,94302,veg,Vatana,વટાણા,210,1300,1600
08/05/2025,94303,veg,Smooth Gourd,ગલકા,360,300,500
08/05/2025,94304,veg,Beet,બીટ,93,110,220
08/05/2025,94305,veg,Methi,મેથી,130,550,800
08/05/2025,94306,veg,Spring Onion,ડુંગળી લીલી ,295,500,800
08/05/2025,94307,veg,Ginger,આદુ,265,800,1000
08/05/2025,94308,veg,Chilli Green,મરચા લીલા,435,300,500
08/05/2025,94309,veg,Green Corn,મકાઇ લીલી,327,100,200
08/05/2025,94310,veg,Gunda,ગુંદા,60,250,500
09/05/2025,94311,veg,Mango Unripe,કેરી કાચી,113,300,600
09/05/2025,94312,veg,Lemon,લીંબુ,319,1000,2600
09/05/2025,94313,veg,Melon (Sakerteti),સાકરટેટી,120,350,600
09/05/2025,94314,veg,Water Melon,તરબુચ,432,170,320
09/05/2025,94315,veg,Potato,બટેટા,3240,200,411
09/05/2025,94316,veg,Onion,ડુંગળી સુકી ,1795,60,270
09/05/2025,94317,veg,Tometo,ટમેટા,1792,160,360
09/05/2025,94318,veg,Elephant Foot,સુરણ,93,1400,1800
09/05/2025,94319,veg,Coriander(Leaves),કોથમરી,572,400,800
09/05/2025,94320,veg,Radish,મુળા,32,200,350
09/05/2025,94321,veg,Brinjal,રીંગણા,460,180,500
09/05/2025,94322,veg,Cabbage,કોબીજ,537,100,160
09/05/2025,94323,veg,Cauli Flower,ફલાવર,592,500,700
09/05/2025,94324,veg,Lady Fingure,ભીંડો,543,200,400
09/05/2025,94325,veg,Cluster Been,ગુવાર,440,600,1000
09/05/2025,94326,veg,Choli Shing,ચોળાસીંગ,82,300,700
09/05/2025,94327,veg,Little Gourd,ટીંડોળા ,132,300,800
09/05/2025,94328,veg,Bottle Gourd,દુધી,544,240,360
09/05/2025,94329,veg,Bitter Gourd,કારેલા,318,200,440
09/05/2025,94330,veg,Sargavo,સરગવો,150,100,400
09/05/2025,94331,veg,Ridge Gourd,તુરીયા,250,400,750
09/05/2025,94332,veg,Pointed Gourd,પરવર,67,700,1000
09/05/2025,94333,veg,Cacumber,કાકડી,384,150,400
09/05/2025,94334,veg,Carrut,ગાજર,442,300,600
09/05/2025,94335,veg,Vatana,વટાણા,213,1200,1400
09/05/2025,94336,veg,Smooth Gourd,ગલકા,362,200,400
09/05/2025,94337,veg,Beet,બીટ,90,160,300
09/05/2025,94338,veg,Methi,મેથી,127,400,800
09/05/2025,94339,veg,Spring Onion,ડુંગળી લીલી ,297,450,650
09/05/2025,94340,veg,Ginger,આદુ,267,600,800
09/05/2025,94341,veg,Chilli Green,મરચા લીલા,437,250,500
09/05/2025,94342,veg,Green Corn,મકાઇ લીલી,330,140,240
09/05/2025,94343,veg,Gunda,ગુંદા,62,200,500
10/05/2025,94344,veg,Mango Unripe,કેરી કાચી,118,500,700
10/05/2025,94345,veg,Lemon,લીંબુ,320,1200,2650
10/05/2025,94346,veg,Melon (Sakerteti),સાકરટેટી,124,200,350
10/05/2025,94347,veg,Water Melon,તરબુચ,435,100,250
10/05/2025,94348,veg,Potato,બટેટા,2400,240,371
10/05/2025,94349,veg,Onion,ડુંગળી સુકી ,2093,55,285
10/05/2025,94350,veg,Tometo,ટમેટા,1796,200,300
10/05/2025,94351,veg,Elephant Foot,સુરણ,94,1500,1800
10/05/2025,94352,veg,Coriander(Leaves),કોથમરી,575,300,600
10/05/2025,94353,veg,Radish,મુળા,33,250,350
10/05/2025,94354,veg,Brinjal,રીંગણા,463,200,500
10/05/2025,94355,veg,Cabbage,કોબીજ,539,100,200
10/05/2025,94356,veg,Cauli Flower,ફલાવર,590,400,550
10/05/2025,94357,veg,Lady Fingure,ભીંડો,540,300,500
10/05/2025,94358,veg,Cluster Been,ગુવાર,443,600,1100
10/05/2025,94359,veg,Choli Shing,ચોળાસીંગ,80,500,1000
10/05/2025,94360,veg,Little Gourd,ટીંડોળા ,134,300,950
10/05/2025,94361,veg,Bottle Gourd,દુધી,546,240,380
10/05/2025,94362,veg,Bitter Gourd,કારેલા,320,200,450
10/05/2025,94363,veg,Sargavo,સરગવો,152,120,410
10/05/2025,94364,veg,Ridge Gourd,તુરીયા,254,600,800
10/05/2025,94365,veg,Pointed Gourd,પરવર,68,650,1050
10/05/2025,94366,veg,Cacumber,કાકડી,385,240,460
10/05/2025,94367,veg,Carrut,ગાજર,445,200,500
10/05/2025,94368,veg,Vatana,વટાણા,209,1400,1600
10/05/2025,94369,veg,Smooth Gourd,ગલકા,365,220,430
10/05/2025,94370,veg,Beet,બીટ,87,150,320
10/05/2025,94371,veg,Methi,મેથી,130,200,500
10/05/2025,94372,veg,Spring Onion,ડુંગળી લીલી ,294,250,530
10/05/2025,94373,veg,Ginger,આદુ,269,500,800
10/05/2025,94374,veg,Chilli Green,મરચા લીલા,439,300,500
10/05/2025,94375,veg,Green Corn,મકાઇ લીલી,332,130,250
10/05/2025,94376,veg,Gunda,ગુંદા,64,230,510
12/05/2025,94377,veg,Mango Unripe,કેરી કાચી,117,500,600
12/05/2025,94378,veg,Lemon,લીંબુ,326,1000,3000
12/05/2025,94379,veg,Melon (Sakerteti),સાકરટેટી,132,100,250
12/05/2025,94380,veg,Water Melon,તરબુચ,437,100,250
12/05/2025,94381,veg,Potato,બટેટા,2200,250,400
12/05/2025,94382,veg,Onion,ડુંગળી સુકી ,5236,60,300
12/05/2025,94383,veg,Tometo,ટમેટા,1800,160,300
12/05/2025,94384,veg,Elephant Foot,સુરણ,96,1400,1800
12/05/2025,94385,veg,Coriander(Leaves),કોથમરી,578,200,400
12/05/2025,94386,veg,Radish,મુળા,31,300,450
12/05/2025,94387,veg,Brinjal,રીંગણા,459,240,560
12/05/2025,94388,veg,Cabbage,કોબીજ,540,80,200
12/05/2025,94389,veg,Cauli Flower,ફલાવર,585,460,700
12/05/2025,94390,veg,Lady Fingure,ભીંડો,542,280,500
12/05/2025,94391,veg,Cluster Been,ગુવાર,442,600,1200
12/05/2025,94392,veg,Choli Shing,ચોળાસીંગ,82,460,900
12/05/2025,94393,veg,Little Gourd,ટીંડોળા ,135,300,1000
12/05/2025,94394,veg,Bottle Gourd,દુધી,545,240,400
12/05/2025,94395,veg,Bitter Gourd,કારેલા,315,240,450
12/05/2025,94396,veg,Sargavo,સરગવો,149,160,300
12/05/2025,94397,veg,Ridge Gourd,તુરીયા,264,300,800
12/05/2025,94398,veg,Pointed Gourd,પરવર,65,700,1000
12/05/2025,94399,veg,Cacumber,કાકડી,389,240,500
12/05/2025,94400,veg,Carrut,ગાજર,430,440,500
12/05/2025,94401,veg,Vatana,વટાણા,211,1400,1700
12/05/2025,94402,veg,Smooth Gourd,ગલકા,358,300,500
12/05/2025,94403,veg,Beet,બીટ,85,260,360
12/05/2025,94404,veg,Methi,મેથી,129,200,400
12/05/2025,94405,veg,Spring Onion,ડુંગળી લીલી ,289,300,500
12/05/2025,94406,veg,Ginger,આદુ,261,700,800
12/05/2025,94407,veg,Chilli Green,મરચા લીલા,435,300,500
12/05/2025,94408,veg,Green Corn,મકાઇ લીલી,330,140,240
12/05/2025,94409,veg,Gunda,ગુંદા,62,250,500
13/05/2025,94410,veg,Mango Unripe,કેરી કાચી,89,300,600
13/05/2025,94411,veg,Lemon,લીંબુ,329,1200,3050
13/05/2025,94412,veg,Melon (Sakerteti),સાકરટેટી,135,100,300
13/05/2025,94413,veg,Water Melon,તરબુચ,432,120,240
13/05/2025,94414,veg,Potato,બટેટા,3600,200,370
13/05/2025,94415,veg,Onion,ડુંગળી સુકી ,2950,50,270
13/05/2025,94416,veg,Tometo,ટમેટા,1795,150,250
13/05/2025,94417,veg,Elephant Foot,સુરણ,95,1300,1700
13/05/2025,94418,veg,Coriander(Leaves),કોથમરી,575,210,420
13/05/2025,94419,veg,Radish,મુળા,32,200,350
13/05/2025,94420,veg,Brinjal,રીંગણા,463,300,500
13/05/2025,94421,veg,Cabbage,કોબીજ,545,80,140
13/05/2025,94422,veg,Cauli Flower,ફલાવર,580,300,700
13/05/2025,94423,veg,Lady Fingure,ભીંડો,540,250,400
13/05/2025,94424,veg,Cluster Been,ગુવાર,435,400,800
13/05/2025,94425,veg,Choli Shing,ચોળાસીંગ,80,300,500
13/05/2025,94426,veg,Little Gourd,ટીંડોળા ,130,500,900
13/05/2025,94427,veg,Bottle Gourd,દુધી,547,180,300
13/05/2025,94428,veg,Bitter Gourd,કારેલા,317,300,440
13/05/2025,94429,veg,Sargavo,સરગવો,150,100,350
13/05/2025,94430,veg,Ridge Gourd,તુરીયા,270,250,600
13/05/2025,94431,veg,Pointed Gourd,પરવર,66,750,1000
13/05/2025,94432,veg,Cacumber,કાકડી,392,180,440
13/05/2025,94433,veg,Carrut,ગાજર,432,300,450
13/05/2025,94434,veg,Vatana,વટાણા,212,1400,1600
13/05/2025,94435,veg,Smooth Gourd,ગલકા,360,180,340
13/05/2025,94436,veg,Beet,બીટ,82,150,300
13/05/2025,94437,veg,Methi,મેથી,132,200,450
13/05/2025,94438,veg,Spring Onion,ડુંગળી લીલી ,292,330,520
13/05/2025,94439,veg,Ginger,આદુ,262,700,900
13/05/2025,94440,veg,Chilli Green,મરચા લીલા,438,350,550
13/05/2025,94441,veg,Green Corn,મકાઇ લીલી,332,160,260
13/05/2025,94442,veg,Gunda,ગુંદા,63,300,500
14/05/2025,94476,grain,Cotton B.T.,કપાસ બી.ટી.,0,1400,1526
14/05/2025,94477,grain,Wheat Tukda,ઘઉં ટુકડા,0,496,538
14/05/2025,94478,grain,Tuver,તુવેર,0,1140,1400
14/05/2025,94479,grain,Gram Yellow,ચણા પીળા,0,900,1102
14/05/2025,94480,grain,Gram White,ચણા સફેદ,0,1250,1950
14/05/2025,94481,grain,Urad,અડદ,0,1260,1420
14/05/2025,94482,grain,Mung,મગ,0,1489,1900
14/05/2025,94483,grain,Val Deshi,વાલ દેશી,0,700,1081
14/05/2025,94484,grain,Val Papdi,વાલ પાપડી,0,500,1599
14/05/2025,94485,grain,Peas,વટાણા,0,600,1647
14/05/2025,94486,grain,Kulthi,કળથી,0,750,900
14/05/2025,94487,grain,Rajma,રાજમા,0,600,910
14/05/2025,94488,grain,Groundnut Big,મગફળી જાડી,0,900,1075
14/05/2025,94489,grain,Groundnut Small,મગફળી જીણી,0,925,1435
14/05/2025,94490,grain,Seasmum,તલી ,0,1200,2200
14/05/2025,94491,grain,Sunflower,સુરજમુખી,0,850,950
14/05/2025,94492,grain,Castor seed,એરંડા,0,1020,1200
14/05/2025,94493,grain,Dil Seed,સુવા,0,1330,1330
14/05/2025,94494,grain,Soyabin,સોયાબીન,0,725,826
14/05/2025,94495,grain,Groundnut-Fada,સીંગફાડા,0,1000,1336
14/05/2025,94496,grain,Sesmum-Black,કાળા તલ ,0,3000,3880
14/05/2025,94497,grain,Garlic,લસણ,0,900,1370
14/05/2025,94498,grain,Corriander,ધાણા,0,1005,1250
14/05/2025,94499,grain,Dhani,ધાણી,0,1125,1320
14/05/2025,94500,grain,Variyali,વરીયાળી,0,700,2000
14/05/2025,94501,grain,Cummin,જીરૂ,0,3700,4200
14/05/2025,94502,grain,Mustard,રાય,0,1100,1250
14/05/2025,94503,grain,Fenugreek,મેથી,0,820,1240
14/05/2025,94504,grain,Asario,અશેરીયો,0,1150,1150
14/05/2025,94505,grain,Mustard seed,રાયડો,0,900,1105
15/05/2025,94539,grain,Cotton B.T.,કપાસ બી.ટી.,1000,1411,1552
15/05/2025,94540,grain,Wheat Lokvan,ઘઉં લોકવન,400,492,522
15/05/2025,94541,grain,Wheat Tukda,ઘઉં ટુકડા,3600,488,628
15/05/2025,94542,grain,Jowar White,જુવાર સફેદ,450,750,850
15/05/2025,94543,grain,Tuver,તુવેર,1200,1130,1411
15/05/2025,94544,grain,Gram Yellow,ચણા પીળા,1700,1050,1106
15/05/2025,94545,grain,Gram White,ચણા સફેદ,800,1550,2111
15/05/2025,94546,grain,Urad,અડદ,250,1168,1609
15/05/2025,94547,grain,Mung,મગ,600,1400,1895
15/05/2025,94548,grain,Val Deshi,વાલ દેશી,100,500,1300
15/05/2025,94549,grain,Choli,ચોળી,220,1600,2200
15/05/2025,94550,grain,Peas,વટાણા,125,550,1605
15/05/2025,94551,grain,Kulthi,કળથી,25,575,750
15/05/2025,94552,grain,Rajma,રાજમા,135,644,1480
15/05/2025,94553,grain,Groundnut Big,મગફળી જાડી,1800,900,1085
15/05/2025,94554,grain,Groundnut Small,મગફળી જીણી,1200,960,1499
15/05/2025,94555,grain,Seasmum,તલી ,300,1150,2035
15/05/2025,94556,grain,Castor seed,એરંડા,650,1060,1215
15/05/2025,94557,grain,Thymol,અજમો,60,925,1546
15/05/2025,94558,grain,Dil Seed,સુવા,8,995,1520
15/05/2025,94559,grain,Soyabin,સોયાબીન,150,750,827
15/05/2025,94560,grain,Groundnut-Fada,સીંગફાડા,360,1070,1350
15/05/2025,94561,grain,Sesmum-Black,કાળા તલ ,90,3090,4000
15/05/2025,94562,grain,Garlic,લસણ,720,780,1625
15/05/2025,94563,grain,Corriander,ધાણા,520,1140,1560
15/05/2025,94564,grain,Chillies,મરચા સુકા ,400,551,1600
15/05/2025,94565,grain,Dhani,ધાણી,310,1180,1750
15/05/2025,94566,grain,Variyali,વરીયાળી,450,1350,1800
15/05/2025,94567,grain,Cummin,જીરૂ,900,3990,4272
15/05/2025,94568,grain,Mustard,રાય,300,1100,1340
15/05/2025,94569,grain,Fenugreek,મેથી,2700,810,1240
15/05/2025,94570,grain,kalonji,કલોંજી,200,3300,4035
15/05/2025,94571,grain,Mustard seed,રાયડો,550,980,1100
15/05/2025,94572,grain,Rajkoo Bee,રજકાનું બી ,20,3500,4380
15/05/2025,94573,grain,Guvar Bee,ગુવારનું બી,150,900,976
16/05/2025,94607,grain,Cotton B.T.,કપાસ બી.ટી.,511,1401,1564
16/05/2025,94608,grain,Wheat Lokvan,ઘઉં લોકવન,450,490,521
16/05/2025,94609,grain,Wheat Tukda,ઘઉં ટુકડા,3400,487,562
16/05/2025,94610,grain,Jowar White,જુવાર સફેદ,300,640,880
16/05/2025,94611,grain,Jowar Red,જુવાર લાલ,30,880,1022
16/05/2025,94612,grain,Jowar Yellow,જુવાર પીળી ,10,350,500
16/05/2025,94613,grain,Tuver,તુવેર,1300,1150,1500
16/05/2025,94614,grain,Gram Yellow,ચણા પીળા,1200,970,1104
16/05/2025,94615,grain,Gram White,ચણા સફેદ,800,1595,2200
16/05/2025,94616,grain,Urad,અડદ,200,1222,1595
16/05/2025,94617,grain,Mung,મગ,400,1411,1900
16/05/2025,94618,grain,Val Deshi,વાલ દેશી,80,600,1150
16/05/2025,94619,grain,Choli,ચોળી,100,1448,2100
16/05/2025,94620,grain,Peas,વટાણા,100,700,1700
16/05/2025,94621,grain,Rajma,રાજમા,130,600,1320
16/05/2025,94622,grain,Groundnut Seed,સીંગદાણા,25,1340,1410
16/05/2025,94623,grain,Groundnut Big,મગફળી જાડી,2000,950,1090
16/05/2025,94624,grain,Groundnut Small,મગફળી જીણી,1300,980,1459
16/05/2025,94625,grain,Seasmum,તલી ,720,1100,2080
16/05/2025,94626,grain,Sunflower,સુરજમુખી,7,663,663
16/05/2025,94627,grain,Castor seed,એરંડા,775,1081,1219
16/05/2025,94628,grain,Thymol,અજમો,40,1200,1640
16/05/2025,94629,grain,Dil Seed,સુવા,1,1100,1500
16/05/2025,94630,grain,Soyabin,સોયાબીન,140,791,830
16/05/2025,94631,grain,Groundnut-Fada,સીંગફાડા,480,1050,1350
16/05/2025,94632,grain,Sesmum-Black,કાળા તલ ,95,2900,3899
16/05/2025,94633,grain,Garlic,લસણ,830,800,1700
16/05/2025,94634,grain,Corriander,ધાણા,400,1120,1575
16/05/2025,94635,grain,Chillies,મરચા સુકા ,160,200,1400
16/05/2025,94636,grain,Dhani,ધાણી,250,1200,1830
16/05/2025,94637,grain,Variyali,વરીયાળી,30,1200,1700
16/05/2025,94638,grain,Cummin,જીરૂ,690,3920,4249
16/05/2025,94639,grain,Mustard,રાય,250,1030,1290
16/05/2025,94640,grain,Fenugreek,મેથી,0,800,1250
16/05/2025,94641,grain,Isabgul,ઇસબગુલ,35,1305,1620
16/05/2025,94642,grain,Asario,અશેરીયો,25,950,1150
16/05/2025,94643,grain,kalonji,કલોંજી,100,2950,3975
16/05/2025,94644,grain,Mustard seed,રાયડો,450,980,1100
16/05/2025,94645,grain,Rajkoo Bee,રજકાનું બી ,7,2500,3600
16/05/2025,94646,grain,Guvar Bee,ગુવારનું બી,100,912,959
17/05/2025,94679,grain,Cotton B.T.,કપાસ બી.ટી.,725,1410,1554
17/05/2025,94680,grain,Wheat Lokvan,ઘઉં લોકવન,500,488,535
17/05/2025,94681,grain,Wheat Tukda,ઘઉં ટુકડા,4000,490,570
17/05/2025,94682,grain,Jowar White,જુવાર સફેદ,275,640,856
17/05/2025,94683,grain,Jowar Red,જુવાર લાલ,45,848,1040
17/05/2025,94684,grain,Tuver,તુવેર,1650,1165,1436
17/05/2025,94685,grain,Gram Yellow,ચણા પીળા,1600,970,1115
17/05/2025,94686,grain,Gram White,ચણા સફેદ,800,1600,2110
17/05/2025,94687,grain,Urad,અડદ,95,1125,1560
17/05/2025,94688,grain,Mung,મગ,575,1401,1907
17/05/2025,94689,grain,Val Deshi,વાલ દેશી,90,900,1261
17/05/2025,94690,grain,Choli,ચોળી,300,1450,2000
17/05/2025,94691,grain,Peas,વટાણા,80,696,1699
17/05/2025,94692,grain,Rajma,રાજમા,105,603,1350
17/05/2025,94693,grain,Groundnut Big,મગફળી જાડી,2090,940,1080
17/05/2025,94694,grain,Groundnut Small,મગફળી જીણી,1360,980,1435
17/05/2025,94695,grain,Seasmum,તલી ,800,1150,2100
17/05/2025,94696,grain,Sunflower,સુરજમુખી,9,1225,1225
17/05/2025,94697,grain,Castor seed,એરંડા,700,1055,1212
17/05/2025,94698,grain,Thymol,અજમો,55,1150,1610
17/05/2025,94699,grain,Dil Seed,સુવા,8,1125,1498
17/05/2025,94700,grain,Soyabin,સોયાબીન,200,792,831
17/05/2025,94701,grain,Groundnut-Fada,સીંગફાડા,480,1070,1340
17/05/2025,94702,grain,Sesmum-Black,કાળા તલ ,210,3040,3980
17/05/2025,94703,grain,Garlic,લસણ,500,801,1600
17/05/2025,94704,grain,Corriander,ધાણા,1000,1150,1511
17/05/2025,94705,grain,Chillies,મરચા સુકા ,320,800,1500
17/05/2025,94706,grain,Dhani,ધાણી,1100,1180,1721
17/05/2025,94707,grain,Variyali,વરીયાળી,30,1150,1705
17/05/2025,94708,grain,Cummin,જીરૂ,900,3500,4090
17/05/2025,94709,grain,Mustard,રાય,300,1040,1360
17/05/2025,94710,grain,Fenugreek,મેથી,6000,820,1280
17/05/2025,94711,grain,Isabgul,ઇસબગુલ,15,1111,1866
17/05/2025,94712,grain,kalonji,કલોંજી,225,2950,3910
17/05/2025,94713,grain,Mustard seed,રાયડો,50,980,1100
19/05/2025,94747,grain,Cotton B.T.,કપાસ બી.ટી.,1050,1400,1529
19/05/2025,94748,grain,Wheat Lokvan,ઘઉં લોકવન,500,496,542
19/05/2025,94749,grain,Wheat Tukda,ઘઉં ટુકડા,3000,498,560
19/05/2025,94750,grain,Jowar White,જુવાર સફેદ,300,650,871
19/05/2025,94751,grain,Tuver,તુવેર,1900,1190,1403
19/05/2025,94752,grain,Gram Yellow,ચણા પીળા,4500,963,1085
19/05/2025,94753,grain,Gram White,ચણા સફેદ,1000,1400,2032
19/05/2025,94754,grain,Urad,અડદ,125,1170,1554
19/05/2025,94755,grain,Mung,મગ,1450,1421,1925
19/05/2025,94756,grain,Val Deshi,વાલ દેશી,95,950,1222
19/05/2025,94757,grain,Choli,ચોળી,400,1450,1810
19/05/2025,94758,grain,Peas,વટાણા,100,1100,1800
19/05/2025,94759,grain,Kulthi,કળથી,45,850,1000
19/05/2025,94760,grain,Rajma,રાજમા,150,700,1300
19/05/2025,94761,grain,Groundnut Seed,સીંગદાણા,40,1350,1410
19/05/2025,94762,grain,Groundnut Big,મગફળી જાડી,2900,960,1090
19/05/2025,94763,grain,Groundnut Small,મગફળી જીણી,1900,990,1465
19/05/2025,94764,grain,Seasmum,તલી ,700,1200,2300
19/05/2025,94765,grain,Castor seed,એરંડા,800,1075,1218
19/05/2025,94766,grain,Thymol,અજમો,60,1230,2001
19/05/2025,94767,grain,Dil Seed,સુવા,7,1300,1421
19/05/2025,94768,grain,Soyabin,સોયાબીન,400,800,835
19/05/2025,94769,grain,Groundnut-Fada,સીંગફાડા,960,1050,1350
19/05/2025,94770,grain,Sesmum-Black,કાળા તલ ,420,2900,4000
19/05/2025,94771,grain,Garlic,લસણ,1100,806,1771
19/05/2025,94772,grain,Corriander,ધાણા,400,1180,1515
19/05/2025,94773,grain,Chillies,મરચા સુકા ,200,750,1500
19/05/2025,94774,grain,Dhani,ધાણી,220,1220,1580
19/05/2025,94775,grain,Variyali,વરીયાળી,50,1100,1750
19/05/2025,94776,grain,Cummin,જીરૂ,780,3750,4112
19/05/2025,94777,grain,Mustard,રાય,300,1050,1300
19/05/2025,94778,grain,Fenugreek,મેથી,0,810,1240
19/05/2025,94779,grain,Isabgul,ઇસબગુલ,12,1210,1500
19/05/2025,94780,grain,Asario,અશેરીયો,10,950,1150
19/05/2025,94781,grain,kalonji,કલોંજી,125,3075,3931
19/05/2025,94782,grain,Mustard seed,રાયડો,600,970,1080
19/05/2025,94783,grain,Rajkoo Bee,રજકાનું બી ,20,3800,4380
20/05/2025,94817,grain,Cotton B.T.,કપાસ બી.ટી.,1001,1405,1530
20/05/2025,94818,grain,Wheat Lokvan,ઘઉં લોકવન,400,494,536
20/05/2025,94819,grain,Wheat Tukda,ઘઉં ટુકડા,2100,492,560
20/05/2025,94820,grain,Jowar White,જુવાર સફેદ,450,680,936
20/05/2025,94821,grain,Bajri,બાજરી,35,375,550
20/05/2025,94822,grain,Tuver,તુવેર,1300,1175,1406
20/05/2025,94823,grain,Gram Yellow,ચણા પીળા,1500,970,1099
20/05/2025,94824,grain,Gram White,ચણા સફેદ,750,1595,2251
20/05/2025,94825,grain,Urad,અડદ,75,1225,1541
20/05/2025,94826,grain,Mung,મગ,0,1451,2051
20/05/2025,94827,grain,Val Deshi,વાલ દેશી,70,900,1235
20/05/2025,94828,grain,Val Papdi,વાલ પાપડી,3,800,1555
20/05/2025,94829,grain,Choli,ચોળી,440,1335,1951
20/05/2025,94830,grain,Peas,વટાણા,120,1110,1811
20/05/2025,94831,grain,Rajma,રાજમા,200,720,1275
20/05/2025,94832,grain,Groundnut Big,મગફળી જાડી,0,980,1110
20/05/2025,94833,grain,Groundnut Small,મગફળી જીણી,0,1020,1490
20/05/2025,94834,grain,Seasmum,તલી ,880,1600,2250
20/05/2025,94835,grain,Castor seed,એરંડા,850,1040,1223
20/05/2025,94836,grain,Thymol,અજમો,75,1240,1890
20/05/2025,94837,grain,Dil Seed,સુવા,5,700,1370
20/05/2025,94838,grain,Soyabin,સોયાબીન,200,771,840
20/05/2025,94839,grain,Groundnut-Fada,સીંગફાડા,600,1075,1350
20/05/2025,94840,grain,Sesmum-Black,કાળા તલ ,270,2670,4000
20/05/2025,94841,grain,Garlic,લસણ,900,850,1600
20/05/2025,94842,grain,Corriander,ધાણા,1000,1180,1451
20/05/2025,94843,grain,Chillies,મરચા સુકા ,200,740,1430
20/05/2025,94844,grain,Dhani,ધાણી,600,1200,1625
20/05/2025,94845,grain,Variyali,વરીયાળી,40,1150,1800
20/05/2025,94846,grain,Cummin,જીરૂ,540,3790,4106
20/05/2025,94847,grain,Mustard,રાય,175,1120,1333
20/05/2025,94848,grain,Fenugreek,મેથી,9000,800,1210
20/05/2025,94849,grain,Isabgul,ઇસબગુલ,15,1000,1500
20/05/2025,94850,grain,kalonji,કલોંજી,100,3000,3943
20/05/2025,94851,grain,Mustard seed,રાયડો,300,980,1090
20/05/2025,94852,grain,Rajkoo Bee,રજકાનું બી ,50,4000,4900
20/05/2025,94853,grain,Guvar Bee,ગુવારનું બી,60,940,965
21/05/2025,94887,grain,Cotton B.T.,કપાસ બી.ટી.,900,1411,1537
21/05/2025,94888,grain,Wheat Lokvan,ઘઉં લોકવન,450,492,536
21/05/2025,94889,grain,Wheat Tukda,ઘઉં ટુકડા,1550,496,580
21/05/2025,94890,grain,Jowar White,જુવાર સફેદ,250,625,866
21/05/2025,94891,grain,Bajri,બાજરી,200,400,540
21/05/2025,94892,grain,Tuver,તુવેર,1350,1180,1384
21/05/2025,94893,grain,Gram Yellow,ચણા પીળા,2000,990,1086
21/05/2025,94894,grain,Gram White,ચણા સફેદ,500,1550,2110
21/05/2025,94895,grain,Urad,અડદ,175,1180,1515
21/05/2025,94896,grain,Mung,મગ,2000,1400,1975
21/05/2025,94897,grain,Val Deshi,વાલ દેશી,90,950,1150
21/05/2025,94898,grain,Choli,ચોળી,500,1100,1900
21/05/2025,94899,grain,Peas,વટાણા,150,1120,1705
21/05/2025,94900,grain,Kulthi,કળથી,8,900,975
21/05/2025,94901,grain,Rajma,રાજમા,150,800,1400
21/05/2025,94902,grain,Groundnut Seed,સીંગદાણા,10,1350,1420
21/05/2025,94903,grain,Groundnut Big,મગફળી જાડી,2930,960,1082
21/05/2025,94904,grain,Groundnut Small,મગફળી જીણી,1960,1010,1474
21/05/2025,94905,grain,Seasmum,તલી ,1100,1650,2300
21/05/2025,94906,grain,Castor seed,એરંડા,790,1030,1221
21/05/2025,94907,grain,Thymol,અજમો,25,900,1530
21/05/2025,94908,grain,Dil Seed,સુવા,7,900,1400
21/05/2025,94909,grain,Soyabin,સોયાબીન,300,790,830
21/05/2025,94910,grain,Groundnut-Fada,સીંગફાડા,560,1000,1355
21/05/2025,94911,grain,Sesmum-Black,કાળા તલ ,170,2940,4150
21/05/2025,94912,grain,Garlic,લસણ,750,850,1625
21/05/2025,94913,grain,Corriander,ધાણા,800,1170,1490
21/05/2025,94914,grain,Chillies,મરચા સુકા ,70,700,1200
21/05/2025,94915,grain,Dhani,ધાણી,700,1200,1611
21/05/2025,94916,grain,Variyali,વરીયાળી,100,1080,1770
21/05/2025,94917,grain,Cummin,જીરૂ,600,3770,4100
21/05/2025,94918,grain,Mustard,રાય,150,1150,1395
21/05/2025,94919,grain,Fenugreek,મેથી,0,815,1230
21/05/2025,94920,grain,Isabgul,ઇસબગુલ,12,1500,1950
21/05/2025,94921,grain,kalonji,કલોંજી,125,3300,4000
21/05/2025,94922,grain,Mustard seed,રાયડો,250,1000,1100
21/05/2025,94923,grain,Rajkoo Bee,રજકાનું બી ,55,3970,4900
21/05/2025,94924,grain,Guvar Bee,ગુવારનું બી,15,950,950
22/05/2025,94957,grain,Cotton B.T.,કપાસ બી.ટી.,811,1405,1536
22/05/2025,94958,grain,Wheat Lokvan,ઘઉં લોકવન,500,494,522
22/05/2025,94959,grain,Wheat Tukda,ઘઉં ટુકડા,1300,496,540
22/05/2025,94960,grain,Jowar White,જુવાર સફેદ,200,670,1008
22/05/2025,94961,grain,Jowar Red,જુવાર લાલ,10,780,1010
22/05/2025,94962,grain,Jowar Yellow,જુવાર પીળી ,10,390,494
22/05/2025,94963,grain,Bajri,બાજરી,150,400,542
22/05/2025,94964,grain,Tuver,તુવેર,1200,1200,1399
22/05/2025,94965,grain,Gram Yellow,ચણા પીળા,960,990,1084
22/05/2025,94966,grain,Gram White,ચણા સફેદ,1440,1595,2121
22/05/2025,94967,grain,Urad,અડદ,150,1255,1542
22/05/2025,94968,grain,Mung,મગ,0,1351,1921
22/05/2025,94969,grain,Val Deshi,વાલ દેશી,100,900,1100
22/05/2025,94970,grain,Choli,ચોળી,600,1150,1950
22/05/2025,94971,grain,Peas,વટાણા,70,1150,1600
22/05/2025,94972,grain,Rajma,રાજમા,40,850,1500
22/05/2025,94973,grain,Groundnut Seed,સીંગદાણા,10,1305,1560
22/05/2025,94974,grain,Groundnut Big,મગફળી જાડી,0,960,1092
22/05/2025,94975,grain,Groundnut Small,મગફળી જીણી,0,1000,1412
22/05/2025,94976,grain,Seasmum,તલી ,1200,1750,2320
22/05/2025,94977,grain,Sunflower,સુરજમુખી,25,600,1100
22/05/2025,94978,grain,Castor seed,એરંડા,810,1050,1218
22/05/2025,94979,grain,Thymol,અજમો,30,1000,1630
22/05/2025,94980,grain,Dil Seed,સુવા,15,1000,1500
22/05/2025,94981,grain,Soyabin,સોયાબીન,250,799,833
22/05/2025,94982,grain,Groundnut-Fada,સીંગફાડા,600,1070,1350
22/05/2025,94983,grain,Sesmum-Black,કાળા તલ ,470,2960,4200
22/05/2025,94984,grain,Garlic,લસણ,775,750,1620
22/05/2025,94985,grain,Corriander,ધાણા,1500,1150,1521
22/05/2025,94986,grain,Chillies,મરચા સુકા ,120,750,2000
22/05/2025,94987,grain,Dhani,ધાણી,900,1200,1721
22/05/2025,94988,grain,Variyali,વરીયાળી,170,1000,1850
22/05/2025,94989,grain,Cummin,જીરૂ,420,3550,4051
22/05/2025,94990,grain,Mustard,રાય,130,1040,1315
22/05/2025,94991,grain,Fenugreek,મેથી,0,800,1270
22/05/2025,94992,grain,Isabgul,ઇસબગુલ,20,1351,1940
22/05/2025,94993,grain,kalonji,કલોંજી,75,3300,4190
22/05/2025,94994,grain,Mustard seed,રાયડો,220,980,1094
22/05/2025,94995,grain,Rajkoo Bee,રજકાનું બી ,60,4000,5000
22/05/2025,94996,grain,Guvar Bee,ગુવારનું બી,50,966,966
23/05/2025,95030,grain,Cotton B.T.,કપાસ બી.ટી.,700,1415,1528
23/05/2025,95031,grain,Wheat Lokvan,ઘઉં લોકવન,500,494,526
23/05/2025,95032,grain,Wheat Tukda,ઘઉં ટુકડા,1500,496,562
23/05/2025,95033,grain,Jowar White,જુવાર સફેદ,400,650,986
23/05/2025,95034,grain,Jowar Red,જુવાર લાલ,40,880,1030
23/05/2025,95035,grain,Bajri,બાજરી,150,401,545
23/05/2025,95036,grain,Tuver,તુવેર,1450,1185,1355
23/05/2025,95037,grain,Gram Yellow,ચણા પીળા,1000,970,1079
23/05/2025,95038,grain,Gram White,ચણા સફેદ,1500,1595,2170
23/05/2025,95039,grain,Urad,અડદ,170,1190,1550
23/05/2025,95040,grain,Mung,મગ,1900,1400,1971
23/05/2025,95041,grain,Val Deshi,વાલ દેશી,80,850,1150
23/05/2025,95042,grain,Val Papdi,વાલ પાપડી,4,900,1655
23/05/2025,95043,grain,Choli,ચોળી,600,1415,1950
23/05/2025,95044,grain,Rajma,રાજમા,100,600,2200
23/05/2025,95045,grain,Groundnut Big,મગફળી જાડી,0,965,1095
23/05/2025,95046,grain,Groundnut Small,મગફળી જીણી,0,1005,1516
23/05/2025,95047,grain,Seasmum,તલી ,1250,1500,2340
23/05/2025,95048,grain,Sunflower,સુરજમુખી,25,700,1190
23/05/2025,95049,grain,Castor seed,એરંડા,1000,1050,1233
23/05/2025,95050,grain,Thymol,અજમો,20,940,2100
23/05/2025,95051,grain,Dil Seed,સુવા,2,900,1400
23/05/2025,95052,grain,Soyabin,સોયાબીન,325,772,819
23/05/2025,95053,grain,Groundnut-Fada,સીંગફાડા,420,1050,1340
23/05/2025,95054,grain,Sesmum-Black,કાળા તલ ,425,2961,4090
23/05/2025,95055,grain,Garlic,લસણ,450,700,1459
23/05/2025,95056,grain,Corriander,ધાણા,340,1150,1431
23/05/2025,95057,grain,Chillies,મરચા સુકા ,181,725,1500
23/05/2025,95058,grain,Dhani,ધાણી,300,1190,1611
23/05/2025,95059,grain,Variyali,વરીયાળી,80,900,1744
23/05/2025,95060,grain,Cummin,જીરૂ,600,3550,4110
23/05/2025,95061,grain,Mustard,રાય,110,1100,1310
23/05/2025,95062,grain,Fenugreek,મેથી,4500,810,1260
23/05/2025,95063,grain,Isabgul,ઇસબગુલ,20,1200,1885
23/05/2025,95064,grain,kalonji,કલોંજી,125,2800,4125
23/05/2025,95065,grain,Mustard seed,રાયડો,250,980,1101
23/05/2025,95066,grain,Rajkoo Bee,રજકાનું બી ,100,4000,5150
24/05/2025,95100,grain,Cotton B.T.,કપાસ બી.ટી.,911,1401,1546
24/05/2025,95101,grain,Wheat Lokvan,ઘઉં લોકવન,400,495,525
24/05/2025,95102,grain,Wheat Tukda,ઘઉં ટુકડા,1400,498,552
24/05/2025,95103,grain,Jowar White,જુવાર સફેદ,350,500,915
24/05/2025,95104,grain,Jowar Red,જુવાર લાલ,5,880,980
24/05/2025,95105,grain,Jowar Yellow,જુવાર પીળી ,15,400,470
24/05/2025,95106,grain,Bajri,બાજરી,100,376,480
24/05/2025,95107,grain,Tuver,તુવેર,1500,1191,1356
24/05/2025,95108,grain,Gram Yellow,ચણા પીળા,900,990,1100
24/05/2025,95109,grain,Gram White,ચણા સફેદ,1350,1550,2140
24/05/2025,95110,grain,Urad,અડદ,115,1170,1580
24/05/2025,95111,grain,Mung,મગ,0,1450,1875
24/05/2025,95112,grain,Val Deshi,વાલ દેશી,70,800,1100
24/05/2025,95113,grain,Val Papdi,વાલ પાપડી,2,900,1550
24/05/2025,95114,grain,Choli,ચોળી,700,1350,2050
24/05/2025,95115,grain,Peas,વટાણા,25,1100,1795
24/05/2025,95116,grain,Kulthi,કળથી,30,750,950
24/05/2025,95117,grain,Rajma,રાજમા,20,1180,1735
24/05/2025,95118,grain,Groundnut Seed,સીંગદાણા,12,1350,1400
24/05/2025,95119,grain,Groundnut Big,મગફળી જાડી,3000,965,1102
24/05/2025,95120,grain,Groundnut Small,મગફળી જીણી,2100,1000,1510
24/05/2025,95121,grain,Seasmum,તલી ,2500,1900,2400
24/05/2025,95122,grain,Sunflower,સુરજમુખી,7,1170,1170
24/05/2025,95123,grain,Castor seed,એરંડા,900,1075,1221
24/05/2025,95124,grain,Thymol,અજમો,30,930,1618
24/05/2025,95125,grain,Dil Seed,સુવા,5,1250,1585
24/05/2025,95126,grain,Soyabin,સોયાબીન,190,775,812
24/05/2025,95127,grain,Groundnut-Fada,સીંગફાડા,720,1050,1335
24/05/2025,95128,grain,Sesmum-Black,કાળા તલ ,500,2950,4161
24/05/2025,95129,grain,Garlic,લસણ,720,750,1849
24/05/2025,95130,grain,Corriander,ધાણા,400,1170,1480
24/05/2025,95131,grain,Chillies,મરચા સુકા ,120,700,1110
24/05/2025,95132,grain,Dhani,ધાણી,300,1200,1591
24/05/2025,95133,grain,Variyali,વરીયાળી,200,1000,1800
24/05/2025,95134,grain,Cummin,જીરૂ,500,3525,4086
24/05/2025,95135,grain,Mustard,રાય,150,1080,1310
24/05/2025,95136,grain,Fenugreek,મેથી,0,830,1250
24/05/2025,95137,grain,Isabgul,ઇસબગુલ,30,1400,1911
24/05/2025,95138,grain,Asario,અશેરીયો,20,925,1125
24/05/2025,95139,grain,kalonji,કલોંજી,100,3200,4050
24/05/2025,95140,grain,Mustard seed,રાયડો,120,1000,1110
24/05/2025,95141,grain,Rajkoo Bee,રજકાનું બી ,80,3800,5010
24/05/2025,95142,grain,Guvar Bee,ગુવારનું બી,75,905,1036
26/05/2025,95176,grain,Cotton B.T.,કપાસ બી.ટી.,800,1350,1544
26/05/2025,95177,grain,Wheat Lokvan,ઘઉં લોકવન,500,496,526
26/05/2025,95178,grain,Wheat Tukda,ઘઉં ટુકડા,2000,498,550
26/05/2025,95179,grain,Jowar White,જુવાર સફેદ,600,600,900
26/05/2025,95180,grain,Jowar Red,જુવાર લાલ,35,800,960
26/05/2025,95181,grain,Jowar Yellow,જુવાર પીળી ,40,400,580
26/05/2025,95182,grain,Bajri,બાજરી,150,375,450
26/05/2025,95183,grain,Tuver,તુવેર,1650,1180,1353
26/05/2025,95184,grain,Gram Yellow,ચણા પીળા,1000,990,1103
26/05/2025,95185,grain,Gram White,ચણા સફેદ,1500,1450,2110
26/05/2025,95186,grain,Urad,અડદ,700,1151,1575
26/05/2025,95187,grain,Mung,મગ,3000,1375,1941
26/05/2025,95188,grain,Val Deshi,વાલ દેશી,100,800,1200
26/05/2025,95189,grain,Val Papdi,વાલ પાપડી,30,950,1666
26/05/2025,95190,grain,Choli,ચોળી,1700,1300,1805
26/05/2025,95191,grain,Peas,વટાણા,100,1050,1944
26/05/2025,95192,grain,Rajma,રાજમા,110,750,1542
26/05/2025,95193,grain,Groundnut Seed,સીંગદાણા,50,1350,1425
26/05/2025,95194,grain,Groundnut Big,મગફળી જાડી,0,975,1124
26/05/2025,95195,grain,Groundnut Small,મગફળી જીણી,0,1030,1548
26/05/2025,95196,grain,Linseed,અળશી,12,1299,1299
26/05/2025,95197,grain,Seasmum,તલી ,3600,1600,2330
26/05/2025,95198,grain,Castor seed,એરંડા,790,1100,1230
26/05/2025,95199,grain,Thymol,અજમો,40,975,1700
26/05/2025,95200,grain,Dil Seed,સુવા,2,1290,1290
26/05/2025,95201,grain,Soyabin,સોયાબીન,310,784,840
26/05/2025,95202,grain,Groundnut-Fada,સીંગફાડા,1560,1050,1320
26/05/2025,95203,grain,Sesmum-Black,કાળા તલ ,900,2900,3812
26/05/2025,95204,grain,Garlic,લસણ,750,700,1750
26/05/2025,95205,grain,Corriander,ધાણા,600,1175,1434
26/05/2025,95206,grain,Chillies,મરચા સુકા ,200,775,1860
26/05/2025,95207,grain,Dhani,ધાણી,400,1210,1600
26/05/2025,95208,grain,Variyali,વરીયાળી,275,950,1675
26/05/2025,95209,grain,Cummin,જીરૂ,480,3700,4116
26/05/2025,95210,grain,Mustard,રાય,150,1125,1325
26/05/2025,95211,grain,Fenugreek,મેથી,5000,830,1240
26/05/2025,95212,grain,Isabgul,ઇસબગુલ,5,1680,1820
26/05/2025,95213,grain,kalonji,કલોંજી,50,3200,4200
26/05/2025,95214,grain,Mustard seed,રાયડો,250,1010,1115
26/05/2025,95215,grain,Rajkoo Bee,રજકાનું બી ,150,4000,4800
26/05/2025,95216,grain,Guvar Bee,ગુવારનું બી,100,930,995
27/05/2025,95221,grain,Cotton B.T.,કપાસ બી.ટી.,665,1350,1547
27/05/2025,95222,grain,Wheat Lokvan,ઘઉં લોકવન,400,497,520
27/05/2025,95223,grain,Wheat Tukda,ઘઉં ટુકડા,2400,499,600
27/05/2025,95224,grain,Jowar White,જુવાર સફેદ,0,650,975
27/05/2025,95225,grain,Jowar Red,જુવાર લાલ,0,915,997
27/05/2025,95226,grain,Bajri,બાજરી,100,350,450
27/05/2025,95227,grain,Tuver,તુવેર,1100,1191,1356
27/05/2025,95228,grain,Gram Yellow,ચણા પીળા,960,1000,1093
27/05/2025,95229,grain,Gram White,ચણા સફેદ,1440,1400,2199
27/05/2025,95230,grain,Urad,અડદ,450,1210,1552
27/05/2025,95231,grain,Mung,મગ,0,1310,1900
27/05/2025,95232,grain,Val Deshi,વાલ દેશી,90,800,1150
27/05/2025,95233,grain,Choli,ચોળી,400,1500,1900
27/05/2025,95234,grain,Peas,વટાણા,80,1031,1780
27/05/2025,95235,grain,Rajma,રાજમા,100,721,1803
27/05/2025,95236,grain,Groundnut Big,મગફળી જાડી,3000,970,1130
27/05/2025,95237,grain,Groundnut Small,મગફળી જીણી,1500,1035,1565
27/05/2025,95238,grain,Linseed,અળશી,5,1000,1000
27/05/2025,95239,grain,Seasmum,તલી ,0,1400,2400
27/05/2025,95240,grain,Sunflower,સુરજમુખી,10,600,1100
27/05/2025,95241,grain,Castor seed,એરંડા,495,1100,1232
27/05/2025,95242,grain,Thymol,અજમો,8,950,1620
27/05/2025,95243,grain,Dil Seed,સુવા,15,1190,1615
27/05/2025,95244,grain,Soyabin,સોયાબીન,225,791,810
27/05/2025,95245,grain,Groundnut-Fada,સીંગફાડા,0,1080,1330
27/05/2025,95246,grain,Sesmum-Black,કાળા તલ ,440,2800,3800
27/05/2025,95247,grain,Garlic,લસણ,420,780,1800
27/05/2025,95248,grain,Corriander,ધાણા,500,1150,1425
27/05/2025,95249,grain,Chillies,મરચા સુકા ,240,780,1400
27/05/2025,95250,grain,Dhani,ધાણી,300,1200,1550
27/05/2025,95251,grain,Variyali,વરીયાળી,150,1100,1800
27/05/2025,95252,grain,Cummin,જીરૂ,420,3750,4135
27/05/2025,95253,grain,Mustard,રાય,150,1080,1300
27/05/2025,95254,grain,Fenugreek,મેથી,0,800,1220
27/05/2025,95255,grain,Isabgul,ઇસબગુલ,9,1100,1921
27/05/2025,95256,grain,kalonji,કલોંજી,75,2800,4086
27/05/2025,95257,grain,Mustard seed,રાયડો,300,1020,1118
27/05/2025,95258,grain,Rajkoo Bee,રજકાનું બી ,350,3950,5100
27/05/2025,95259,grain,Guvar Bee,ગુવારનું બી,40,960,1000
28/05/2025,95293,grain,Cotton B.T.,કપાસ બી.ટી.,800,1370,1549
28/05/2025,95294,grain,Wheat Lokvan,ઘઉં લોકવન,500,495,532
28/05/2025,95295,grain,Wheat Tukda,ઘઉં ટુકડા,1800,497,570
28/05/2025,95296,grain,Jowar White,જુવાર સફેદ,340,600,842
28/05/2025,95297,grain,Jowar Red,જુવાર લાલ,135,855,1000
28/05/2025,95298,grain,Jowar Yellow,જુવાર પીળી ,18,400,480
28/05/2025,95299,grain,Bajri,બાજરી,70,370,450
28/05/2025,95300,grain,Tuver,તુવેર,1350,1189,1365
28/05/2025,95301,grain,Gram Yellow,ચણા પીળા,960,970,1100
28/05/2025,95302,grain,Gram White,ચણા સફેદ,1440,1400,2120
28/05/2025,95303,grain,Urad,અડદ,550,1195,1530
28/05/2025,95304,grain,Mung,મગ,0,1315,1921
28/05/2025,95305,grain,Val Deshi,વાલ દેશી,85,800,1100
28/05/2025,95306,grain,Val Papdi,વાલ પાપડી,5,1000,1800
28/05/2025,95307,grain,Choli,ચોળી,1000,1400,1750
28/05/2025,95308,grain,Peas,વટાણા,70,1011,1950
28/05/2025,95309,grain,Kulthi,કળથી,15,650,850
28/05/2025,95310,grain,Rajma,રાજમા,30,725,1750
28/05/2025,95311,grain,Groundnut Big,મગફળી જાડી,0,970,1210
28/05/2025,95312,grain,Groundnut Small,મગફળી જીણી,0,1065,1565
28/05/2025,95313,grain,Seasmum,તલી ,5600,1900,2432
28/05/2025,95314,grain,Castor seed,એરંડા,410,1130,1225
28/05/2025,95315,grain,Thymol,અજમો,45,900,2400
28/05/2025,95316,grain,Dil Seed,સુવા,10,1200,1340
28/05/2025,95317,grain,Soyabin,સોયાબીન,340,797,834
28/05/2025,95318,grain,Groundnut-Fada,સીંગફાડા,1120,1040,1300
28/05/2025,95319,grain,Sesmum-Black,કાળા તલ ,680,2700,3600
28/05/2025,95320,grain,Garlic,લસણ,900,750,1425
28/05/2025,95321,grain,Corriander,ધાણા,600,1175,1411
28/05/2025,95322,grain,Chillies,મરચા સુકા ,60,600,1680
28/05/2025,95323,grain,Dhani,ધાણી,400,1250,1625
28/05/2025,95324,grain,Variyali,વરીયાળી,100,950,1600
28/05/2025,95325,grain,Cummin,જીરૂ,390,3700,4141
28/05/2025,95326,grain,Mustard,રાય,150,1140,1340
28/05/2025,95327,grain,Fenugreek,મેથી,0,810,1200
28/05/2025,95328,grain,Isabgul,ઇસબગુલ,2,1390,1390
28/05/2025,95329,grain,Asario,અશેરીયો,24,900,1100
28/05/2025,95330,grain,kalonji,કલોંજી,80,3200,4140
28/05/2025,95331,grain,Mustard seed,રાયડો,250,1030,1130
28/05/2025,95332,grain,Rajkoo Bee,રજકાનું બી ,100,4300,5200
28/05/2025,95333,grain,Guvar Bee,ગુવારનું બી,150,950,999
29/05/2025,95367,grain,Cotton B.T.,કપાસ બી.ટી.,550,1350,1530
29/05/2025,95368,grain,Wheat Lokvan,ઘઉં લોકવન,400,498,518
29/05/2025,95369,grain,Wheat Tukda,ઘઉં ટુકડા,2000,495,530
29/05/2025,95370,grain,Jowar White,જુવાર સફેદ,700,600,880
29/05/2025,95371,grain,Jowar Red,જુવાર લાલ,75,890,1000
29/05/2025,95372,grain,Jowar Yellow,જુવાર પીળી ,10,375,480
29/05/2025,95373,grain,Bajri,બાજરી,60,350,461
29/05/2025,95374,grain,Tuver,તુવેર,1050,1184,1342
29/05/2025,95375,grain,Gram Yellow,ચણા પીળા,0,1000,1088
29/05/2025,95376,grain,Gram White,ચણા સફેદ,0,1300,1850
29/05/2025,95377,grain,Urad,અડદ,425,1185,1558
29/05/2025,95378,grain,Mung,મગ,0,1325,1900
29/05/2025,95379,grain,Val Deshi,વાલ દેશી,90,850,1175
29/05/2025,95380,grain,Val Papdi,વાલ પાપડી,20,1050,1350
29/05/2025,95381,grain,Choli,ચોળી,1500,1400,1700
29/05/2025,95382,grain,Peas,વટાણા,50,1015,1757
29/05/2025,95383,grain,Rajma,રાજમા,110,700,2003
29/05/2025,95384,grain,Groundnut Big,મગફળી જાડી,0,1000,1250
29/05/2025,95385,grain,Groundnut Small,મગફળી જીણી,0,1050,1564
29/05/2025,95386,grain,Seasmum,તલી ,0,1800,2250
29/05/2025,95387,grain,Castor seed,એરંડા,340,1170,1227
29/05/2025,95388,grain,Thymol,અજમો,50,1000,1388
29/05/2025,95389,grain,Dil Seed,સુવા,7,1300,1544
29/05/2025,95390,grain,Soyabin,સોયાબીન,290,750,814
29/05/2025,95391,grain,Groundnut-Fada,સીંગફાડા,840,1050,1305
29/05/2025,95392,grain,Sesmum-Black,કાળા તલ ,685,2740,3674
29/05/2025,95393,grain,Garlic,લસણ,480,777,1455
29/05/2025,95394,grain,Corriander,ધાણા,450,1185,1425
29/05/2025,95395,grain,Chillies,મરચા સુકા ,240,700,1965
29/05/2025,95396,grain,Dhani,ધાણી,350,1275,1600
29/05/2025,95397,grain,Variyali,વરીયાળી,190,1100,1650
29/05/2025,95398,grain,Cummin,જીરૂ,480,3650,4000
29/05/2025,95399,grain,Mustard,રાય,200,1125,1365
29/05/2025,95400,grain,Fenugreek,મેથી,0,800,1130
29/05/2025,95401,grain,Isabgul,ઇસબગુલ,15,1300,1870
29/05/2025,95402,grain,kalonji,કલોંજી,30,3300,4070
29/05/2025,95403,grain,Mustard seed,રાયડો,300,1020,1151
29/05/2025,95404,grain,Rajkoo Bee,રજકાનું બી ,150,4300,5540
29/05/2025,95405,grain,Guvar Bee,ગુવારનું બી,70,890,995
30/05/2025,95439,grain,Cotton B.T.,કપાસ બી.ટી.,500,1375,1530
30/05/2025,95440,grain,Wheat Lokvan,ઘઉં લોકવન,300,494,513
30/05/2025,95441,grain,Wheat Tukda,ઘઉં ટુકડા,1500,490,535
30/05/2025,95442,grain,Jowar White,જુવાર સફેદ,750,605,881
30/05/2025,95443,grain,Jowar Red,જુવાર લાલ,100,850,970
30/05/2025,95444,grain,Jowar Yellow,જુવાર પીળી ,50,370,470
30/05/2025,95445,grain,Bajri,બાજરી,150,350,485
30/05/2025,95446,grain,Tuver,તુવેર,1225,1181,1330
30/05/2025,95447,grain,Gram Yellow,ચણા પીળા,800,990,1088
30/05/2025,95448,grain,Gram White,ચણા સફેદ,1200,1300,1876
30/05/2025,95449,grain,Urad,અડદ,525,1190,1542
30/05/2025,95450,grain,Mung,મગ,0,1350,1921
30/05/2025,95451,grain,Val Deshi,વાલ દેશી,60,700,1265
30/05/2025,95452,grain,Val Papdi,વાલ પાપડી,1,1030,1800
30/05/2025,95453,grain,Choli,ચોળી,1000,1400,1700
30/05/2025,95454,grain,Peas,વટાણા,125,1031,1978
30/05/2025,95455,grain,Kulthi,કળથી,15,650,850
30/05/2025,95456,grain,Rajma,રાજમા,40,705,1800
30/05/2025,95457,grain,Groundnut Big,મગફળી જાડી,7500,980,1260
30/05/2025,95458,grain,Groundnut Small,મગફળી જીણી,7500,1040,1565
30/05/2025,95459,grain,Seasmum,તલી ,8800,1500,2300
30/05/2025,95460,grain,Castor seed,એરંડા,680,1152,1237
30/05/2025,95461,grain,Thymol,અજમો,100,950,1470
30/05/2025,95462,grain,Dil Seed,સુવા,3,500,1450
30/05/2025,95463,grain,Soyabin,સોયાબીન,350,791,828
30/05/2025,95464,grain,Groundnut-Fada,સીંગફાડા,280,1070,1310
30/05/2025,95465,grain,Sesmum-Black,કાળા તલ ,1030,2700,3644
30/05/2025,95466,grain,Garlic,લસણ,350,780,1495
30/05/2025,95467,grain,Corriander,ધાણા,400,1150,1400
30/05/2025,95468,grain,Chillies,મરચા સુકા ,60,650,1400
30/05/2025,95469,grain,Dhani,ધાણી,325,1250,1550
30/05/2025,95470,grain,Variyali,વરીયાળી,350,1100,1751
30/05/2025,95471,grain,Cummin,જીરૂ,600,3750,4170
30/05/2025,95472,grain,Mustard,રાય,100,1130,1351
30/05/2025,95473,grain,Fenugreek,મેથી,4000,850,1305
30/05/2025,95474,grain,Isabgul,ઇસબગુલ,60,800,1790
30/05/2025,95475,grain,Asario,અશેરીયો,3,1299,1299
30/05/2025,95476,grain,kalonji,કલોંજી,150,3265,4121
30/05/2025,95477,grain,Mustard seed,રાયડો,280,1070,1154
30/05/2025,95478,grain,Rajkoo Bee,રજકાનું બી ,300,4200,5650
30/05/2025,95479,grain,Guvar Bee,ગુવારનું બી,50,920,990
31/05/2025,95512,grain,Cotton B.T.,કપાસ બી.ટી.,300,1300,1529
31/05/2025,95513,grain,Wheat Lokvan,ઘઉં લોકવન,500,494,525
31/05/2025,95514,grain,Wheat Tukda,ઘઉં ટુકડા,1500,497,560
31/05/2025,95515,grain,Jowar White,જુવાર સફેદ,700,625,900
31/05/2025,95516,grain,Jowar Red,જુવાર લાલ,60,850,950
31/05/2025,95517,grain,Jowar Yellow,જુવાર પીળી ,30,360,460
31/05/2025,95518,grain,Bajri,બાજરી,130,350,450
31/05/2025,95519,grain,Tuver,તુવેર,550,1182,1336
31/05/2025,95520,grain,Gram Yellow,ચણા પીળા,0,1000,1085
31/05/2025,95521,grain,Gram White,ચણા સફેદ,0,1500,2100
31/05/2025,95522,grain,Urad,અડદ,225,1201,1514
31/05/2025,95523,grain,Mung,મગ,4200,1305,1801
31/05/2025,95524,grain,Val Deshi,વાલ દેશી,40,800,1176
31/05/2025,95525,grain,Choli,ચોળી,450,1050,1551
31/05/2025,95526,grain,Peas,વટાણા,70,151,1530
31/05/2025,95527,grain,Kulthi,કળથી,25,700,900
31/05/2025,95528,grain,Rajma,રાજમા,5,715,1410
31/05/2025,95529,grain,Groundnut Big,મગફળી જાડી,0,985,1248
31/05/2025,95530,grain,Groundnut Small,મગફળી જીણી,0,1035,1545
31/05/2025,95531,grain,Seasmum,તલી ,0,1800,2450
31/05/2025,95532,grain,Castor seed,એરંડા,530,1115,1233
31/05/2025,95533,grain,Thymol,અજમો,50,800,1600
31/05/2025,95534,grain,Dil Seed,સુવા,15,1101,1320
31/05/2025,95535,grain,Soyabin,સોયાબીન,35,790,809
31/05/2025,95536,grain,Groundnut-Fada,સીંગફાડા,1540,1040,1305
31/05/2025,95537,grain,Sesmum-Black,કાળા તલ ,0,2500,3550
31/05/2025,95538,grain,Garlic,લસણ,300,750,1475
31/05/2025,95539,grain,Corriander,ધાણા,325,1160,1415
31/05/2025,95540,grain,Chillies,મરચા સુકા ,35,700,1300
31/05/2025,95541,grain,Dhani,ધાણી,260,1275,1530
31/05/2025,95542,grain,Variyali,વરીયાળી,170,1150,1650
31/05/2025,95543,grain,Cummin,જીરૂ,720,3750,4125
31/05/2025,95544,grain,Mustard,રાય,125,1050,1330
31/05/2025,95545,grain,Fenugreek,મેથી,0,980,1300
31/05/2025,95546,grain,Isabgul,ઇસબગુલ,25,1300,1850
31/05/2025,95547,grain,kalonji,કલોંજી,125,3275,4131
31/05/2025,95548,grain,Mustard seed,રાયડો,300,1000,1135
31/05/2025,95549,grain,Rajkoo Bee,રજકાનું બી ,100,4400,5750
31/05/2025,95550,grain,Guvar Bee,ગુવારનું બી,150,940,1000
02/06/2025,95583,grain,Cotton B.T.,કપાસ બી.ટી.,600,1300,1568
02/06/2025,95584,grain,Wheat Lokvan,ઘઉં લોકવન,200,490,520
02/06/2025,95585,grain,Wheat Tukda,ઘઉં ટુકડા,1200,495,568
02/06/2025,95586,grain,Jowar White,જુવાર સફેદ,1200,750,820
02/06/2025,95587,grain,Jowar Red,જુવાર લાલ,50,650,920
02/06/2025,95588,grain,Jowar Yellow,જુવાર પીળી ,15,400,480
02/06/2025,95589,grain,Bajri,બાજરી,75,360,475
02/06/2025,95590,grain,Tuver,તુવેર,1050,1190,1318
02/06/2025,95591,grain,Gram Yellow,ચણા પીળા,700,950,1090
02/06/2025,95592,grain,Gram White,ચણા સફેદ,900,1100,1900
02/06/2025,95593,grain,Urad,અડદ,425,1260,1510
02/06/2025,95594,grain,Mung,મગ,0,1100,1730
02/06/2025,95595,grain,Val Deshi,વાલ દેશી,150,850,1160
02/06/2025,95596,grain,Val Papdi,વાલ પાપડી,7,800,1800
02/06/2025,95597,grain,Choli,ચોળી,0,1300,1650
02/06/2025,95598,grain,Peas,વટાણા,40,1100,1700
02/06/2025,95599,grain,Kulthi,કળથી,12,650,850
02/06/2025,95600,grain,Rajma,રાજમા,25,1610,2110
02/06/2025,95601,grain,Groundnut Big,મગફળી જાડી,0,950,1240
02/06/2025,95602,grain,Groundnut Small,મગફળી જીણી,0,1000,1540
02/06/2025,95603,grain,Seasmum,તલી ,0,1600,2080
02/06/2025,95604,grain,Castor seed,એરંડા,511,1111,1232
02/06/2025,95605,grain,Thymol,અજમો,30,920,1375
02/06/2025,95606,grain,Dil Seed,સુવા,5,1000,1500
02/06/2025,95607,grain,Soyabin,સોયાબીન,270,752,795
02/06/2025,95608,grain,Groundnut-Fada,સીંગફાડા,0,1050,1310
02/06/2025,95609,grain,Sesmum-Black,કાળા તલ ,1615,2540,3285
02/06/2025,95610,grain,Garlic,લસણ,450,850,1600
02/06/2025,95611,grain,Corriander,ધાણા,350,1150,1400
02/06/2025,95612,grain,Chillies,મરચા સુકા ,100,400,1600
02/06/2025,95613,grain,Dhani,ધાણી,300,1200,1480
02/06/2025,95614,grain,Variyali,વરીયાળી,50,1050,1436
02/06/2025,95615,grain,Cummin,જીરૂ,900,3651,4000
02/06/2025,95616,grain,Mustard,રાય,250,1050,1320
02/06/2025,95617,grain,Fenugreek,મેથી,0,800,1180
02/06/2025,95618,grain,Isabgul,ઇસબગુલ,8,1100,1931
02/06/2025,95619,grain,kalonji,કલોંજી,80,3300,4160
02/06/2025,95620,grain,Mustard seed,રાયડો,400,1000,1155
02/06/2025,95621,grain,Rajkoo Bee,રજકાનું બી ,100,4600,5801
03/06/2025,95655,grain,Cotton B.T.,કપાસ બી.ટી.,500,1300,1564
03/06/2025,95656,grain,Wheat Lokvan,ઘઉં લોકવન,220,491,515
03/06/2025,95657,grain,Wheat Tukda,ઘઉં ટુકડા,1430,494,558
03/06/2025,95658,grain,Jowar White,જુવાર સફેદ,350,600,860
03/06/2025,95659,grain,Jowar Red,જુવાર લાલ,10,700,900
03/06/2025,95660,grain,Jowar Yellow,જુવાર પીળી ,10,400,480
03/06/2025,95661,grain,Bajri,બાજરી,70,350,470
03/06/2025,95662,grain,Tuver,તુવેર,950,1180,1295
03/06/2025,95663,grain,Gram Yellow,ચણા પીળા,600,970,1100
03/06/2025,95664,grain,Gram White,ચણા સફેદ,600,1300,1850
03/06/2025,95665,grain,Urad,અડદ,250,1271,1510
03/06/2025,95666,grain,Mung,મગ,0,1100,1700
03/06/2025,95667,grain,Val Deshi,વાલ દેશી,160,900,1150
03/06/2025,95668,grain,Choli,ચોળી,600,1150,1475
03/06/2025,95669,grain,Peas,વટાણા,50,1060,1900
03/06/2025,95670,grain,Kulthi,કળથી,25,500,825
03/06/2025,95671,grain,Rajma,રાજમા,40,600,1350
03/06/2025,95672,grain,Groundnut Big,મગફળી જાડી,0,880,1130
03/06/2025,95673,grain,Groundnut Small,મગફળી જીણી,0,1000,1535
03/06/2025,95674,grain,Linseed,અળશી,18,1271,1271
03/06/2025,95675,grain,Seasmum,તલી ,0,1550,2160
03/06/2025,95676,grain,Sunflower,સુરજમુખી,80,950,1181
03/06/2025,95677,grain,Castor seed,એરંડા,170,1115,1227
03/06/2025,95678,grain,Thymol,અજમો,30,900,1950
03/06/2025,95679,grain,Dil Seed,સુવા,5,900,1350
03/06/2025,95680,grain,Soyabin,સોયાબીન,360,780,812
03/06/2025,95681,grain,Groundnut-Fada,સીંગફાડા,1680,1050,1305
03/06/2025,95682,grain,Sesmum-Black,કાળા તલ ,0,2450,3250
03/06/2025,95683,grain,Garlic,લસણ,350,800,1480
03/06/2025,95684,grain,Corriander,ધાણા,300,1240,1430
03/06/2025,95685,grain,Chillies,મરચા સુકા ,35,400,1605
03/06/2025,95686,grain,Dhani,ધાણી,200,1260,1410
03/06/2025,95687,grain,Variyali,વરીયાળી,115,920,1600
03/06/2025,95688,grain,Cummin,જીરૂ,660,3601,4100
03/06/2025,95689,grain,Mustard,રાય,125,1100,1325
03/06/2025,95690,grain,Fenugreek,મેથી,4000,810,1230
03/06/2025,95691,grain,Isabgul,ઇસબગુલ,30,1250,2050
03/06/2025,95692,grain,kalonji,કલોંજી,50,3200,4115
03/06/2025,95693,grain,Mustard seed,રાયડો,200,980,1145
03/06/2025,95694,grain,Rajkoo Bee,રજકાનું બી ,300,4500,5800
03/06/2025,95695,grain,Guvar Bee,ગુવારનું બી,100,840,1070
04/06/2025,95729,grain,Cotton B.T.,કપાસ બી.ટી.,640,1250,1572
04/06/2025,95730,grain,Wheat Lokvan,ઘઉં લોકવન,210,490,505
04/06/2025,95731,grain,Wheat Tukda,ઘઉં ટુકડા,1350,492,569
04/06/2025,95732,grain,Jowar White,જુવાર સફેદ,425,650,960
04/06/2025,95733,grain,Jowar Red,જુવાર લાલ,10,650,850
04/06/2025,95734,grain,Jowar Yellow,જુવાર પીળી ,15,400,500
04/06/2025,95735,grain,Bajri,બાજરી,150,371,470
04/06/2025,95736,grain,Tuver,તુવેર,1150,1186,1300
04/06/2025,95737,grain,Gram Yellow,ચણા પીળા,1500,965,1096
04/06/2025,95738,grain,Gram White,ચણા સફેદ,1000,1250,1850
04/06/2025,95739,grain,Urad,અડદ,650,1250,1480
04/06/2025,95740,grain,Mung,મગ,0,1250,1633
04/06/2025,95741,grain,Val Deshi,વાલ દેશી,125,700,1135
04/06/2025,95742,grain,Val Papdi,વાલ પાપડી,3,800,1750
04/06/2025,95743,grain,Choli,ચોળી,0,1200,1500
04/06/2025,95744,grain,Peas,વટાણા,150,1250,1850
04/06/2025,95745,grain,Kulthi,કળથી,6,650,750
04/06/2025,95746,grain,Rajma,રાજમા,90,1050,2250
04/06/2025,95747,grain,Groundnut Big,મગફળી જાડી,3800,900,1150
04/06/2025,95748,grain,Groundnut Small,મગફળી જીણી,3800,980,1540
04/06/2025,95749,grain,Seasmum,તલી ,12000,1450,2050
04/06/2025,95750,grain,Sunflower,સુરજમુખી,20,1230,1230
04/06/2025,95751,grain,Castor seed,એરંડા,450,1110,1232
04/06/2025,95752,grain,Thymol,અજમો,50,950,1600
04/06/2025,95753,grain,Dil Seed,સુવા,10,1200,1520
04/06/2025,95754,grain,Soyabin,સોયાબીન,430,780,818
04/06/2025,95755,grain,Groundnut-Fada,સીંગફાડા,840,1010,1315
04/06/2025,95756,grain,Sesmum-Black,કાળા તલ ,0,2470,3260
04/06/2025,95757,grain,Garlic,લસણ,450,850,1630
04/06/2025,95758,grain,Corriander,ધાણા,325,1170,1420
04/06/2025,95759,grain,Chillies,મરચા સુકા ,50,530,1600
04/06/2025,95760,grain,Dhani,ધાણી,250,1220,1535
04/06/2025,95761,grain,Variyali,વરીયાળી,105,1050,1800
04/06/2025,95762,grain,Cummin,જીરૂ,925,3450,3880
04/06/2025,95763,grain,Mustard,રાય,150,1140,1380
04/06/2025,95764,grain,Fenugreek,મેથી,0,790,1140
04/06/2025,95765,grain,Isabgul,ઇસબગુલ,5,1200,1500
04/06/2025,95766,grain,kalonji,કલોંજી,50,3200,4170
04/06/2025,95767,grain,Mustard seed,રાયડો,200,1020,1155
04/06/2025,95768,grain,Rajkoo Bee,રજકાનું બી ,300,4300,5600
04/06/2025,95769,grain,Guvar Bee,ગુવારનું બી,70,850,1007
05/06/2025,95802,grain,Cotton B.T.,કપાસ બી.ટી.,850,1240,1559
05/06/2025,95803,grain,Wheat Lokvan,ઘઉં લોકવન,280,493,523
05/06/2025,95804,grain,Wheat Tukda,ઘઉં ટુકડા,1640,490,550
05/06/2025,95805,grain,Jowar White,જુવાર સફેદ,650,650,940
05/06/2025,95806,grain,Jowar Red,જુવાર લાલ,35,770,900
05/06/2025,95807,grain,Jowar Yellow,જુવાર પીળી ,65,350,500
05/06/2025,95808,grain,Bajri,બાજરી,110,380,472
05/06/2025,95809,grain,Tuver,તુવેર,1500,1190,1305
05/06/2025,95810,grain,Gram Yellow,ચણા પીળા,600,970,1094
05/06/2025,95811,grain,Gram White,ચણા સફેદ,600,1200,1900
05/06/2025,95812,grain,Urad,અડદ,850,1261,1500
05/06/2025,95813,grain,Mung,મગ,0,1400,1720
05/06/2025,95814,grain,Val Deshi,વાલ દેશી,72,405,1049
05/06/2025,95815,grain,Choli,ચોળી,300,1300,1550
05/06/2025,95816,grain,Peas,વટાણા,42,1340,2110
05/06/2025,95817,grain,Rajma,રાજમા,30,800,1440
05/06/2025,95818,grain,Groundnut Big,મગફળી જાડી,0,900,1170
05/06/2025,95819,grain,Groundnut Small,મગફળી જીણી,0,950,1555
05/06/2025,95820,grain,Seasmum,તલી ,0,1400,2000
05/06/2025,95821,grain,Sunflower,સુરજમુખી,10,1230,1230
05/06/2025,95822,grain,Castor seed,એરંડા,300,1105,1238
05/06/2025,95823,grain,Thymol,અજમો,20,1080,1700
05/06/2025,95824,grain,Dil Seed,સુવા,10,1200,1520
05/06/2025,95825,grain,Soyabin,સોયાબીન,300,750,822
05/06/2025,95826,grain,Groundnut-Fada,સીંગફાડા,800,1050,1315
05/06/2025,95827,grain,Sesmum-Black,કાળા તલ ,1880,2100,3100
05/06/2025,95828,grain,Garlic,લસણ,900,700,1400
05/06/2025,95829,grain,Corriander,ધાણા,420,1180,1411
05/06/2025,95830,grain,Chillies,મરચા સુકા ,80,300,1000
05/06/2025,95831,grain,Dhani,ધાણી,120,1200,1544
05/06/2025,95832,grain,Variyali,વરીયાળી,100,1250,1500
05/06/2025,95833,grain,Cummin,જીરૂ,421,3400,3875
05/06/2025,95834,grain,Mustard,રાય,160,1100,1360
05/06/2025,95835,grain,Fenugreek,મેથી,2400,780,1170
05/06/2025,95836,grain,Isabgul,ઇસબગુલ,5,1200,1500
05/06/2025,95837,grain,kalonji,કલોંજી,75,2800,4048
05/06/2025,95838,grain,Mustard seed,રાયડો,300,1050,1155
05/06/2025,95839,grain,Rajkoo Bee,રજકાનું બી ,100,4400,5600
05/06/2025,95840,grain,Guvar Bee,ગુવારનું બી,100,940,1016
07/06/2025,95872,grain,Cotton B.T.,કપાસ બી.ટી.,400,1250,1565
07/06/2025,95873,grain,Wheat Lokvan,ઘઉં લોકવન,220,490,518
07/06/2025,95874,grain,Wheat Tukda,ઘઉં ટુકડા,1480,492,545
07/06/2025,95875,grain,Jowar White,જુવાર સફેદ,260,650,880
07/06/2025,95876,grain,Jowar Yellow,જુવાર પીળી ,40,350,500
07/06/2025,95877,grain,Bajri,બાજરી,115,390,466
07/06/2025,95878,grain,Tuver,તુવેર,0,1140,1258
07/06/2025,95879,grain,Gram Yellow,ચણા પીળા,980,950,1100
07/06/2025,95880,grain,Gram White,ચણા સફેદ,960,1200,1920
07/06/2025,95881,grain,Urad,અડદ,450,1250,1484
07/06/2025,95882,grain,Mung,મગ,9600,1310,1603
07/06/2025,95883,grain,Val Deshi,વાલ દેશી,120,500,1100
07/06/2025,95884,grain,Choli,ચોળી,0,1100,1600
07/06/2025,95885,grain,Peas,વટાણા,120,1000,2133
07/06/2025,95886,grain,Rajma,રાજમા,68,1300,2105
07/06/2025,95887,grain,Groundnut Big,મગફળી જાડી,0,950,1140
07/06/2025,95888,grain,Groundnut Small,મગફળી જીણી,0,1000,1550
07/06/2025,95889,grain,Seasmum,તલી ,0,1700,2051
07/06/2025,95890,grain,Sunflower,સુરજમુખી,120,740,1150
07/06/2025,95891,grain,Castor seed,એરંડા,200,1111,1250
07/06/2025,95892,grain,Thymol,અજમો,10,940,1270
07/06/2025,95893,grain,Dil Seed,સુવા,5,1000,1415
07/06/2025,95894,grain,Soyabin,સોયાબીન,360,751,820
07/06/2025,95895,grain,Groundnut-Fada,સીંગફાડા,1680,1050,1325
07/06/2025,95896,grain,Sesmum-Black,કાળા તલ ,0,2150,3140
07/06/2025,95897,grain,Garlic,લસણ,340,750,1605
07/06/2025,95898,grain,Corriander,ધાણા,240,1100,1375
07/06/2025,95899,grain,Chillies,મરચા સુકા ,120,460,1700
07/06/2025,95900,grain,Dhani,ધાણી,250,1100,1325
07/06/2025,95901,grain,Variyali,વરીયાળી,150,900,1550
07/06/2025,95902,grain,Cummin,જીરૂ,360,3351,3800
07/06/2025,95903,grain,Mustard,રાય,50,1050,1300
07/06/2025,95904,grain,Fenugreek,મેથી,720,800,1300
07/06/2025,95905,grain,Isabgul,ઇસબગુલ,36,1120,1640
07/06/2025,95906,grain,Asario,અશેરીયો,25,1225,1225
07/06/2025,95907,grain,kalonji,કલોંજી,50,3000,4060
07/06/2025,95908,grain,Mustard seed,રાયડો,220,1050,1160
07/06/2025,95909,grain,Rajkoo Bee,રજકાનું બી ,125,4300,5500
07/06/2025,95910,grain,Guvar Bee,ગુવારનું બી,150,850,980
09/06/2025,95942,grain,Cotton B.T.,કપાસ બી.ટી.,500,1300,1580
09/06/2025,95943,grain,Wheat Lokvan,ઘઉં લોકવન,260,493,512
09/06/2025,95944,grain,Wheat Tukda,ઘઉં ટુકડા,1760,492,570
09/06/2025,95945,grain,Jowar White,જુવાર સફેદ,350,600,854
09/06/2025,95946,grain,Jowar Yellow,જુવાર પીળી ,50,410,505
09/06/2025,95947,grain,Bajri,બાજરી,60,370,446
09/06/2025,95948,grain,Tuver,તુવેર,600,1125,1280
09/06/2025,95949,grain,Gram Yellow,ચણા પીળા,1200,980,1094
09/06/2025,95950,grain,Gram White,ચણા સફેદ,800,1250,1850
09/06/2025,95951,grain,Urad,અડદ,850,1231,1475
09/06/2025,95952,grain,Mung,મગ,0,1310,1700
09/06/2025,95953,grain,Val Deshi,વાલ દેશી,120,500,1400
09/06/2025,95954,grain,Choli,ચોળી,1050,1200,1550
09/06/2025,95955,grain,Peas,વટાણા,75,1370,1750
09/06/2025,95956,grain,Rajma,રાજમા,78,980,1200
09/06/2025,95957,grain,Groundnut Big,મગફળી જાડી,0,950,1180
09/06/2025,95958,grain,Groundnut Small,મગફળી જીણી,0,975,1600
09/06/2025,95959,grain,Seasmum,તલી ,0,1400,2200
09/06/2025,95960,grain,Castor seed,એરંડા,150,1200,1256
09/06/2025,95961,grain,Thymol,અજમો,24,900,1490
09/06/2025,95962,grain,Dil Seed,સુવા,8,930,1500
09/06/2025,95963,grain,Soyabin,સોયાબીન,104,780,826
09/06/2025,95964,grain,Groundnut-Fada,સીંગફાડા,0,980,1290
09/06/2025,95965,grain,Sesmum-Black,કાળા તલ ,1480,2800,3200
09/06/2025,95966,grain,Garlic,લસણ,330,850,1400
09/06/2025,95967,grain,Corriander,ધાણા,520,1050,1421
09/06/2025,95968,grain,Chillies,મરચા સુકા ,140,400,1010
09/06/2025,95969,grain,Dhani,ધાણી,240,1230,1511
09/06/2025,95970,grain,Variyali,વરીયાળી,100,950,1500
09/06/2025,95971,grain,Cummin,જીરૂ,300,3350,3950
09/06/2025,95972,grain,Mustard,રાય,160,1120,1390
09/06/2025,95973,grain,Fenugreek,મેથી,1200,820,1240
09/06/2025,95974,grain,Isabgul,ઇસબગુલ,6,1115,1818
09/06/2025,95975,grain,kalonji,કલોંજી,172,3230,4110
09/06/2025,95976,grain,Mustard seed,રાયડો,300,1050,1160
09/06/2025,95977,grain,Rajkoo Bee,રજકાનું બી ,100,4400,5525
09/06/2025,95978,grain,Guvar Bee,ગુવારનું બી,250,880,986
10/06/2025,96009,grain,Cotton B.T.,કપાસ બી.ટી.,510,1350,1600
10/06/2025,96010,grain,Wheat Lokvan,ઘઉં લોકવન,280,495,511
10/06/2025,96011,grain,Wheat Tukda,ઘઉં ટુકડા,1800,496,531
10/06/2025,96012,grain,Jowar White,જુવાર સફેદ,300,600,815
10/06/2025,96013,grain,Jowar Red,જુવાર લાલ,20,720,950
10/06/2025,96014,grain,Jowar Yellow,જુવાર પીળી ,10,400,485
10/06/2025,96015,grain,Bajri,બાજરી,140,370,491
10/06/2025,96016,grain,Tuver,તુવેર,800,1155,1285
10/06/2025,96017,grain,Gram Yellow,ચણા પીળા,800,990,1098
10/06/2025,96018,grain,Gram White,ચણા સફેદ,600,1300,1920
10/06/2025,96019,grain,Urad,અડદ,0,1268,1392
10/06/2025,96020,grain,Mung,મગ,0,1350,1650
10/06/2025,96021,grain,Val Deshi,વાલ દેશી,92,500,830
10/06/2025,96022,grain,Choli,ચોળી,0,1300,1550
10/06/2025,96023,grain,Peas,વટાણા,70,1110,1785
10/06/2025,96024,grain,Rajma,રાજમા,90,600,1070
10/06/2025,96025,grain,Groundnut Seed,સીંગદાણા,30,1140,1440
10/06/2025,96026,grain,Groundnut Big,મગફળી જાડી,3000,940,1170
10/06/2025,96027,grain,Groundnut Small,મગફળી જીણી,3000,975,1630
10/06/2025,96028,grain,Seasmum,તલી ,12000,1425,2130
10/06/2025,96029,grain,Sunflower,સુરજમુખી,50,925,1150
10/06/2025,96030,grain,Castor seed,એરંડા,140,1190,1268
10/06/2025,96031,grain,Thymol,અજમો,25,880,1440
10/06/2025,96032,grain,Dil Seed,સુવા,7,1000,1590
10/06/2025,96033,grain,Soyabin,સોયાબીન,300,778,830
10/06/2025,96034,grain,Groundnut-Fada,સીંગફાડા,2100,1060,1335
10/06/2025,96035,grain,Sesmum-Black,કાળા તલ ,0,2850,3202
10/06/2025,96036,grain,Garlic,લસણ,500,750,1460
10/06/2025,96037,grain,Corriander,ધાણા,500,1021,1421
10/06/2025,96038,grain,Chillies,મરચા સુકા ,120,400,1050
10/06/2025,96039,grain,Dhani,ધાણી,300,1150,1550
10/06/2025,96040,grain,Variyali,વરીયાળી,100,950,1500
10/06/2025,96041,grain,Cummin,જીરૂ,380,3330,4050
10/06/2025,96042,grain,Mustard,રાય,80,1100,1390
10/06/2025,96043,grain,Fenugreek,મેથી,1000,810,1270
10/06/2025,96044,grain,Isabgul,ઇસબગુલ,10,1100,1800
10/06/2025,96045,grain,kalonji,કલોંજી,170,3230,4110
10/06/2025,96046,grain,Mustard seed,રાયડો,100,1020,1160
10/06/2025,96047,grain,Rajkoo Bee,રજકાનું બી ,90,4350,5500
10/06/2025,96048,grain,Guvar Bee,ગુવારનું બી,200,850,1000
11/06/2025,96080,grain,Cotton B.T.,કપાસ બી.ટી.,600,1300,1605
11/06/2025,96081,grain,Wheat Lokvan,ઘઉં લોકવન,320,496,511
11/06/2025,96082,grain,Wheat Tukda,ઘઉં ટુકડા,1480,490,544
11/06/2025,96083,grain,Jowar White,જુવાર સફેદ,250,650,840
11/06/2025,96084,grain,Jowar Red,જુવાર લાલ,60,750,910
11/06/2025,96085,grain,Jowar Yellow,જુવાર પીળી ,260,200,470
11/06/2025,96086,grain,Bajri,બાજરી,315,376,484
11/06/2025,96087,grain,Tuver,તુવેર,650,1170,1291
11/06/2025,96088,grain,Gram Yellow,ચણા પીળા,700,991,1095
11/06/2025,96089,grain,Gram White,ચણા સફેદ,500,1325,2000
11/06/2025,96090,grain,Urad,અડદ,1200,1260,1415
11/06/2025,96091,grain,Mung,મગ,0,1300,1568
11/06/2025,96092,grain,Val Deshi,વાલ દેશી,140,511,1100
11/06/2025,96093,grain,Choli,ચોળી,750,1200,1550
11/06/2025,96094,grain,Peas,વટાણા,100,1100,2000
11/06/2025,96095,grain,Kulthi,કળથી,40,750,850
11/06/2025,96096,grain,Rajma,રાજમા,4,550,1400
11/06/2025,96097,grain,Groundnut Seed,સીંગદાણા,16,1350,1440
11/06/2025,96098,grain,Groundnut Big,મગફળી જાડી,0,970,1225
11/06/2025,96099,grain,Groundnut Small,મગફળી જીણી,0,1000,1625
11/06/2025,96100,grain,Seasmum,તલી ,0,1450,2160
11/06/2025,96101,grain,Sunflower,સુરજમુખી,10,1008,1008
11/06/2025,96102,grain,Castor seed,એરંડા,132,1210,1281
11/06/2025,96103,grain,Thymol,અજમો,16,840,1440
11/06/2025,96104,grain,Dil Seed,સુવા,4,1100,1562
11/06/2025,96105,grain,Soyabin,સોયાબીન,700,740,829
11/06/2025,96106,grain,Groundnut-Fada,સીંગફાડા,360,1050,1345
11/06/2025,96107,grain,Sesmum-Black,કાળા તલ ,2400,2380,3290
11/06/2025,96108,grain,Garlic,લસણ,300,850,1500
11/06/2025,96109,grain,Corriander,ધાણા,320,1050,1400
11/06/2025,96110,grain,Chillies,મરચા સુકા ,140,430,1300
11/06/2025,96111,grain,Dhani,ધાણી,96,1170,1440
11/06/2025,96112,grain,Variyali,વરીયાળી,140,900,1383
11/06/2025,96113,grain,Cummin,જીરૂ,340,3400,3928
11/06/2025,96114,grain,Mustard,રાય,120,1140,1390
11/06/2025,96115,grain,Fenugreek,મેથી,1100,825,1340
11/06/2025,96116,grain,Isabgul,ઇસબગુલ,2,1220,2000
11/06/2025,96117,grain,kalonji,કલોંજી,38,3800,4134
11/06/2025,96118,grain,Mustard seed,રાયડો,320,1040,1170
11/06/2025,96119,grain,Rajkoo Bee,રજકાનું બી ,150,4300,5400
11/06/2025,96120,grain,Guvar Bee,ગુવારનું બી,150,900,920
12/06/2025,96152,grain,Cotton B.T.,કપાસ બી.ટી.,760,1350,1614
12/06/2025,96153,grain,Wheat Lokvan,ઘઉં લોકવન,400,495,515
12/06/2025,96154,grain,Wheat Tukda,ઘઉં ટુકડા,2200,496,556
12/06/2025,96155,grain,Jowar White,જુવાર સફેદ,250,500,820
12/06/2025,96156,grain,Jowar Red,જુવાર લાલ,30,700,825
12/06/2025,96157,grain,Jowar Yellow,જુવાર પીળી ,15,400,500
12/06/2025,96158,grain,Bajri,બાજરી,160,335,460
12/06/2025,96159,grain,Tuver,તુવેર,0,1180,1296
12/06/2025,96160,grain,Gram Yellow,ચણા પીળા,800,990,1100
12/06/2025,96161,grain,Gram White,ચણા સફેદ,600,1300,2050
12/06/2025,96162,grain,Urad,અડદ,0,1270,1412
12/06/2025,96163,grain,Mung,મગ,0,1310,1620
12/06/2025,96164,grain,Val Deshi,વાલ દેશી,70,400,1501
12/06/2025,96165,grain,Choli,ચોળી,0,1250,1550
12/06/2025,96166,grain,Peas,વટાણા,158,1350,1966
12/06/2025,96167,grain,Kulthi,કળથી,40,725,890
12/06/2025,96168,grain,Rajma,રાજમા,212,770,1255
12/06/2025,96169,grain,Groundnut Seed,સીંગદાણા,50,1350,1440
12/06/2025,96170,grain,Groundnut Big,મગફળી જાડી,0,950,1215
12/06/2025,96171,grain,Groundnut Small,મગફળી જીણી,0,1000,1630
12/06/2025,96172,grain,Seasmum,તલી ,0,1500,2040
12/06/2025,96173,grain,Sunflower,સુરજમુખી,5,835,835
12/06/2025,96174,grain,Castor seed,એરંડા,360,1205,1275
12/06/2025,96175,grain,Thymol,અજમો,7,700,1350
12/06/2025,96176,grain,Dil Seed,સુવા,2,1111,1500
12/06/2025,96177,grain,Soyabin,સોયાબીન,470,780,826
12/06/2025,96178,grain,Groundnut-Fada,સીંગફાડા,1680,1080,1350
12/06/2025,96179,grain,Sesmum-Black,કાળા તલ ,0,2381,3300
12/06/2025,96180,grain,Garlic,લસણ,360,750,1525
12/06/2025,96181,grain,Corriander,ધાણા,680,1041,1380
12/06/2025,96182,grain,Chillies,મરચા સુકા ,130,440,1000
12/06/2025,96183,grain,Dhani,ધાણી,300,1150,1456
12/06/2025,96184,grain,Variyali,વરીયાળી,80,740,1370
12/06/2025,96185,grain,Cummin,જીરૂ,300,3450,3950
12/06/2025,96186,grain,Mustard,રાય,120,1150,1400
12/06/2025,96187,grain,Fenugreek,મેથી,1100,825,1360
12/06/2025,96188,grain,Isabgul,ઇસબગુલ,4,1100,1810
12/06/2025,96189,grain,Asario,અશેરીયો,12,1150,1150
12/06/2025,96190,grain,kalonji,કલોંજી,102,3450,4065
12/06/2025,96191,grain,Mustard seed,રાયડો,160,980,1170
12/06/2025,96192,grain,Rajkoo Bee,રજકાનું બી ,100,4211,5400
12/06/2025,96193,grain,Guvar Bee,ગુવારનું બી,250,870,970
13/06/2025,96224,grain,Cotton B.T.,કપાસ બી.ટી.,700,1300,1618
13/06/2025,96225,grain,Wheat Lokvan,ઘઉં લોકવન,360,495,515
13/06/2025,96226,grain,Wheat Tukda,ઘઉં ટુકડા,2000,496,536
13/06/2025,96227,grain,Jowar White,જુવાર સફેદ,300,500,791
13/06/2025,96228,grain,Jowar Red,જુવાર લાલ,6,700,860
13/06/2025,96229,grain,Jowar Yellow,જુવાર પીળી ,5,440,500
13/06/2025,96230,grain,Bajri,બાજરી,40,340,415
13/06/2025,96231,grain,Tuver,તુવેર,1050,1190,1301
13/06/2025,96232,grain,Gram Yellow,ચણા પીળા,660,972,1108
13/06/2025,96233,grain,Gram White,ચણા સફેદ,480,1400,2138
13/06/2025,96234,grain,Urad,અડદ,600,1275,1416
13/06/2025,96235,grain,Mung,મગ,0,1270,1640
13/06/2025,96236,grain,Val Deshi,વાલ દેશી,250,400,1250
13/06/2025,96237,grain,Choli,ચોળી,37,1200,1550
13/06/2025,96238,grain,Peas,વટાણા,120,1050,2000
13/06/2025,96239,grain,Kulthi,કળથી,35,785,851
13/06/2025,96240,grain,Rajma,રાજમા,261,810,1560
13/06/2025,96241,grain,Groundnut Seed,સીંગદાણા,0,1360,1445
13/06/2025,96242,grain,Groundnut Big,મગફળી જાડી,4000,980,1215
13/06/2025,96243,grain,Groundnut Small,મગફળી જીણી,2600,1000,1650
13/06/2025,96244,grain,Seasmum,તલી ,0,1580,2075
13/06/2025,96245,grain,Sunflower,સુરજમુખી,25,751,975
13/06/2025,96246,grain,Castor seed,એરંડા,250,1158,1275
13/06/2025,96247,grain,Thymol,અજમો,2,705,1415
13/06/2025,96248,grain,Dil Seed,સુવા,9,1051,1830
13/06/2025,96249,grain,Soyabin,સોયાબીન,500,782,865
13/06/2025,96250,grain,Groundnut-Fada,સીંગફાડા,0,1080,1355
13/06/2025,96251,grain,Sesmum-Black,કાળા તલ ,1850,2620,3241
13/06/2025,96252,grain,Garlic,લસણ,330,721,1455
13/06/2025,96253,grain,Corriander,ધાણા,700,1031,1370
13/06/2025,96254,grain,Chillies,મરચા સુકા ,70,400,900
13/06/2025,96255,grain,Dhani,ધાણી,330,1141,1406
13/06/2025,96256,grain,Variyali,વરીયાળી,80,1050,1380
13/06/2025,96257,grain,Cummin,જીરૂ,600,3470,3980
13/06/2025,96258,grain,Mustard,રાય,140,1130,1355
13/06/2025,96259,grain,Fenugreek,મેથી,1200,800,1250
13/06/2025,96260,grain,Isabgul,ઇસબગુલ,3,1115,1490
13/06/2025,96261,grain,kalonji,કલોંજી,120,3200,4030
13/06/2025,96262,grain,Mustard seed,રાયડો,200,1000,1170
13/06/2025,96263,grain,Rajkoo Bee,રજકાનું બી ,76,4150,5350
13/06/2025,96264,grain,Guvar Bee,ગુવારનું બી,150,930,970
14/06/2025,96295,grain,Cotton B.T.,કપાસ બી.ટી.,600,1350,1617
14/06/2025,96296,grain,Wheat Lokvan,ઘઉં લોકવન,110,475,518
14/06/2025,96297,grain,Wheat Tukda,ઘઉં ટુકડા,1800,480,532
14/06/2025,96298,grain,Jowar White,જુવાર સફેદ,70,600,889
14/06/2025,96299,grain,Jowar Red,જુવાર લાલ,75,750,850
14/06/2025,96300,grain,Jowar Yellow,જુવાર પીળી ,3,400,500
14/06/2025,96301,grain,Bajri,બાજરી,100,370,469
14/06/2025,96302,grain,Tuver,તુવેર,600,1168,1300
14/06/2025,96303,grain,Gram Yellow,ચણા પીળા,640,1000,1100
14/06/2025,96304,grain,Gram White,ચણા સફેદ,740,1400,2070
14/06/2025,96305,grain,Urad,અડદ,550,1276,1410
14/06/2025,96306,grain,Mung,મગ,0,1310,1612
14/06/2025,96307,grain,Val Deshi,વાલ દેશી,50,250,500
14/06/2025,96308,grain,Choli,ચોળી,640,1300,1550
14/06/2025,96309,grain,Peas,વટાણા,99,1000,2075
14/06/2025,96310,grain,Kulthi,કળથી,20,650,866
14/06/2025,96311,grain,Rajma,રાજમા,88,1020,2200
14/06/2025,96312,grain,Groundnut Seed,સીંગદાણા,50,1360,1445
14/06/2025,96313,grain,Groundnut Big,મગફળી જાડી,0,970,1250
14/06/2025,96314,grain,Groundnut Small,મગફળી જીણી,0,1000,1655
14/06/2025,96315,grain,Seasmum,તલી ,0,1515,1950
14/06/2025,96316,grain,Sunflower,સુરજમુખી,10,630,810
14/06/2025,96317,grain,Castor seed,એરંડા,240,1158,1278
14/06/2025,96318,grain,Thymol,અજમો,8,800,1470
14/06/2025,96319,grain,Dil Seed,સુવા,28,1050,1450
14/06/2025,96320,grain,Soyabin,સોયાબીન,426,754,880
14/06/2025,96321,grain,Groundnut-Fada,સીંગફાડા,91,1070,1360
14/06/2025,96322,grain,Sesmum-Black,કાળા તલ ,0,2650,3345
14/06/2025,96323,grain,Garlic,લસણ,210,754,1400
14/06/2025,96324,grain,Corriander,ધાણા,305,1125,1421
14/06/2025,96325,grain,Chillies,મરચા સુકા ,100,411,1160
14/06/2025,96326,grain,Dhani,ધાણી,320,1137,1421
14/06/2025,96327,grain,Variyali,વરીયાળી,70,945,1401
14/06/2025,96328,grain,Cummin,જીરૂ,660,3450,3920
14/06/2025,96329,grain,Mustard,રાય,80,1120,1360
14/06/2025,96330,grain,Fenugreek,મેથી,600,800,1220
14/06/2025,96331,grain,Isabgul,ઇસબગુલ,9,1100,2170
14/06/2025,96332,grain,kalonji,કલોંજી,20,3280,4044
14/06/2025,96333,grain,Mustard seed,રાયડો,120,1030,1170
14/06/2025,96334,grain,Rajkoo Bee,રજકાનું બી ,133,4180,5600
14/06/2025,96335,grain,Guvar Bee,ગુવારનું બી,150,870,980
16/06/2025,96366,grain,Cotton B.T.,કપાસ બી.ટી.,580,1350,1651
16/06/2025,96367,grain,Wheat Lokvan,ઘઉં લોકવન,220,490,512
16/06/2025,96368,grain,Wheat Tukda,ઘઉં ટુકડા,1320,492,533
16/06/2025,96369,grain,Jowar White,જુવાર સફેદ,700,600,864
16/06/2025,96370,grain,Jowar Red,જુવાર લાલ,20,700,900
16/06/2025,96371,grain,Jowar Yellow,જુવાર પીળી ,40,350,505
16/06/2025,96372,grain,Bajri,બાજરી,30,370,450
16/06/2025,96373,grain,Tuver,તુવેર,600,1178,1310
16/06/2025,96374,grain,Gram Yellow,ચણા પીળા,800,988,1100
16/06/2025,96375,grain,Gram White,ચણા સફેદ,1200,1300,2125
16/06/2025,96376,grain,Urad,અડદ,650,1260,1411
16/06/2025,96377,grain,Mung,મગ,0,1310,1521
16/06/2025,96378,grain,Val Deshi,વાલ દેશી,60,430,880
16/06/2025,96379,grain,Choli,ચોળી,1000,1000,1630
16/06/2025,96380,grain,Peas,વટાણા,80,1200,1950
16/06/2025,96381,grain,Kulthi,કળથી,30,650,850
16/06/2025,96382,grain,Rajma,રાજમા,120,1000,1250
16/06/2025,96383,grain,Groundnut Seed,સીંગદાણા,30,1350,1460
16/06/2025,96384,grain,Groundnut Big,મગફળી જાડી,2200,950,1210
16/06/2025,96385,grain,Groundnut Small,મગફળી જીણી,1400,1025,1620
16/06/2025,96386,grain,Seasmum,તલી ,15000,1425,1935
16/06/2025,96387,grain,Sunflower,સુરજમુખી,17,981,981
16/06/2025,96388,grain,Castor seed,એરંડા,210,1130,1278
16/06/2025,96389,grain,Thymol,અજમો,6,900,1660
16/06/2025,96390,grain,Dil Seed,સુવા,35,1041,1480
16/06/2025,96391,grain,Soyabin,સોયાબીન,300,750,911
16/06/2025,96392,grain,Groundnut-Fada,સીંગફાડા,1820,1080,1375
16/06/2025,96393,grain,Sesmum-Black,કાળા તલ ,2000,2620,3300
16/06/2025,96394,grain,Garlic,લસણ,320,780,1350
16/06/2025,96395,grain,Corriander,ધાણા,300,1050,1400
16/06/2025,96396,grain,Dhani,ધાણી,180,1125,1500
16/06/2025,96397,grain,Variyali,વરીયાળી,65,950,1380
16/06/2025,96398,grain,Cummin,જીરૂ,700,3400,3900
16/06/2025,96399,grain,Mustard,રાય,80,1100,1300
16/06/2025,96400,grain,Fenugreek,મેથી,600,800,1250
16/06/2025,96401,grain,Isabgul,ઇસબગુલ,15,1090,2080
16/06/2025,96402,grain,kalonji,કલોંજી,75,3500,3900
16/06/2025,96403,grain,Mustard seed,રાયડો,160,1080,1170
16/06/2025,96404,grain,Rajkoo Bee,રજકાનું બી ,90,4150,5500
16/06/2025,96405,grain,Guvar Bee,ગુવારનું બી,150,850,950
17/06/2025,96435,grain,Cotton B.T.,કપાસ બી.ટી.,265,1400,1540
17/06/2025,96436,grain,Wheat Lokvan,ઘઉં લોકવન,180,494,505
17/06/2025,96437,grain,Wheat Tukda,ઘઉં ટુકડા,1200,496,540
17/06/2025,96438,grain,Jowar White,જુવાર સફેદ,150,620,800
17/06/2025,96439,grain,Tuver,તુવેર,400,950,1323
17/06/2025,96440,grain,Gram Yellow,ચણા પીળા,700,985,1105
17/06/2025,96441,grain,Gram White,ચણા સફેદ,500,1340,2050
17/06/2025,96442,grain,Urad,અડદ,150,1050,1424
17/06/2025,96443,grain,Mung,મગ,0,1310,1617
17/06/2025,96444,grain,Val Deshi,વાલ દેશી,150,300,850
17/06/2025,96445,grain,Choli,ચોળી,250,1300,1550
17/06/2025,96446,grain,Peas,વટાણા,56,1600,2084
17/06/2025,96447,grain,Rajma,રાજમા,48,700,1100
17/06/2025,96448,grain,Groundnut Big,મગફળી જાડી,0,970,1205
17/06/2025,96449,grain,Groundnut Small,મગફળી જીણી,0,1025,1600
17/06/2025,96450,grain,Seasmum,તલી ,0,1450,2025
17/06/2025,96451,grain,Sunflower,સુરજમુખી,10,801,801
17/06/2025,96452,grain,Castor seed,એરંડા,120,1216,1290
17/06/2025,96453,grain,Soyabin,સોયાબીન,120,790,850
17/06/2025,96454,grain,Groundnut-Fada,સીંગફાડા,560,1070,1360
17/06/2025,96455,grain,Sesmum-Black,કાળા તલ ,0,2650,3380
17/06/2025,96456,grain,Garlic,લસણ,220,820,1300
17/06/2025,96457,grain,Corriander,ધાણા,180,1041,1300
17/06/2025,96458,grain,Dhani,ધાણી,120,1131,1334
17/06/2025,96459,grain,Variyali,વરીયાળી,15,910,1180
17/06/2025,96460,grain,Cummin,જીરૂ,420,3480,3826
17/06/2025,96461,grain,Mustard,રાય,50,1120,1300
17/06/2025,96462,grain,Fenugreek,મેથી,400,820,1265
17/06/2025,96463,grain,kalonji,કલોંજી,30,3380,3885
17/06/2025,96464,grain,Mustard seed,રાયડો,120,1050,1160
17/06/2025,96465,grain,Rajkoo Bee,રજકાનું બી ,20,4051,5451
17/06/2025,96466,grain,Guvar Bee,ગુવારનું બી,100,910,971
18/06/2025,96496,grain,Cotton B.T.,કપાસ બી.ટી.,80,1350,1666
18/06/2025,96497,grain,Wheat Lokvan,ઘઉં લોકવન,120,486,515
18/06/2025,96498,grain,Wheat Tukda,ઘઉં ટુકડા,740,496,526
18/06/2025,96499,grain,Jowar White,જુવાર સફેદ,140,730,834
18/06/2025,96500,grain,Jowar Red,જુવાર લાલ,10,650,750
18/06/2025,96501,grain,Jowar Yellow,જુવાર પીળી ,24,330,480
18/06/2025,96502,grain,Bajri,બાજરી,90,385,430
18/06/2025,96503,grain,Tuver,તુવેર,0,1025,1290
18/06/2025,96504,grain,Gram Yellow,ચણા પીળા,800,990,1115
18/06/2025,96505,grain,Gram White,ચણા સફેદ,400,1250,1940
18/06/2025,96506,grain,Urad,અડદ,0,1051,1415
18/06/2025,96507,grain,Mung,મગ,6000,1320,1559
18/06/2025,96508,grain,Val Deshi,વાલ દેશી,70,300,882
18/06/2025,96509,grain,Choli,ચોળી,0,1200,1550
18/06/2025,96510,grain,Peas,વટાણા,10,300,500
18/06/2025,96511,grain,Kulthi,કળથી,38,821,821
18/06/2025,96512,grain,Rajma,રાજમા,100,702,856
18/06/2025,96513,grain,Groundnut Seed,સીંગદાણા,60,1350,1550
18/06/2025,96514,grain,Groundnut Big,મગફળી જાડી,500,980,1240
18/06/2025,96515,grain,Groundnut Small,મગફળી જીણી,400,1040,1610
18/06/2025,96516,grain,Seasmum,તલી ,0,1400,2100
18/06/2025,96517,grain,Sunflower,સુરજમુખી,6,750,750
18/06/2025,96518,grain,Castor seed,એરંડા,150,1225,1286
18/06/2025,96519,grain,Thymol,અજમો,12,900,1130
18/06/2025,96520,grain,Soyabin,સોયાબીન,380,800,858
18/06/2025,96521,grain,Groundnut-Fada,સીંગફાડા,1500,1080,1375
18/06/2025,96522,grain,Sesmum-Black,કાળા તલ ,1000,2600,3350
18/06/2025,96523,grain,Garlic,લસણ,300,801,1305
18/06/2025,96524,grain,Corriander,ધાણા,140,1041,1290
18/06/2025,96525,grain,Dhani,ધાણી,100,1100,1342
18/06/2025,96526,grain,Variyali,વરીયાળી,25,950,1216
18/06/2025,96527,grain,Cummin,જીરૂ,180,3400,3750
18/06/2025,96528,grain,Mustard,રાય,40,1130,1270
18/06/2025,96529,grain,Fenugreek,મેથી,300,820,1290
18/06/2025,96530,grain,Isabgul,ઇસબગુલ,14,1100,1700
18/06/2025,96531,grain,kalonji,કલોંજી,10,2900,3500
18/06/2025,96532,grain,Mustard seed,રાયડો,120,1040,1170
18/06/2025,96533,grain,Rajkoo Bee,રજકાનું બી ,40,4050,5500
18/06/2025,96534,grain,Guvar Bee,ગુવારનું બી,120,850,970
19/06/2025,96563,grain,Cotton B.T.,કપાસ બી.ટી.,160,1300,1644
19/06/2025,96564,grain,Wheat Lokvan,ઘઉં લોકવન,300,494,526
19/06/2025,96565,grain,Wheat Tukda,ઘઉં ટુકડા,1700,496,537
19/06/2025,96566,grain,Jowar White,જુવાર સફેદ,300,730,900
19/06/2025,96567,grain,Jowar Red,જુવાર લાલ,10,730,900
19/06/2025,96568,grain,Jowar Yellow,જુવાર પીળી ,10,350,450
19/06/2025,96569,grain,Bajri,બાજરી,40,310,437
19/06/2025,96570,grain,Tuver,તુવેર,800,1050,1340
19/06/2025,96571,grain,Gram Yellow,ચણા પીળા,1900,995,1100
19/06/2025,96572,grain,Gram White,ચણા સફેદ,1300,1255,1920
19/06/2025,96573,grain,Urad,અડદ,340,1100,1450
19/06/2025,96574,grain,Mung,મગ,0,1330,1599
19/06/2025,96575,grain,Val Deshi,વાલ દેશી,60,300,951
19/06/2025,96576,grain,Choli,ચોળી,750,1200,1800
19/06/2025,96577,grain,Peas,વટાણા,110,1470,1971
19/06/2025,96578,grain,Kulthi,કળથી,40,675,851
19/06/2025,96579,grain,Rajma,રાજમા,100,1100,1370
19/06/2025,96580,grain,Groundnut Seed,સીંગદાણા,30,1380,1550
19/06/2025,96581,grain,Groundnut Big,મગફળી જાડી,1100,970,1235
19/06/2025,96582,grain,Groundnut Small,મગફળી જીણી,400,1000,1500
19/06/2025,96583,grain,Seasmum,તલી ,0,1411,2121
19/06/2025,96584,grain,Sunflower,સુરજમુખી,15,786,786
19/06/2025,96585,grain,Castor seed,એરંડા,150,1120,1278
19/06/2025,96586,grain,Dil Seed,સુવા,5,1020,1530
19/06/2025,96587,grain,Soyabin,સોયાબીન,400,758,858
19/06/2025,96588,grain,Groundnut-Fada,સીંગફાડા,1280,1080,1370
19/06/2025,96589,grain,Sesmum-Black,કાળા તલ ,600,2650,3402
19/06/2025,96590,grain,Garlic,લસણ,320,800,1430
19/06/2025,96591,grain,Corriander,ધાણા,160,1050,1284
19/06/2025,96592,grain,Dhani,ધાણી,110,1100,1400
19/06/2025,96593,grain,Variyali,વરીયાળી,25,980,1270
19/06/2025,96594,grain,Cummin,જીરૂ,360,3300,3750
19/06/2025,96595,grain,Mustard,રાય,40,1120,1312
19/06/2025,96596,grain,Fenugreek,મેથી,365,838,1227
19/06/2025,96597,grain,Isabgul,ઇસબગુલ,10,1100,2180
19/06/2025,96598,grain,Asario,અશેરીયો,10,950,950
19/06/2025,96599,grain,kalonji,કલોંજી,30,3000,3991
19/06/2025,96600,grain,Mustard seed,રાયડો,100,1020,1180
19/06/2025,96601,grain,Rajkoo Bee,રજકાનું બી ,100,4000,5160
19/06/2025,96602,grain,Guvar Bee,ગુવારનું બી,150,880,950
20/06/2025,96631,grain,Cotton B.T.,કપાસ બી.ટી.,320,1350,1676
20/06/2025,96632,grain,Wheat Lokvan,ઘઉં લોકવન,260,492,515
20/06/2025,96633,grain,Wheat Tukda,ઘઉં ટુકડા,2600,498,581
20/06/2025,96634,grain,Jowar White,જુવાર સફેદ,800,550,900
20/06/2025,96635,grain,Jowar Red,જુવાર લાલ,100,675,850
20/06/2025,96636,grain,Bajri,બાજરી,60,360,470
20/06/2025,96637,grain,Tuver,તુવેર,1000,1060,1354
20/06/2025,96638,grain,Gram Yellow,ચણા પીળા,1200,992,1098
20/06/2025,96639,grain,Gram White,ચણા સફેદ,1300,1251,1975
20/06/2025,96640,grain,Urad,અડદ,400,1130,1478
20/06/2025,96641,grain,Mung,મગ,0,1310,1600
20/06/2025,96642,grain,Val Deshi,વાલ દેશી,90,375,1075
20/06/2025,96643,grain,Choli,ચોળી,500,1300,1700
20/06/2025,96644,grain,Peas,વટાણા,60,1480,2080
20/06/2025,96645,grain,Kulthi,કળથી,13,751,751
20/06/2025,96646,grain,Rajma,રાજમા,45,500,840
20/06/2025,96647,grain,Groundnut Seed,સીંગદાણા,35,1400,1625
20/06/2025,96648,grain,Groundnut Big,મગફળી જાડી,800,970,1225
20/06/2025,96649,grain,Groundnut Small,મગફળી જીણી,400,1015,1550
20/06/2025,96650,grain,Seasmum,તલી ,0,1425,2100
20/06/2025,96651,grain,Sunflower,સુરજમુખી,30,1177,1177
20/06/2025,96652,grain,Castor seed,એરંડા,130,1225,1291
20/06/2025,96653,grain,Thymol,અજમો,5,1049,1313
20/06/2025,96654,grain,Dil Seed,સુવા,6,1051,1500
20/06/2025,96655,grain,Soyabin,સોયાબીન,500,775,876
20/06/2025,96656,grain,Groundnut-Fada,સીંગફાડા,1120,1070,1365
20/06/2025,96657,grain,Sesmum-Black,કાળા તલ ,1500,2700,3466
20/06/2025,96658,grain,Garlic,લસણ,340,820,1400
20/06/2025,96659,grain,Corriander,ધાણા,120,1061,1311
20/06/2025,96660,grain,Dhani,ધાણી,120,1105,1611
20/06/2025,96661,grain,Variyali,વરીયાળી,15,950,1350
20/06/2025,96662,grain,Cummin,જીરૂ,180,3350,3848
20/06/2025,96663,grain,Mustard,રાય,40,1120,1300
20/06/2025,96664,grain,Fenugreek,મેથી,400,810,1290
20/06/2025,96665,grain,Isabgul,ઇસબગુલ,9,1110,2180
20/06/2025,96666,grain,kalonji,કલોંજી,5,3500,3980
20/06/2025,96667,grain,Mustard seed,રાયડો,60,1000,1170
20/06/2025,96668,grain,Rajkoo Bee,રજકાનું બી ,80,4051,5501
20/06/2025,96669,grain,Guvar Bee,ગુવારનું બી,200,890,1000
21/06/2025,96698,grain,Cotton B.T.,કપાસ બી.ટી.,500,1300,1670
21/06/2025,96699,grain,Wheat Lokvan,ઘઉં લોકવન,240,494,516
21/06/2025,96700,grain,Wheat Tukda,ઘઉં ટુકડા,2800,498,550
21/06/2025,96701,grain,Jowar White,જુવાર સફેદ,675,600,900
21/06/2025,96702,grain,Jowar Red,જુવાર લાલ,40,775,875
21/06/2025,96703,grain,Bajri,બાજરી,40,350,425
21/06/2025,96704,grain,Tuver,તુવેર,0,1020,1310
21/06/2025,96705,grain,Gram Yellow,ચણા પીળા,1000,985,1115
21/06/2025,96706,grain,Gram White,ચણા સફેદ,400,1260,2075
21/06/2025,96707,grain,Urad,અડદ,0,1161,1417
21/06/2025,96708,grain,Mung,મગ,0,1320,1670
21/06/2025,96709,grain,Val Deshi,વાલ દેશી,120,500,1295
21/06/2025,96710,grain,Choli,ચોળી,350,1400,1700
21/06/2025,96711,grain,Peas,વટાણા,7,500,1600
21/06/2025,96712,grain,Kulthi,કળથી,32,761,761
21/06/2025,96713,grain,Rajma,રાજમા,25,1000,1556
21/06/2025,96714,grain,Groundnut Seed,સીંગદાણા,50,1450,1620
21/06/2025,96715,grain,Groundnut Big,મગફળી જાડી,700,970,1205
21/06/2025,96716,grain,Groundnut Small,મગફળી જીણી,500,1040,1600
21/06/2025,96717,grain,Seasmum,તલી ,0,1300,2100
21/06/2025,96718,grain,Castor seed,એરંડા,170,1180,1310
21/06/2025,96719,grain,Dil Seed,સુવા,40,1055,1250
21/06/2025,96720,grain,Soyabin,સોયાબીન,150,795,854
21/06/2025,96721,grain,Groundnut-Fada,સીંગફાડા,1760,1060,1360
21/06/2025,96722,grain,Sesmum-Black,કાળા તલ ,1980,2850,3450
21/06/2025,96723,grain,Garlic,લસણ,300,851,1450
21/06/2025,96724,grain,Corriander,ધાણા,160,1070,1350
21/06/2025,96725,grain,Dhani,ધાણી,320,1115,1500
21/06/2025,96726,grain,Variyali,વરીયાળી,10,750,1155
21/06/2025,96727,grain,Cummin,જીરૂ,240,3200,3850
21/06/2025,96728,grain,Mustard,રાય,60,1130,1358
21/06/2025,96729,grain,Fenugreek,મેથી,440,830,1159
21/06/2025,96730,grain,Asario,અશેરીયો,5,1150,1300
21/06/2025,96731,grain,kalonji,કલોંજી,45,3499,3900
21/06/2025,96732,grain,Mustard seed,રાયડો,80,1080,1200
21/06/2025,96733,grain,Rajkoo Bee,રજકાનું બી ,32,4100,5511
21/06/2025,96734,grain,Guvar Bee,ગુવારનું બી,150,870,960
23/06/2025,96763,grain,Cotton B.T.,કપાસ બી.ટી.,600,1350,1670
23/06/2025,96764,grain,Wheat Lokvan,ઘઉં લોકવન,160,496,525
23/06/2025,96765,grain,Wheat Tukda,ઘઉં ટુકડા,1200,498,543
23/06/2025,96766,grain,Jowar White,જુવાર સફેદ,700,600,870
23/06/2025,96767,grain,Jowar Red,જુવાર લાલ,50,700,900
23/06/2025,96768,grain,Jowar Yellow,જુવાર પીળી ,20,380,470
23/06/2025,96769,grain,Bajri,બાજરી,90,385,450
23/06/2025,96770,grain,Tuver,તુવેર,1600,1075,1307
23/06/2025,96771,grain,Gram Yellow,ચણા પીળા,840,990,1120
23/06/2025,96772,grain,Gram White,ચણા સફેદ,1200,1275,2050
23/06/2025,96773,grain,Urad,અડદ,400,1191,1426
23/06/2025,96774,grain,Mung,મગ,560,1300,1610
23/06/2025,96775,grain,Val Deshi,વાલ દેશી,65,500,1050
23/06/2025,96776,grain,Choli,ચોળી,500,1300,1900
23/06/2025,96777,grain,Peas,વટાણા,40,1320,2115
23/06/2025,96778,grain,Kulthi,કળથી,65,800,825
23/06/2025,96779,grain,Rajma,રાજમા,36,701,1400
23/06/2025,96780,grain,Groundnut Seed,સીંગદાણા,150,1450,1640
23/06/2025,96781,grain,Groundnut Big,મગફળી જાડી,330,910,1220
23/06/2025,96782,grain,Groundnut Small,મગફળી જીણી,400,1035,1600
23/06/2025,96783,grain,Seasmum,તલી ,800,1350,2100
23/06/2025,96784,grain,Castor seed,એરંડા,200,1050,1233
23/06/2025,96785,grain,Thymol,અજમો,20,940,1790
23/06/2025,96786,grain,Dil Seed,સુવા,25,1001,1440
23/06/2025,96787,grain,Soyabin,સોયાબીન,400,797,842
23/06/2025,96788,grain,Groundnut-Fada,સીંગફાડા,1920,1050,1370
23/06/2025,96789,grain,Sesmum-Black,કાળા તલ ,1624,2700,3444
23/06/2025,96790,grain,Garlic,લસણ,420,801,1420
23/06/2025,96791,grain,Corriander,ધાણા,200,1075,1350
23/06/2025,96792,grain,Dhani,ધાણી,140,1110,1400
23/06/2025,96793,grain,Variyali,વરીયાળી,25,750,1204
23/06/2025,96794,grain,Cummin,જીરૂ,290,3400,3881
23/06/2025,96795,grain,Mustard,રાય,80,1180,1330
23/06/2025,96796,grain,Fenugreek,મેથી,800,820,1320
23/06/2025,96797,grain,Isabgul,ઇસબગુલ,3,1100,2200
23/06/2025,96798,grain,kalonji,કલોંજી,10,3100,3929
23/06/2025,96799,grain,Mustard seed,રાયડો,400,1070,1213
23/06/2025,96800,grain,Rajkoo Bee,રજકાનું બી ,100,4100,5620
23/06/2025,96801,grain,Guvar Bee,ગુવારનું બી,250,880,990
24/06/2025,96830,grain,Cotton B.T.,કપાસ બી.ટી.,300,1300,1669
24/06/2025,96831,grain,Wheat Lokvan,ઘઉં લોકવન,300,499,518
24/06/2025,96832,grain,Wheat Tukda,ઘઉં ટુકડા,700,498,572
24/06/2025,96833,grain,Jowar White,જુવાર સફેદ,250,600,857
24/06/2025,96834,grain,Bajri,બાજરી,150,370,426
24/06/2025,96835,grain,Tuver,તુવેર,700,1070,1305
24/06/2025,96836,grain,Gram Yellow,ચણા પીળા,1000,991,1120
24/06/2025,96837,grain,Gram White,ચણા સફેદ,1000,1265,1975
24/06/2025,96838,grain,Urad,અડદ,220,1186,1415
24/06/2025,96839,grain,Mung,મગ,5440,1330,1644
24/06/2025,96840,grain,Val Deshi,વાલ દેશી,105,330,1190
24/06/2025,96841,grain,Choli,ચોળી,500,1400,2000
24/06/2025,96842,grain,Math,મઠ,10,900,1800
24/06/2025,96843,grain,Peas,વટાણા,12,1130,2015
24/06/2025,96844,grain,Rajma,રાજમા,160,1100,1380
24/06/2025,96845,grain,Groundnut Seed,સીંગદાણા,75,1450,1635
24/06/2025,96846,grain,Groundnut Big,મગફળી જાડી,200,950,1150
24/06/2025,96847,grain,Groundnut Small,મગફળી જીણી,400,984,1152
24/06/2025,96848,grain,Linseed,અળશી,15,1351,1351
24/06/2025,96849,grain,Seasmum,તલી ,7200,1400,2170
24/06/2025,96850,grain,Sunflower,સુરજમુખી,8,1075,1075
24/06/2025,96851,grain,Castor seed,એરંડા,80,1160,1305
24/06/2025,96852,grain,Thymol,અજમો,5,750,1590
24/06/2025,96853,grain,Dil Seed,સુવા,5,700,1150
24/06/2025,96854,grain,Soyabin,સોયાબીન,150,750,850
24/06/2025,96855,grain,Groundnut-Fada,સીંગફાડા,2000,1050,1350
24/06/2025,96856,grain,Sesmum-Black,કાળા તલ ,910,2750,3435
24/06/2025,96857,grain,Garlic,લસણ,350,775,1421
24/06/2025,96858,grain,Corriander,ધાણા,90,1120,1325
24/06/2025,96859,grain,Dhani,ધાણી,200,1254,1460
24/06/2025,96860,grain,Variyali,વરીયાળી,30,860,1240
24/06/2025,96861,grain,Cummin,જીરૂ,360,3411,3784
24/06/2025,96862,grain,Mustard,રાય,30,1150,1350
24/06/2025,96863,grain,Fenugreek,મેથી,400,820,1250
24/06/2025,96864,grain,Isabgul,ઇસબગુલ,7,1100,1800
24/06/2025,96865,grain,Asario,અશેરીયો,13,1320,1320
24/06/2025,96866,grain,Mustard seed,રાયડો,120,1100,1220
24/06/2025,96867,grain,Rajkoo Bee,રજકાનું બી ,60,4150,5515
24/06/2025,96868,grain,Guvar Bee,ગુવારનું બી,100,950,985
25/06/2025,96897,grain,Cotton B.T.,કપાસ બી.ટી.,500,1350,1664
25/06/2025,96898,grain,Wheat Lokvan,ઘઉં લોકવન,320,499,524
25/06/2025,96899,grain,Wheat Tukda,ઘઉં ટુકડા,3400,498,561
25/06/2025,96900,grain,Jowar White,જુવાર સફેદ,350,700,850
25/06/2025,96901,grain,Jowar Red,જુવાર લાલ,15,600,900
25/06/2025,96902,grain,Jowar Yellow,જુવાર પીળી ,20,380,450
25/06/2025,96903,grain,Bajri,બાજરી,70,390,424
25/06/2025,96904,grain,Tuver,તુવેર,1050,1085,1316
25/06/2025,96905,grain,Gram Yellow,ચણા પીળા,2000,995,1118
25/06/2025,96906,grain,Gram White,ચણા સફેદ,2200,1240,1960
25/06/2025,96907,grain,Urad,અડદ,250,1160,1430
25/06/2025,96908,grain,Mung,મગ,0,1340,1665
25/06/2025,96909,grain,Val Deshi,વાલ દેશી,100,250,1225
25/06/2025,96910,grain,Choli,ચોળી,120,1300,1900
25/06/2025,96911,grain,Peas,વટાણા,288,1140,2251
25/06/2025,96912,grain,Rajma,રાજમા,227,790,1480
25/06/2025,96913,grain,Groundnut Seed,સીંગદાણા,100,1400,1640
25/06/2025,96914,grain,Groundnut Big,મગફળી જાડી,220,1040,1121
25/06/2025,96915,grain,Groundnut Small,મગફળી જીણી,280,960,1200
25/06/2025,96916,grain,Linseed,અળશી,30,1326,1326
25/06/2025,96917,grain,Seasmum,તલી ,0,1411,2141
25/06/2025,96918,grain,Castor seed,એરંડા,150,1080,1306
25/06/2025,96919,grain,Thymol,અજમો,16,900,1490
25/06/2025,96920,grain,Dil Seed,સુવા,2,1100,1235
25/06/2025,96921,grain,Soyabin,સોયાબીન,400,798,838
25/06/2025,96922,grain,Groundnut-Fada,સીંગફાડા,1920,1050,1355
25/06/2025,96923,grain,Sesmum-Black,કાળા તલ ,788,2700,3444
25/06/2025,96924,grain,Garlic,લસણ,375,750,1415
25/06/2025,96925,grain,Corriander,ધાણા,520,1130,1400
25/06/2025,96926,grain,Dhani,ધાણી,320,1150,1421
25/06/2025,96927,grain,Variyali,વરીયાળી,45,900,1395
25/06/2025,96928,grain,Cummin,જીરૂ,360,3350,3815
25/06/2025,96929,grain,Mustard,રાય,40,1120,1350
25/06/2025,96930,grain,Fenugreek,મેથી,420,830,1220
25/06/2025,96931,grain,Isabgul,ઇસબગુલ,2,1315,2060
25/06/2025,96932,grain,Asario,અશેરીયો,50,1100,1350
25/06/2025,96933,grain,kalonji,કલોંજી,40,3400,3985
25/06/2025,96934,grain,Mustard seed,રાયડો,120,1080,1220
25/06/2025,96935,grain,Rajkoo Bee,રજકાનું બી ,50,4100,5000
25/06/2025,96936,grain,Guvar Bee,ગુવારનું બી,70,880,960
26/06/2025,96965,grain,Cotton B.T.,કપાસ બી.ટી.,800,1300,1640
26/06/2025,96966,grain,Wheat Lokvan,ઘઉં લોકવન,350,498,536
26/06/2025,96967,grain,Wheat Tukda,ઘઉં ટુકડા,3600,495,547
26/06/2025,96968,grain,Jowar White,જુવાર સફેદ,360,710,865
26/06/2025,96969,grain,Jowar Yellow,જુવાર પીળી ,10,350,480
26/06/2025,96970,grain,Bajri,બાજરી,350,371,422
26/06/2025,96971,grain,Tuver,તુવેર,1100,1090,1317
26/06/2025,96972,grain,Gram Yellow,ચણા પીળા,1300,900,1115
26/06/2025,96973,grain,Gram White,ચણા સફેદ,1100,1430,2111
26/06/2025,96974,grain,Urad,અડદ,210,1170,1426
26/06/2025,96975,grain,Mung,મગ,5800,1290,1544
26/06/2025,96976,grain,Val Deshi,વાલ દેશી,180,600,1100
26/06/2025,96977,grain,Choli,ચોળી,800,1100,1900
26/06/2025,96978,grain,Math,મઠ,25,1200,2000
26/06/2025,96979,grain,Peas,વટાણા,220,910,1960
26/06/2025,96980,grain,Kulthi,કળથી,35,650,831
26/06/2025,96981,grain,Rajma,રાજમા,230,1151,2150
26/06/2025,96982,grain,Groundnut Seed,સીંગદાણા,110,1400,1560
26/06/2025,96983,grain,Groundnut Big,મગફળી જાડી,440,1045,1150
26/06/2025,96984,grain,Groundnut Small,મગફળી જીણી,460,976,1247
26/06/2025,96985,grain,Seasmum,તલી ,11000,1550,2100
26/06/2025,96986,grain,Castor seed,એરંડા,380,1171,1301
26/06/2025,96987,grain,Thymol,અજમો,10,900,1450
26/06/2025,96988,grain,Dil Seed,સુવા,10,1075,1410
26/06/2025,96989,grain,Soyabin,સોયાબીન,460,788,831
26/06/2025,96990,grain,Groundnut-Fada,સીંગફાડા,1280,1060,1355
26/06/2025,96991,grain,Sesmum-Black,કાળા તલ ,1610,2750,3420
26/06/2025,96992,grain,Garlic,લસણ,300,750,1280
26/06/2025,96993,grain,Corriander,ધાણા,700,1100,1401
26/06/2025,96994,grain,Dhani,ધાણી,500,1125,1425
26/06/2025,96995,grain,Variyali,વરીયાળી,10,830,1080
26/06/2025,96996,grain,Cummin,જીરૂ,480,3400,3815
26/06/2025,96997,grain,Mustard,રાય,120,1180,1350
26/06/2025,96998,grain,Fenugreek,મેથી,440,820,1260
26/06/2025,96999,grain,Asario,અશેરીયો,2,1305,1305
26/06/2025,97000,grain,kalonji,કલોંજી,50,3000,3940
26/06/2025,97001,grain,Mustard seed,રાયડો,160,1110,1223
26/06/2025,97002,grain,Rajkoo Bee,રજકાનું બી ,120,4200,5450
26/06/2025,97003,grain,Guvar Bee,ગુવારનું બી,150,900,1000
28/06/2025,97032,grain,Cotton B.T.,કપાસ બી.ટી.,400,1350,1639
28/06/2025,97033,grain,Wheat Lokvan,ઘઉં લોકવન,320,498,527
28/06/2025,97034,grain,Wheat Tukda,ઘઉં ટુકડા,1400,496,592
28/06/2025,97035,grain,Jowar White,જુવાર સફેદ,200,600,825
28/06/2025,97036,grain,Jowar Red,જુવાર લાલ,15,700,825
28/06/2025,97037,grain,Jowar Yellow,જુવાર પીળી ,20,400,471
28/06/2025,97038,grain,Bajri,બાજરી,400,378,440
28/06/2025,97039,grain,Tuver,તુવેર,700,1080,1313
28/06/2025,97040,grain,Gram Yellow,ચણા પીળા,1200,950,1118
28/06/2025,97041,grain,Gram White,ચણા સફેદ,1300,1300,1960
28/06/2025,97042,grain,Urad,અડદ,700,1181,1416
28/06/2025,97043,grain,Mung,મગ,0,1320,1616
28/06/2025,97044,grain,Val Deshi,વાલ દેશી,60,600,1195
28/06/2025,97045,grain,Choli,ચોળી,1100,1300,2000
28/06/2025,97046,grain,Math,મઠ,10,1180,1950
28/06/2025,97047,grain,Peas,વટાણા,100,1034,2150
28/06/2025,97048,grain,Kulthi,કળથી,40,725,845
28/06/2025,97049,grain,Rajma,રાજમા,145,1000,1550
28/06/2025,97050,grain,Groundnut Seed,સીંગદાણા,70,1350,1515
28/06/2025,97051,grain,Groundnut Big,મગફળી જાડી,400,950,1135
28/06/2025,97052,grain,Groundnut Small,મગફળી જીણી,500,970,1170
28/06/2025,97053,grain,Linseed,અળશી,12,1160,1350
28/06/2025,97054,grain,Seasmum,તલી ,0,1300,2075
28/06/2025,97055,grain,Castor seed,એરંડા,140,1250,1321
28/06/2025,97056,grain,Thymol,અજમો,2,740,740
28/06/2025,97057,grain,Dil Seed,સુવા,6,1060,1425
28/06/2025,97058,grain,Soyabin,સોયાબીન,400,750,829
28/06/2025,97059,grain,Groundnut-Fada,સીંગફાડા,1760,1040,1340
28/06/2025,97060,grain,Sesmum-Black,કાળા તલ ,1088,2700,3400
28/06/2025,97061,grain,Garlic,લસણ,510,805,1454
28/06/2025,97062,grain,Corriander,ધાણા,360,1105,1373
28/06/2025,97063,grain,Dhani,ધાણી,240,1125,1398
28/06/2025,97064,grain,Variyali,વરીયાળી,5,751,1270
28/06/2025,97065,grain,Cummin,જીરૂ,240,3500,3900
28/06/2025,97066,grain,Mustard,રાય,40,1150,1400
28/06/2025,97067,grain,Fenugreek,મેથી,300,820,1300
28/06/2025,97068,grain,Asario,અશેરીયો,25,720,1220
28/06/2025,97069,grain,kalonji,કલોંજી,16,2951,3881
28/06/2025,97070,grain,Mustard seed,રાયડો,60,1130,1225
28/06/2025,97071,grain,Rajkoo Bee,રજકાનું બી ,105,4300,5150
28/06/2025,97072,grain,Guvar Bee,ગુવારનું બી,20,880,980
30/06/2025,97100,grain,Cotton B.T.,કપાસ બી.ટી.,500,1300,1658
30/06/2025,97101,grain,Wheat Lokvan,ઘઉં લોકવન,360,492,528
30/06/2025,97102,grain,Wheat Tukda,ઘઉં ટુકડા,2800,496,564
30/06/2025,97103,grain,Jowar White,જુવાર સફેદ,230,650,800
30/06/2025,97104,grain,Jowar Red,જુવાર લાલ,14,650,880
30/06/2025,97105,grain,Jowar Yellow,જુવાર પીળી ,5,350,450
30/06/2025,97106,grain,Bajri,બાજરી,210,390,433
30/06/2025,97107,grain,Tuver,તુવેર,900,1095,1324
30/06/2025,97108,grain,Gram Yellow,ચણા પીળા,1600,975,1110
30/06/2025,97109,grain,Gram White,ચણા સફેદ,1400,1320,2000
30/06/2025,97110,grain,Urad,અડદ,300,1176,1422
30/06/2025,97111,grain,Mung,મગ,0,1310,1601
30/06/2025,97112,grain,Val Deshi,વાલ દેશી,70,500,1076
30/06/2025,97113,grain,Choli,ચોળી,600,1311,1950
30/06/2025,97114,grain,Math,મઠ,50,1500,2000
30/06/2025,97115,grain,Peas,વટાણા,105,1680,2230
30/06/2025,97116,grain,Rajma,રાજમા,95,1000,1468
30/06/2025,97117,grain,Groundnut Seed,સીંગદાણા,75,1350,1500
30/06/2025,97118,grain,Groundnut Big,મગફળી જાડી,410,940,1150
30/06/2025,97119,grain,Groundnut Small-New,મગફળી જીણી નવી,510,965,1200
30/06/2025,97120,grain,Seasmum,તલી ,0,1400,2070
30/06/2025,97121,grain,Castor seed,એરંડા,205,1250,1327
30/06/2025,97122,grain,Thymol,અજમો,40,900,1480
30/06/2025,97123,grain,Dil Seed,સુવા,4,900,1150
30/06/2025,97124,grain,Soyabin,સોયાબીન,400,750,830
30/06/2025,97125,grain,Groundnut-Fada,સીંગફાડા,2080,1030,1335
30/06/2025,97126,grain,Sesmum-Black,કાળા તલ ,1400,2650,3476
30/06/2025,97127,grain,Garlic,લસણ,650,850,1350
30/06/2025,97128,grain,Corriander,ધાણા,300,1100,1375
30/06/2025,97129,grain,Dhani,ધાણી,500,1110,1500
30/06/2025,97130,grain,Variyali,વરીયાળી,70,800,1282
30/06/2025,97131,grain,Cummin,જીરૂ,600,3550,4000
30/06/2025,97132,grain,Mustard,રાય,80,1180,1400
30/06/2025,97133,grain,Fenugreek,મેથી,700,800,1240
30/06/2025,97134,grain,Isabgul,ઇસબગુલ,3,900,1335
30/06/2025,97135,grain,kalonji,કલોંજી,50,2670,3999
30/06/2025,97136,grain,Mustard seed,રાયડો,130,1130,1235
30/06/2025,97137,grain,Rajkoo Bee,રજકાનું બી ,60,4400,5800
30/06/2025,97138,grain,Guvar Bee,ગુવારનું બી,150,935,985
01/07/2025,97167,grain,Cotton B.T.,કપાસ બી.ટી.,400,1300,1664
01/07/2025,97168,grain,Wheat Lokvan,ઘઉં લોકવન,200,490,526
01/07/2025,97169,grain,Wheat Tukda,ઘઉં ટુકડા,1200,494,570
01/07/2025,97170,grain,Jowar White,જુવાર સફેદ,180,650,802
01/07/2025,97171,grain,Jowar Red,જુવાર લાલ,10,700,775
01/07/2025,97172,grain,Jowar Yellow,જુવાર પીળી ,5,300,425
01/07/2025,97173,grain,Bajri,બાજરી,300,350,429
01/07/2025,97174,grain,Tuver,તુવેર,660,1070,1351
01/07/2025,97175,grain,Gram Yellow,ચણા પીળા,700,900,1111
01/07/2025,97176,grain,Gram White,ચણા સફેદ,700,1100,2020
01/07/2025,97177,grain,Urad,અડદ,220,1190,1430
01/07/2025,97178,grain,Mung,મગ,2200,1250,1625
01/07/2025,97179,grain,Val Deshi,વાલ દેશી,130,800,1164
01/07/2025,97180,grain,Choli,ચોળી,150,1250,1850
01/07/2025,97181,grain,Peas,વટાણા,80,1450,2199
01/07/2025,97182,grain,Kulthi,કળથી,20,936,936
01/07/2025,97183,grain,Rajma,રાજમા,58,400,1300
01/07/2025,97184,grain,Groundnut Seed,સીંગદાણા,75,1350,1500
01/07/2025,97185,grain,Groundnut Big,મગફળી જાડી,200,950,1160
01/07/2025,97186,grain,Groundnut Small,મગફળી જીણી,120,960,1180
01/07/2025,97187,grain,Seasmum,તલી ,0,1550,2018
01/07/2025,97188,grain,Castor seed,એરંડા,235,1268,1337
01/07/2025,97189,grain,Thymol,અજમો,14,815,1450
01/07/2025,97190,grain,Dil Seed,સુવા,20,960,1240
01/07/2025,97191,grain,Soyabin,સોયાબીન,440,810,825
01/07/2025,97192,grain,Groundnut-Fada,સીંગફાડા,1300,1050,1350
01/07/2025,97193,grain,Sesmum-Black,કાળા તલ ,1100,2725,3540
01/07/2025,97194,grain,Garlic,લસણ,350,800,1200
01/07/2025,97195,grain,Corriander,ધાણા,280,1230,1374
01/07/2025,97196,grain,Dhani,ધાણી,120,1250,1380
01/07/2025,97197,grain,Variyali,વરીયાળી,50,800,1292
01/07/2025,97198,grain,Cummin,જીરૂ,240,3560,4011
01/07/2025,97199,grain,Mustard,રાય,30,1160,1400
01/07/2025,97200,grain,Fenugreek,મેથી,300,810,1270
01/07/2025,97201,grain,Isabgul,ઇસબગુલ,5,700,1550
01/07/2025,97202,grain,Mustard seed,રાયડો,80,1170,1230
01/07/2025,97203,grain,Rajkoo Bee,રજકાનું બી ,75,4350,5730
01/07/2025,97204,grain,Guvar Bee,ગુવારનું બી,90,950,985
02/07/2025,97232,grain,Cotton B.T.,કપાસ બી.ટી.,600,1350,1676
02/07/2025,97233,grain,Wheat Lokvan,ઘઉં લોકવન,440,493,528
02/07/2025,97234,grain,Wheat Tukda,ઘઉં ટુકડા,3720,498,629
02/07/2025,97235,grain,Jowar White,જુવાર સફેદ,140,600,818
02/07/2025,97236,grain,Jowar Red,જુવાર લાલ,12,600,868
02/07/2025,97237,grain,Jowar Yellow,જુવાર પીળી ,6,350,470
02/07/2025,97238,grain,Bajri,બાજરી,275,350,461
02/07/2025,97239,grain,Tuver,તુવેર,700,1051,1356
02/07/2025,97240,grain,Gram Yellow,ચણા પીળા,1500,900,1116
02/07/2025,97241,grain,Gram White,ચણા સફેદ,1500,1150,2122
02/07/2025,97242,grain,Urad,અડદ,250,1180,1401
02/07/2025,97243,grain,Mung,મગ,0,1300,1575
02/07/2025,97244,grain,Val Deshi,વાલ દેશી,100,830,1372
02/07/2025,97245,grain,Choli,ચોળી,750,1300,1850
02/07/2025,97246,grain,Math,મઠ,40,1300,2000
02/07/2025,97247,grain,Peas,વટાણા,300,1431,2175
02/07/2025,97248,grain,Kulthi,કળથી,50,540,825
02/07/2025,97249,grain,Rajma,રાજમા,80,1250,2099
02/07/2025,97250,grain,Groundnut Seed,સીંગદાણા,50,1375,1520
02/07/2025,97251,grain,Groundnut Big,મગફળી જાડી,600,930,1170
02/07/2025,97252,grain,Groundnut Small,મગફળી જીણી,300,950,1160
02/07/2025,97253,grain,Seasmum,તલી ,14400,1600,2021
02/07/2025,97254,grain,Castor seed,એરંડા,260,1145,1340
02/07/2025,97255,grain,Thymol,અજમો,25,950,1801
02/07/2025,97256,grain,Dil Seed,સુવા,25,1025,1280
02/07/2025,97257,grain,Soyabin,સોયાબીન,260,800,832
02/07/2025,97258,grain,Groundnut-Fada,સીંગફાડા,160,1070,1350
02/07/2025,97259,grain,Sesmum-Black,કાળા તલ ,1200,2740,3619
02/07/2025,97260,grain,Garlic,લસણ,700,780,1350
02/07/2025,97261,grain,Corriander,ધાણા,480,1235,1380
02/07/2025,97262,grain,Dhani,ધાણી,180,1248,1376
02/07/2025,97263,grain,Variyali,વરીયાળી,20,900,1300
02/07/2025,97264,grain,Cummin,જીરૂ,900,3550,4051
02/07/2025,97265,grain,Mustard,રાય,80,1150,1420
02/07/2025,97266,grain,Fenugreek,મેથી,600,800,1250
02/07/2025,97267,grain,Isabgul,ઇસબગુલ,10,850,1825
02/07/2025,97268,grain,Asario,અશેરીયો,45,1175,1259
02/07/2025,97269,grain,kalonji,કલોંજી,55,3500,4075
02/07/2025,97270,grain,Mustard seed,રાયડો,200,1130,1245
02/07/2025,97271,grain,Rajkoo Bee,રજકાનું બી ,70,4300,5499
02/07/2025,97272,grain,Guvar Bee,ગુવારનું બી,70,900,1000
03/07/2025,97300,grain,Cotton B.T.,કપાસ બી.ટી.,360,1368,1682
03/07/2025,97301,grain,Wheat Lokvan,ઘઉં લોકવન,260,484,516
03/07/2025,97302,grain,Wheat Tukda,ઘઉં ટુકડા,2200,495,538
03/07/2025,97303,grain,Jowar White,જુવાર સફેદ,150,630,840
03/07/2025,97304,grain,Jowar Red,જુવાર લાલ,24,670,840
03/07/2025,97305,grain,Jowar Yellow,જુવાર પીળી ,44,410,475
03/07/2025,97306,grain,Bajri,બાજરી,190,350,438
03/07/2025,97307,grain,Tuver,તુવેર,600,1080,1330
03/07/2025,97308,grain,Gram Yellow,ચણા પીળા,640,950,1130
03/07/2025,97309,grain,Gram White,ચણા સફેદ,640,1130,2199
03/07/2025,97310,grain,Urad,અડદ,150,1171,1405
03/07/2025,97311,grain,Mung,મગ,3000,1311,1580
03/07/2025,97312,grain,Val Deshi,વાલ દેશી,128,780,1130
03/07/2025,97313,grain,Choli,ચોળી,500,1300,1900
03/07/2025,97314,grain,Math,મઠ,25,1200,2000
03/07/2025,97315,grain,Peas,વટાણા,80,1401,1935
03/07/2025,97316,grain,Kulthi,કળથી,55,550,919
03/07/2025,97317,grain,Rajma,રાજમા,24,1201,1475
03/07/2025,97318,grain,Groundnut Seed,સીંગદાણા,60,1400,1550
03/07/2025,97319,grain,Groundnut Big,મગફળી જાડી,420,940,1175
03/07/2025,97320,grain,Groundnut Small,મગફળી જીણી,200,920,1140
03/07/2025,97321,grain,Seasmum,તલી ,0,1400,1990
03/07/2025,97322,grain,Castor seed,એરંડા,200,1144,1340
03/07/2025,97323,grain,Thymol,અજમો,20,850,1580
03/07/2025,97324,grain,Dil Seed,સુવા,8,1200,1380
03/07/2025,97325,grain,Soyabin,સોયાબીન,200,800,826
03/07/2025,97326,grain,Groundnut-Fada,સીંગફાડા,960,1080,1360
03/07/2025,97327,grain,Sesmum-Black,કાળા તલ ,680,2800,3673
03/07/2025,97328,grain,Garlic,લસણ,660,775,1250
03/07/2025,97329,grain,Corriander,ધાણા,440,1225,1370
03/07/2025,97330,grain,Dhani,ધાણી,155,1250,1380
03/07/2025,97331,grain,Variyali,વરીયાળી,35,900,1413
03/07/2025,97332,grain,Cummin,જીરૂ,780,3525,3915
03/07/2025,97333,grain,Mustard,રાય,100,1150,1430
03/07/2025,97334,grain,Fenugreek,મેથી,500,810,1270
03/07/2025,97335,grain,Isabgul,ઇસબગુલ,12,950,1213
03/07/2025,97336,grain,Asario,અશેરીયો,45,1044,1206
03/07/2025,97337,grain,kalonji,કલોંજી,120,3500,4099
03/07/2025,97338,grain,Mustard seed,રાયડો,140,1120,1240
03/07/2025,97339,grain,Rajkoo Bee,રજકાનું બી ,65,4325,5310
03/07/2025,97340,grain,Guvar Bee,ગુવારનું બી,50,900,1025
04/07/2025,97368,grain,Cotton B.T.,કપાસ બી.ટી.,300,1300,1680
04/07/2025,97369,grain,Wheat Lokvan,ઘઉં લોકવન,140,498,518
04/07/2025,97370,grain,Wheat Tukda,ઘઉં ટુકડા,860,494,589
04/07/2025,97371,grain,Jowar White,જુવાર સફેદ,100,500,800
04/07/2025,97372,grain,Jowar Red,જુવાર લાલ,14,611,780
04/07/2025,97373,grain,Bajri,બાજરી,170,300,428
04/07/2025,97374,grain,Tuver,તુવેર,200,1074,1348
04/07/2025,97375,grain,Gram Yellow,ચણા પીળા,400,900,1132
04/07/2025,97376,grain,Gram White,ચણા સફેદ,700,1180,2150
04/07/2025,97377,grain,Urad,અડદ,150,1105,1401
04/07/2025,97378,grain,Mung,મગ,0,1251,1611
04/07/2025,97379,grain,Val Deshi,વાલ દેશી,52,700,1162
04/07/2025,97380,grain,Choli,ચોળી,300,1300,1950
04/07/2025,97381,grain,Peas,વટાણા,40,1350,2000
04/07/2025,97382,grain,Kulthi,કળથી,100,630,890
04/07/2025,97383,grain,Rajma,રાજમા,8,1150,1450
04/07/2025,97384,grain,Groundnut Seed,સીંગદાણા,50,1410,1540
04/07/2025,97385,grain,Groundnut Big,મગફળી જાડી,80,900,1150
04/07/2025,97386,grain,Groundnut Small,મગફળી જીણી,160,920,1160
04/07/2025,97387,grain,Seasmum,તલી ,0,1500,2015
04/07/2025,97388,grain,Castor seed,એરંડા,320,1200,1336
04/07/2025,97389,grain,Thymol,અજમો,8,875,1891
04/07/2025,97390,grain,Dil Seed,સુવા,2,1025,1325
04/07/2025,97391,grain,Soyabin,સોયાબીન,40,800,830
04/07/2025,97392,grain,Groundnut-Fada,સીંગફાડા,800,1050,1365
04/07/2025,97393,grain,Sesmum-Black,કાળા તલ ,1000,2900,3684
04/07/2025,97394,grain,Garlic,લસણ,120,600,1000
04/07/2025,97395,grain,Corriander,ધાણા,50,1250,1356
04/07/2025,97396,grain,Dhani,ધાણી,12,1240,1371
04/07/2025,97397,grain,Variyali,વરીયાળી,40,800,1350
04/07/2025,97398,grain,Cummin,જીરૂ,320,3470,3905
04/07/2025,97399,grain,Mustard,રાય,60,1150,1405
04/07/2025,97400,grain,Fenugreek,મેથી,600,820,1250
04/07/2025,97401,grain,Asario,અશેરીયો,10,1150,1150
04/07/2025,97402,grain,kalonji,કલોંજી,60,3700,4111
04/07/2025,97403,grain,Mustard seed,રાયડો,120,1120,1255
04/07/2025,97404,grain,Rajkoo Bee,રજકાનું બી ,30,4300,5350
04/07/2025,97405,grain,Guvar Bee,ગુવારનું બી,80,990,1015
05/07/2025,97433,grain,Cotton B.T.,કપાસ બી.ટી.,400,1300,1660
05/07/2025,97434,grain,Wheat Lokvan,ઘઉં લોકવન,100,499,520
05/07/2025,97435,grain,Wheat Tukda,ઘઉં ટુકડા,900,496,564
05/07/2025,97436,grain,Jowar White,જુવાર સફેદ,140,660,820
05/07/2025,97437,grain,Jowar Red,જુવાર લાલ,20,640,826
05/07/2025,97438,grain,Jowar Yellow,જુવાર પીળી ,4,400,465
05/07/2025,97439,grain,Bajri,બાજરી,180,310,414
05/07/2025,97440,grain,Tuver,તુવેર,300,1060,1324
05/07/2025,97441,grain,Gram Yellow,ચણા પીળા,400,900,1134
05/07/2025,97442,grain,Gram White,ચણા સફેદ,1000,1150,2100
05/07/2025,97443,grain,Urad,અડદ,150,1100,1421
05/07/2025,97444,grain,Mung,મગ,2500,1275,1590
05/07/2025,97445,grain,Val Deshi,વાલ દેશી,23,700,1220
05/07/2025,97446,grain,Choli,ચોળી,250,1300,1900
05/07/2025,97447,grain,Math,મઠ,40,1200,2000
05/07/2025,97448,grain,Peas,વટાણા,45,1321,2100
05/07/2025,97449,grain,Kulthi,કળથી,20,450,756
05/07/2025,97450,grain,Rajma,રાજમા,40,1141,1402
05/07/2025,97451,grain,Groundnut Seed,સીંગદાણા,60,1400,1530
05/07/2025,97452,grain,Groundnut Big,મગફળી જાડી,240,925,1190
05/07/2025,97453,grain,Groundnut Small,મગફળી જીણી,80,915,1165
05/07/2025,97454,grain,Seasmum,તલી ,0,1430,1990
05/07/2025,97455,grain,Castor seed,એરંડા,240,1277,1334
05/07/2025,97456,grain,Thymol,અજમો,10,880,1501
05/07/2025,97457,grain,Dil Seed,સુવા,4,800,1207
05/07/2025,97458,grain,Soyabin,સોયાબીન,240,800,831
05/07/2025,97459,grain,Groundnut-Fada,સીંગફાડા,640,1060,1360
05/07/2025,97460,grain,Sesmum-Black,કાળા તલ ,960,2950,3800
05/07/2025,97461,grain,Garlic,લસણ,180,620,952
05/07/2025,97462,grain,Corriander,ધાણા,250,1220,1356
05/07/2025,97463,grain,Dhani,ધાણી,60,1240,1371
05/07/2025,97464,grain,Variyali,વરીયાળી,80,1000,1320
05/07/2025,97465,grain,Cummin,જીરૂ,240,3421,3855
05/07/2025,97466,grain,Mustard,રાય,60,1160,1425
05/07/2025,97467,grain,Fenugreek,મેથી,440,825,1225
05/07/2025,97468,grain,kalonji,કલોંજી,25,3250,4188
05/07/2025,97469,grain,Mustard seed,રાયડો,80,1130,1230
05/07/2025,97470,grain,Rajkoo Bee,રજકાનું બી ,50,4000,5600
05/07/2025,97471,grain,Guvar Bee,ગુવારનું બી,200,945,980
07/07/2025,97499,grain,Cotton B.T.,કપાસ બી.ટી.,500,1250,1675
07/07/2025,97500,grain,Wheat Lokvan,ઘઉં લોકવન,100,498,518
07/07/2025,97501,grain,Wheat Tukda,ઘઉં ટુકડા,900,494,530
07/07/2025,97502,grain,Jowar White,જુવાર સફેદ,230,650,820
07/07/2025,97503,grain,Jowar Red,જુવાર લાલ,10,700,800
07/07/2025,97504,grain,Jowar Yellow,જુવાર પીળી ,3,370,475
07/07/2025,97505,grain,Bajri,બાજરી,95,364,426
07/07/2025,97506,grain,Tuver,તુવેર,330,1050,1341
07/07/2025,97507,grain,Gram Yellow,ચણા પીળા,400,850,1135
07/07/2025,97508,grain,Gram White,ચણા સફેદ,600,1150,2100
07/07/2025,97509,grain,Urad,અડદ,164,1150,1448
07/07/2025,97510,grain,Mung,મગ,900,1311,1601
07/07/2025,97511,grain,Val Deshi,વાલ દેશી,100,971,1231
07/07/2025,97512,grain,Choli,ચોળી,250,1300,1800
07/07/2025,97513,grain,Math,મઠ,40,1200,2100
07/07/2025,97514,grain,Peas,વટાણા,14,1300,2101
07/07/2025,97515,grain,Kulthi,કળથી,25,720,875
07/07/2025,97516,grain,Rajma,રાજમા,20,1125,1420
07/07/2025,97517,grain,Groundnut Seed,સીંગદાણા,80,1425,1580
07/07/2025,97518,grain,Groundnut Big,મગફળી જાડી,200,930,1190
07/07/2025,97519,grain,Groundnut Small,મગફળી જીણી,100,915,1160
07/07/2025,97520,grain,Seasmum,તલી ,0,1430,1940
07/07/2025,97521,grain,Castor seed,એરંડા,200,1181,1325
07/07/2025,97522,grain,Thymol,અજમો,4,920,1380
07/07/2025,97523,grain,Dil Seed,સુવા,13,925,1360
07/07/2025,97524,grain,Soyabin,સોયાબીન,160,800,831
07/07/2025,97525,grain,Groundnut-Fada,સીંગફાડા,1120,1070,1365
07/07/2025,97526,grain,Sesmum-Black,કાળા તલ ,1600,2900,3805
07/07/2025,97527,grain,Garlic,લસણ,180,620,952
07/07/2025,97528,grain,Corriander,ધાણા,240,1224,1362
07/07/2025,97529,grain,Dhani,ધાણી,50,1245,1380
07/07/2025,97530,grain,Variyali,વરીયાળી,20,890,1205
07/07/2025,97531,grain,Cummin,જીરૂ,280,3484,3802
07/07/2025,97532,grain,Mustard,રાય,120,1280,1380
07/07/2025,97533,grain,Fenugreek,મેથી,400,840,1150
07/07/2025,97534,grain,Isabgul,ઇસબગુલ,3,500,500
07/07/2025,97535,grain,Asario,અશેરીયો,40,1320,1340
07/07/2025,97536,grain,kalonji,કલોંજી,15,3200,4100
07/07/2025,97537,grain,Mustard seed,રાયડો,120,1140,1240
07/07/2025,97538,grain,Rajkoo Bee,રજકાનું બી ,28,4580,5475
07/07/2025,97539,grain,Guvar Bee,ગુવારનું બી,200,945,1019
08/07/2025,97568,grain,Cotton B.T.,કપાસ બી.ટી.,460,1200,1670
08/07/2025,97569,grain,Wheat Lokvan,ઘઉં લોકવન,320,494,531
08/07/2025,97570,grain,Wheat Tukda,ઘઉં ટુકડા,1800,496,561
08/07/2025,97571,grain,Jowar White,જુવાર સફેદ,150,600,800
08/07/2025,97572,grain,Jowar Red,જુવાર લાલ,5,700,800
08/07/2025,97573,grain,Jowar Yellow,જુવાર પીળી ,5,380,450
08/07/2025,97574,grain,Bajri,બાજરી,72,350,440
08/07/2025,97575,grain,Tuver,તુવેર,250,1060,1336
08/07/2025,97576,grain,Gram Yellow,ચણા પીળા,800,1000,1130
08/07/2025,97577,grain,Gram White,ચણા સફેદ,700,1150,2000
08/07/2025,97578,grain,Urad,અડદ,130,1133,1440
08/07/2025,97579,grain,Mung,મગ,750,1325,1615
08/07/2025,97580,grain,Val Deshi,વાલ દેશી,110,800,1200
08/07/2025,97581,grain,Choli,ચોળી,150,1300,1700
08/07/2025,97582,grain,Math,મઠ,10,1300,2300
08/07/2025,97583,grain,Peas,વટાણા,40,1300,1860
08/07/2025,97584,grain,Kulthi,કળથી,20,650,836
08/07/2025,97585,grain,Rajma,રાજમા,28,1120,1800
08/07/2025,97586,grain,Groundnut Seed,સીંગદાણા,100,1380,1580
08/07/2025,97587,grain,Groundnut Big,મગફળી જાડી,310,931,1191
08/07/2025,97588,grain,Groundnut Small,મગફળી જીણી,150,911,1155
08/07/2025,97589,grain,Seasmum,તલી ,6400,1554,2037
08/07/2025,97590,grain,Sunflower,સુરજમુખી,6,1206,1206
08/07/2025,97591,grain,Castor seed,એરંડા,280,1115,1320
08/07/2025,97592,grain,Thymol,અજમો,12,960,1600
08/07/2025,97593,grain,Dil Seed,સુવા,21,1020,1420
08/07/2025,97594,grain,Soyabin,સોયાબીન,320,800,827
08/07/2025,97595,grain,Groundnut-Fada,સીંગફાડા,960,1050,1360
08/07/2025,97596,grain,Sesmum-Black,કાળા તલ ,740,2850,3868
08/07/2025,97597,grain,Garlic,લસણ,160,700,1255
08/07/2025,97598,grain,Corriander,ધાણા,360,1220,1363
08/07/2025,97599,grain,Dhani,ધાણી,120,1242,1382
08/07/2025,97600,grain,Variyali,વરીયાળી,30,1000,1358
08/07/2025,97601,grain,Cummin,જીરૂ,240,3480,3805
08/07/2025,97602,grain,Mustard,રાય,80,1180,1420
08/07/2025,97603,grain,Fenugreek,મેથી,500,840,1340
08/07/2025,97604,grain,Isabgul,ઇસબગુલ,8,1001,1250
08/07/2025,97605,grain,kalonji,કલોંજી,50,3330,4096
08/07/2025,97606,grain,Mustard seed,રાયડો,100,1110,1240
08/07/2025,97607,grain,Rajkoo Bee,રજકાનું બી ,90,4400,6000
08/07/2025,97608,grain,Guvar Bee,ગુવારનું બી,60,935,1012
09/07/2025,97637,grain,Cotton B.T.,કપાસ બી.ટી.,450,1100,1680
09/07/2025,97638,grain,Wheat Lokvan,ઘઉં લોકવન,160,492,518
09/07/2025,97639,grain,Wheat Tukda,ઘઉં ટુકડા,1320,495,560
09/07/2025,97640,grain,Jowar White,જુવાર સફેદ,210,650,800
09/07/2025,97641,grain,Jowar Yellow,જુવાર પીળી ,20,300,500
09/07/2025,97642,grain,Bajri,બાજરી,143,335,424
09/07/2025,97643,grain,Tuver,તુવેર,290,1080,1330
09/07/2025,97644,grain,Gram Yellow,ચણા પીળા,820,1010,1140
09/07/2025,97645,grain,Gram White,ચણા સફેદ,800,1175,1999
09/07/2025,97646,grain,Urad,અડદ,250,1141,1423
09/07/2025,97647,grain,Mung,મગ,1000,1305,1590
09/07/2025,97648,grain,Val Deshi,વાલ દેશી,74,850,1080
09/07/2025,97649,grain,Choli,ચોળી,250,1300,1800
09/07/2025,97650,grain,Math,મઠ,5,1200,2300
09/07/2025,97651,grain,Peas,વટાણા,65,1311,2050
09/07/2025,97652,grain,Rajma,રાજમા,40,1100,1700
09/07/2025,97653,grain,Groundnut Seed,સીંગદાણા,100,1400,1580
09/07/2025,97654,grain,Groundnut Big,મગફળી જાડી,440,941,1195
09/07/2025,97655,grain,Groundnut Small,મગફળી જીણી,220,921,1160
09/07/2025,97656,grain,Seasmum,તલી ,0,1600,2080
09/07/2025,97657,grain,Castor seed,એરંડા,265,1175,1328
09/07/2025,97658,grain,Thymol,અજમો,6,800,1280
09/07/2025,97659,grain,Dil Seed,સુવા,7,1000,1280
09/07/2025,97660,grain,Soyabin,સોયાબીન,135,750,819
09/07/2025,97661,grain,Groundnut-Fada,સીંગફાડા,1100,1050,1350
09/07/2025,97662,grain,Sesmum-Black,કાળા તલ ,1320,2910,3855
09/07/2025,97663,grain,Garlic,લસણ,180,650,1150
09/07/2025,97664,grain,Corriander,ધાણા,200,1241,1372
09/07/2025,97665,grain,Dhani,ધાણી,350,1281,1418
09/07/2025,97666,grain,Variyali,વરીયાળી,70,1000,1380
09/07/2025,97667,grain,Cummin,જીરૂ,150,3460,3825
09/07/2025,97668,grain,Mustard,રાય,100,1180,1400
09/07/2025,97669,grain,Fenugreek,મેથી,440,850,1300
09/07/2025,97670,grain,Isabgul,ઇસબગુલ,3,900,900
09/07/2025,97671,grain,kalonji,કલોંજી,45,3135,4141
09/07/2025,97672,grain,Mustard seed,રાયડો,160,1150,1250
09/07/2025,97673,grain,Rajkoo Bee,રજકાનું બી ,60,4800,5951
09/07/2025,97674,grain,Guvar Bee,ગુવારનું બી,150,910,985
10/07/2025,97703,grain,Cotton B.T.,કપાસ બી.ટી.,400,1200,1691
10/07/2025,97704,grain,Wheat Lokvan,ઘઉં લોકવન,260,498,532
10/07/2025,97705,grain,Wheat Tukda,ઘઉં ટુકડા,1240,496,589
10/07/2025,97706,grain,Jowar White,જુવાર સફેદ,140,704,780
10/07/2025,97707,grain,Jowar Yellow,જુવાર પીળી ,6,310,485
10/07/2025,97708,grain,Bajri,બાજરી,120,360,435
10/07/2025,97709,grain,Tuver,તુવેર,460,1070,1348
10/07/2025,97710,grain,Gram Yellow,ચણા પીળા,600,950,1134
10/07/2025,97711,grain,Gram White,ચણા સફેદ,600,1150,2058
10/07/2025,97712,grain,Urad,અડદ,170,1146,1426
10/07/2025,97713,grain,Mung,મગ,950,1321,1621
10/07/2025,97714,grain,Val Deshi,વાલ દેશી,200,1050,1800
10/07/2025,97715,grain,Choli,ચોળી,100,950,1580
10/07/2025,97716,grain,Math,મઠ,20,1210,2340
10/07/2025,97717,grain,Peas,વટાણા,56,1300,1850
10/07/2025,97718,grain,Rajma,રાજમા,40,1100,1600
10/07/2025,97719,grain,Groundnut Seed,સીંગદાણા,80,1450,1560
10/07/2025,97720,grain,Groundnut Big,મગફળી જાડી,480,925,1190
10/07/2025,97721,grain,Groundnut Small,મગફળી જીણી,260,915,1165
10/07/2025,97722,grain,Seasmum,તલી ,0,1550,2090
10/07/2025,97723,grain,Castor seed,એરંડા,160,1280,1326
10/07/2025,97724,grain,Thymol,અજમો,36,1020,1630
10/07/2025,97725,grain,Dil Seed,સુવા,50,940,1317
10/07/2025,97726,grain,Soyabin,સોયાબીન,120,800,829
10/07/2025,97727,grain,Groundnut-Fada,સીંગફાડા,800,1050,1370
10/07/2025,97728,grain,Sesmum-Black,કાળા તલ ,720,2940,3951
10/07/2025,97729,grain,Garlic,લસણ,260,600,1100
10/07/2025,97730,grain,Corriander,ધાણા,450,1261,1390
10/07/2025,97731,grain,Dhani,ધાણી,250,1301,1420
10/07/2025,97732,grain,Variyali,વરીયાળી,28,1088,1394
10/07/2025,97733,grain,Cummin,જીરૂ,155,3450,3755
10/07/2025,97734,grain,Mustard,રાય,70,1180,1380
10/07/2025,97735,grain,Fenugreek,મેથી,600,840,1340
10/07/2025,97736,grain,Isabgul,ઇસબગુલ,14,1080,1250
10/07/2025,97737,grain,kalonji,કલોંજી,50,3400,4001
10/07/2025,97738,grain,Mustard seed,રાયડો,120,1140,1280
10/07/2025,97739,grain,Rajkoo Bee,રજકાનું બી ,40,4800,5300
10/07/2025,97740,grain,Guvar Bee,ગુવારનું બી,70,910,980
11/07/2025,97769,grain,Cotton B.T.,કપાસ બી.ટી.,500,1360,1676
11/07/2025,97770,grain,Wheat Lokvan,ઘઉં લોકવન,180,496,530
11/07/2025,97771,grain,Wheat Tukda,ઘઉં ટુકડા,1620,498,562
11/07/2025,97772,grain,Jowar White,જુવાર સફેદ,100,674,779
11/07/2025,97773,grain,Jowar Red,જુવાર લાલ,8,690,755
11/07/2025,97774,grain,Jowar Yellow,જુવાર પીળી ,14,353,478
11/07/2025,97775,grain,Bajri,બાજરી,160,330,442
11/07/2025,97776,grain,Tuver,તુવેર,510,1090,1360
11/07/2025,97777,grain,Gram Yellow,ચણા પીળા,380,900,1135
11/07/2025,97778,grain,Gram White,ચણા સફેદ,640,1100,2101
11/07/2025,97779,grain,Urad,અડદ,190,1090,1405
11/07/2025,97780,grain,Mung,મગ,1100,1301,1616
11/07/2025,97781,grain,Val Deshi,વાલ દેશી,190,980,1660
11/07/2025,97782,grain,Choli,ચોળી,160,800,1655
11/07/2025,97783,grain,Peas,વટાણા,50,1250,2000
11/07/2025,97784,grain,Kulthi,કળથી,45,630,720
11/07/2025,97785,grain,Rajma,રાજમા,60,900,1500
11/07/2025,97786,grain,Groundnut Seed,સીંગદાણા,85,1400,1580
11/07/2025,97787,grain,Groundnut Big,મગફળી જાડી,340,930,1195
11/07/2025,97788,grain,Groundnut Small,મગફળી જીણી,160,910,1170
11/07/2025,97789,grain,Seasmum,તલી ,6200,1600,2200
11/07/2025,97790,grain,Castor seed,એરંડા,158,1270,1321
11/07/2025,97791,grain,Thymol,અજમો,7,900,1530
11/07/2025,97792,grain,Dil Seed,સુવા,14,1011,1270
11/07/2025,97793,grain,Soyabin,સોયાબીન,120,800,831
11/07/2025,97794,grain,Groundnut-Fada,સીંગફાડા,1280,1050,1375
11/07/2025,97795,grain,Sesmum-Black,કાળા તલ ,1160,3035,4035
11/07/2025,97796,grain,Garlic,લસણ,360,650,1020
11/07/2025,97797,grain,Corriander,ધાણા,250,1225,1404
11/07/2025,97798,grain,Dhani,ધાણી,150,1321,1456
11/07/2025,97799,grain,Variyali,વરીયાળી,30,1050,1370
11/07/2025,97800,grain,Cummin,જીરૂ,180,3400,3770
11/07/2025,97801,grain,Mustard,રાય,120,1150,1400
11/07/2025,97802,grain,Fenugreek,મેથી,440,850,1320
11/07/2025,97803,grain,Isabgul,ઇસબગુલ,20,1111,1411
11/07/2025,97804,grain,kalonji,કલોંજી,12,3100,4100
11/07/2025,97805,grain,Mustard seed,રાયડો,300,1140,1245
11/07/2025,97806,grain,Rajkoo Bee,રજકાનું બી ,85,5051,5975
11/07/2025,97807,grain,Guvar Bee,ગુવારનું બી,35,905,980
12/07/2025,97836,grain,Cotton B.T.,કપાસ બી.ટી.,500,1335,1701
12/07/2025,97837,grain,Wheat Lokvan,ઘઉં લોકવન,140,495,521
12/07/2025,97838,grain,Wheat Tukda,ઘઉં ટુકડા,1120,496,536
12/07/2025,97839,grain,Jowar White,જુવાર સફેદ,85,700,800
12/07/2025,97840,grain,Jowar Red,જુવાર લાલ,14,680,790
12/07/2025,97841,grain,Bajri,બાજરી,30,350,445
12/07/2025,97842,grain,Tuver,તુવેર,312,1050,1325
12/07/2025,97843,grain,Gram Yellow,ચણા પીળા,280,940,1130
12/07/2025,97844,grain,Gram White,ચણા સફેદ,560,1150,2148
12/07/2025,97845,grain,Urad,અડદ,172,1130,1425
12/07/2025,97846,grain,Mung,મગ,1000,1325,1625
12/07/2025,97847,grain,Val Deshi,વાલ દેશી,110,800,1183
12/07/2025,97848,grain,Choli,ચોળી,140,900,1685
12/07/2025,97849,grain,Math,મઠ,30,1200,2300
12/07/2025,97850,grain,Peas,વટાણા,16,1225,1635
12/07/2025,97851,grain,Rajma,રાજમા,15,911,1400
12/07/2025,97852,grain,Groundnut Seed,સીંગદાણા,50,1400,1580
12/07/2025,97853,grain,Groundnut Big,મગફળી જાડી,400,941,1185
12/07/2025,97854,grain,Groundnut Small,મગફળી જીણી,200,925,1150
12/07/2025,97855,grain,Linseed,અળશી,5,850,850
12/07/2025,97856,grain,Seasmum,તલી ,0,1550,2118
12/07/2025,97857,grain,Castor seed,એરંડા,140,1150,1310
12/07/2025,97858,grain,Thymol,અજમો,22,1000,1600
12/07/2025,97859,grain,Soyabin,સોયાબીન,90,800,829
12/07/2025,97860,grain,Groundnut-Fada,સીંગફાડા,960,1000,1385
12/07/2025,97861,grain,Sesmum-Black,કાળા તલ ,1600,2950,3951
12/07/2025,97862,grain,Garlic,લસણ,220,600,1101
12/07/2025,97863,grain,Corriander,ધાણા,140,1240,1440
12/07/2025,97864,grain,Dhani,ધાણી,60,1280,1444
12/07/2025,97865,grain,Variyali,વરીયાળી,50,1050,1240
12/07/2025,97866,grain,Cummin,જીરૂ,160,3435,3751
12/07/2025,97867,grain,Mustard,રાય,30,1180,1400
12/07/2025,97868,grain,Fenugreek,મેથી,500,810,1180
12/07/2025,97869,grain,kalonji,કલોંજી,15,2900,4129
12/07/2025,97870,grain,Mustard seed,રાયડો,320,1110,1260
12/07/2025,97871,grain,Rajkoo Bee,રજકાનું બી ,48,4800,5700
12/07/2025,97872,grain,Guvar Bee,ગુવારનું બી,40,900,960
14/07/2025,97902,grain,Cotton B.T.,કપાસ બી.ટી.,1000,1300,1710
14/07/2025,97903,grain,Wheat Lokvan,ઘઉં લોકવન,160,498,517
14/07/2025,97904,grain,Wheat Tukda,ઘઉં ટુકડા,2200,500,535
14/07/2025,97905,grain,Jowar White,જુવાર સફેદ,210,650,777
14/07/2025,97906,grain,Jowar Yellow,જુવાર પીળી ,40,396,496
14/07/2025,97907,grain,Bajri,બાજરી,270,340,456
14/07/2025,97908,grain,Maize,મકાઇ,29,250,452
14/07/2025,97909,grain,Tuver,તુવેર,360,1030,1344
14/07/2025,97910,grain,Gram Yellow,ચણા પીળા,440,950,1160
14/07/2025,97911,grain,Gram White,ચણા સફેદ,480,1160,2080
14/07/2025,97912,grain,Urad,અડદ,200,1270,1406
14/07/2025,97913,grain,Mung,મગ,3000,1351,1651
14/07/2025,97914,grain,Val Deshi,વાલ દેશી,110,930,1100
14/07/2025,97915,grain,Choli,ચોળી,90,800,1837
14/07/2025,97916,grain,Math,મઠ,100,1200,2300
14/07/2025,97917,grain,Peas,વટાણા,10,950,2110
14/07/2025,97918,grain,Kulthi,કળથી,17,535,776
14/07/2025,97919,grain,Rajma,રાજમા,60,1000,1705
14/07/2025,97920,grain,Groundnut Seed,સીંગદાણા,75,1400,1600
14/07/2025,97921,grain,Groundnut Big,મગફળી જાડી,530,951,1205
14/07/2025,97922,grain,Groundnut Small,મગફળી જીણી,270,930,1165
14/07/2025,97923,grain,Seasmum,તલી ,0,1450,2037
14/07/2025,97924,grain,Sunflower,સુરજમુખી,13,550,850
14/07/2025,97925,grain,Castor seed,એરંડા,150,1212,1305
14/07/2025,97926,grain,Thymol,અજમો,10,880,1860
14/07/2025,97927,grain,Dil Seed,સુવા,25,1085,1280
14/07/2025,97928,grain,Soyabin,સોયાબીન,200,800,830
14/07/2025,97929,grain,Groundnut-Fada,સીંગફાડા,1280,1020,1320
14/07/2025,97930,grain,Sesmum-Black,કાળા તલ ,880,2900,3865
14/07/2025,97931,grain,Garlic,લસણ,300,650,1160
14/07/2025,97932,grain,Corriander,ધાણા,330,1235,1430
14/07/2025,97933,grain,Chillies,મરચા સુકા ,10,600,880
14/07/2025,97934,grain,Dhani,ધાણી,160,1285,1445
14/07/2025,97935,grain,Variyali,વરીયાળી,16,1050,1400
14/07/2025,97936,grain,Cummin,જીરૂ,140,3460,3707
14/07/2025,97937,grain,Mustard,રાય,40,1160,1400
14/07/2025,97938,grain,Fenugreek,મેથી,500,820,1240
14/07/2025,97939,grain,Isabgul,ઇસબગુલ,9,1061,1500
14/07/2025,97940,grain,Asario,અશેરીયો,25,850,1206
14/07/2025,97941,grain,kalonji,કલોંજી,50,3500,4086
14/07/2025,97942,grain,Mustard seed,રાયડો,580,1140,1264
14/07/2025,97943,grain,Rajkoo Bee,રજકાનું બી ,55,4600,5550
14/07/2025,97944,grain,Guvar Bee,ગુવારનું બી,50,880,910
15/07/2025,97974,grain,Cotton B.T.,કપાસ બી.ટી.,400,1350,1704
15/07/2025,97975,grain,Wheat Lokvan,ઘઉં લોકવન,240,499,521
15/07/2025,97976,grain,Wheat Tukda,ઘઉં ટુકડા,3000,501,588
15/07/2025,97977,grain,Jowar White,જુવાર સફેદ,200,630,819
15/07/2025,97978,grain,Jowar Yellow,જુવાર પીળી ,28,332,488
15/07/2025,97979,grain,Bajri,બાજરી,200,394,471
15/07/2025,97980,grain,Tuver,તુવેર,600,1065,1320
15/07/2025,97981,grain,Gram Yellow,ચણા પીળા,600,950,1170
15/07/2025,97982,grain,Gram White,ચણા સફેદ,800,1150,2221
15/07/2025,97983,grain,Urad,અડદ,300,1135,1422
15/07/2025,97984,grain,Mung,મગ,1950,1341,1625
15/07/2025,97985,grain,Val Deshi,વાલ દેશી,200,920,1135
15/07/2025,97986,grain,Choli,ચોળી,200,1300,1700
15/07/2025,97987,grain,Math,મઠ,40,1100,2300
15/07/2025,97988,grain,Peas,વટાણા,20,900,1990
15/07/2025,97989,grain,Kulthi,કળથી,30,550,825
15/07/2025,97990,grain,Rajma,રાજમા,40,1011,1500
15/07/2025,97991,grain,Groundnut Seed,સીંગદાણા,70,1400,1600
15/07/2025,97992,grain,Groundnut Big,મગફળી જાડી,430,945,1210
15/07/2025,97993,grain,Groundnut Small,મગફળી જીણી,220,926,1171
15/07/2025,97994,grain,Seasmum,તલી ,11000,1500,2040
15/07/2025,97995,grain,Sunflower,સુરજમુખી,5,1107,1107
15/07/2025,97996,grain,Castor seed,એરંડા,200,1190,1312
15/07/2025,97997,grain,Thymol,અજમો,18,850,1515
15/07/2025,97998,grain,Dil Seed,સુવા,2,1160,1320
15/07/2025,97999,grain,Soyabin,સોયાબીન,300,800,825
15/07/2025,98000,grain,Groundnut-Fada,સીંગફાડા,960,1000,1385
15/07/2025,98001,grain,Sesmum-Black,કાળા તલ ,600,2900,3845
15/07/2025,98002,grain,Garlic,લસણ,420,600,1200
15/07/2025,98003,grain,Corriander,ધાણા,375,1240,1440
15/07/2025,98004,grain,Dhani,ધાણી,125,1300,1460
15/07/2025,98005,grain,Variyali,વરીયાળી,20,1000,1403
15/07/2025,98006,grain,Cummin,જીરૂ,500,3420,3785
15/07/2025,98007,grain,Mustard,રાય,40,1160,1400
15/07/2025,98008,grain,Fenugreek,મેથી,700,830,1260
15/07/2025,98009,grain,Isabgul,ઇસબગુલ,8,1200,1550
15/07/2025,98010,grain,kalonji,કલોંજી,64,2300,4120
15/07/2025,98011,grain,Mustard seed,રાયડો,300,1134,1260
15/07/2025,98012,grain,Rajkoo Bee,રજકાનું બી ,80,4800,5700
15/07/2025,98013,grain,Guvar Bee,ગુવારનું બી,60,899,940
16/07/2025,98044,grain,Cotton B.T.,કપાસ બી.ટી.,700,1200,1696
16/07/2025,98045,grain,Wheat Lokvan,ઘઉં લોકવન,180,495,522
16/07/2025,98046,grain,Wheat Tukda,ઘઉં ટુકડા,1800,500,555
16/07/2025,98047,grain,Jowar White,જુવાર સફેદ,130,650,820
16/07/2025,98048,grain,Jowar Red,જુવાર લાલ,15,700,800
16/07/2025,98049,grain,Jowar Yellow,જુવાર પીળી ,2,350,486
16/07/2025,98050,grain,Bajri,બાજરી,150,366,444
16/07/2025,98051,grain,Tuver,તુવેર,540,1085,1333
16/07/2025,98052,grain,Gram Yellow,ચણા પીળા,800,800,1200
16/07/2025,98053,grain,Gram White,ચણા સફેદ,800,1200,2150
16/07/2025,98054,grain,Urad,અડદ,260,1100,1390
16/07/2025,98055,grain,Mung,મગ,1650,1311,1621
16/07/2025,98056,grain,Val Deshi,વાલ દેશી,100,1050,1191
16/07/2025,98057,grain,Choli,ચોળી,170,1030,1700
16/07/2025,98058,grain,Peas,વટાણા,60,800,2340
16/07/2025,98059,grain,Kulthi,કળથી,35,650,811
16/07/2025,98060,grain,Rajma,રાજમા,100,1120,1500
16/07/2025,98061,grain,Groundnut Seed,સીંગદાણા,170,1400,1560
16/07/2025,98062,grain,Groundnut Big,મગફળી જાડી,360,931,1190
16/07/2025,98063,grain,Groundnut Small,મગફળી જીણી,180,920,1171
16/07/2025,98064,grain,Seasmum,તલી ,0,1400,1972
16/07/2025,98065,grain,Sunflower,સુરજમુખી,25,1260,1260
16/07/2025,98066,grain,Castor seed,એરંડા,160,1200,1309
16/07/2025,98067,grain,Thymol,અજમો,14,1100,1650
16/07/2025,98068,grain,Dil Seed,સુવા,6,1111,1500
16/07/2025,98069,grain,Soyabin,સોયાબીન,120,800,826
16/07/2025,98070,grain,Groundnut-Fada,સીંગફાડા,1120,1010,1365
16/07/2025,98071,grain,Sesmum-Black,કાળા તલ ,560,2920,3850
16/07/2025,98072,grain,Garlic,લસણ,350,620,1216
16/07/2025,98073,grain,Corriander,ધાણા,400,1260,1441
16/07/2025,98074,grain,Chillies,મરચા સુકા ,3,800,800
16/07/2025,98075,grain,Dhani,ધાણી,90,1302,1484
16/07/2025,98076,grain,Variyali,વરીયાળી,7,1100,1475
16/07/2025,98077,grain,Cummin,જીરૂ,250,3460,3740
16/07/2025,98078,grain,Mustard,રાય,30,1150,1400
16/07/2025,98079,grain,Fenugreek,મેથી,600,820,1270
16/07/2025,98080,grain,Isabgul,ઇસબગુલ,20,1240,1705
16/07/2025,98081,grain,Asario,અશેરીયો,20,1236,1236
16/07/2025,98082,grain,kalonji,કલોંજી,14,3300,4330
16/07/2025,98083,grain,Mustard seed,રાયડો,120,1140,1280
16/07/2025,98084,grain,Rajkoo Bee,રજકાનું બી ,65,4600,5500
16/07/2025,98085,grain,Guvar Bee,ગુવારનું બી,55,940,1010
17/07/2025,98116,grain,Cotton B.T.,કપાસ બી.ટી.,800,1350,1720
17/07/2025,98117,grain,Wheat Lokvan,ઘઉં લોકવન,300,498,531
17/07/2025,98118,grain,Wheat Tukda,ઘઉં ટુકડા,2500,501,587
17/07/2025,98119,grain,Jowar White,જુવાર સફેદ,86,670,865
17/07/2025,98120,grain,Bajri,બાજરી,250,350,433
17/07/2025,98121,grain,Tuver,તુવેર,450,1091,1326
17/07/2025,98122,grain,Gram Yellow,ચણા પીળા,800,950,1210
17/07/2025,98123,grain,Gram White,ચણા સફેદ,1040,1180,2150
17/07/2025,98124,grain,Urad,અડદ,100,1130,1428
17/07/2025,98125,grain,Mung,મગ,1000,1305,1621
17/07/2025,98126,grain,Val Deshi,વાલ દેશી,124,1100,1550
17/07/2025,98127,grain,Choli,ચોળી,140,900,1600
17/07/2025,98128,grain,Math,મઠ,50,1100,2350
17/07/2025,98129,grain,Peas,વટાણા,30,750,2391
17/07/2025,98130,grain,Kulthi,કળથી,30,550,750
17/07/2025,98131,grain,Rajma,રાજમા,40,1100,1420
17/07/2025,98132,grain,Groundnut Seed,સીંગદાણા,50,1425,1600
17/07/2025,98133,grain,Groundnut Big,મગફળી જાડી,420,945,1195
17/07/2025,98134,grain,Groundnut Small,મગફળી જીણી,180,935,1160
17/07/2025,98135,grain,Seasmum,તલી ,0,1500,2076
17/07/2025,98136,grain,Castor seed,એરંડા,160,1211,1311
17/07/2025,98137,grain,Thymol,અજમો,3,1200,1511
17/07/2025,98138,grain,Dil Seed,સુવા,2,960,1254
17/07/2025,98139,grain,Soyabin,સોયાબીન,160,800,820
17/07/2025,98140,grain,Groundnut-Fada,સીંગફાડા,950,900,1375
17/07/2025,98141,grain,Sesmum-Black,કાળા તલ ,550,2900,3875
17/07/2025,98142,grain,Garlic,લસણ,260,612,1200
17/07/2025,98143,grain,Corriander,ધાણા,420,1255,1460
17/07/2025,98144,grain,Dhani,ધાણી,460,1300,1450
17/07/2025,98145,grain,Variyali,વરીયાળી,12,1100,1516
17/07/2025,98146,grain,Cummin,જીરૂ,200,3438,3700
17/07/2025,98147,grain,Mustard,રાય,80,1220,1420
17/07/2025,98148,grain,Fenugreek,મેથી,640,830,1300
17/07/2025,98149,grain,Isabgul,ઇસબગુલ,12,1000,1450
17/07/2025,98150,grain,kalonji,કલોંજી,125,2800,4149
17/07/2025,98151,grain,Mustard seed,રાયડો,500,1180,1288
17/07/2025,98152,grain,Rajkoo Bee,રજકાનું બી ,28,4750,5450
17/07/2025,98153,grain,Guvar Bee,ગુવારનું બી,100,900,994
18/07/2025,98184,grain,Cotton B.T.,કપાસ બી.ટી.,1400,1380,1685
18/07/2025,98185,grain,Wheat Lokvan,ઘઉં લોકવન,260,497,544
18/07/2025,98186,grain,Wheat Tukda,ઘઉં ટુકડા,2200,502,565
18/07/2025,98187,grain,Jowar White,જુવાર સફેદ,140,720,838
18/07/2025,98188,grain,Jowar Red,જુવાર લાલ,20,800,937
18/07/2025,98189,grain,Jowar Yellow,જુવાર પીળી ,10,490,567
18/07/2025,98190,grain,Bajri,બાજરી,366,349,431
18/07/2025,98191,grain,Tuver,તુવેર,540,1080,1317
18/07/2025,98192,grain,Gram Yellow,ચણા પીળા,600,900,1200
18/07/2025,98193,grain,Gram White,ચણા સફેદ,900,1150,2130
18/07/2025,98194,grain,Urad,અડદ,138,1170,1437
18/07/2025,98195,grain,Mung,મગ,1050,1325,1640
18/07/2025,98196,grain,Val Papdi,વાલ પાપડી,154,964,1224
18/07/2025,98197,grain,Choli,ચોળી,120,1200,1692
18/07/2025,98198,grain,Peas,વટાણા,80,800,2250
18/07/2025,98199,grain,Kulthi,કળથી,20,475,650
18/07/2025,98200,grain,Rajma,રાજમા,40,1000,1400
18/07/2025,98201,grain,Groundnut Seed,સીંગદાણા,70,1400,1580
18/07/2025,98202,grain,Groundnut Big,મગફળી જાડી,440,951,1200
18/07/2025,98203,grain,Groundnut Small,મગફળી જીણી,220,920,1171
18/07/2025,98204,grain,Seasmum,તલી ,7000,1330,1951
18/07/2025,98205,grain,Castor seed,એરંડા,220,1175,1303
18/07/2025,98206,grain,Thymol,અજમો,6,960,1596
18/07/2025,98207,grain,Dil Seed,સુવા,5,1205,1400
18/07/2025,98208,grain,Soyabin,સોયાબીન,300,800,820
18/07/2025,98209,grain,Groundnut-Fada,સીંગફાડા,1280,950,1375
18/07/2025,98210,grain,Sesmum-Black,કાળા તલ ,688,2950,3950
18/07/2025,98211,grain,Garlic,લસણ,130,615,1212
18/07/2025,98212,grain,Corriander,ધાણા,500,1275,1451
18/07/2025,98213,grain,Dhani,ધાણી,160,1321,1440
18/07/2025,98214,grain,Variyali,વરીયાળી,26,1100,1611
18/07/2025,98215,grain,Cummin,જીરૂ,300,3400,3747
18/07/2025,98216,grain,Mustard,રાય,40,1220,1420
18/07/2025,98217,grain,Fenugreek,મેથી,700,815,1290
18/07/2025,98218,grain,Isabgul,ઇસબગુલ,1,1300,1300
18/07/2025,98219,grain,kalonji,કલોંજી,75,3700,4161
18/07/2025,98220,grain,Mustard seed,રાયડો,300,1130,1290
18/07/2025,98221,grain,Rajkoo Bee,રજકાનું બી ,75,4350,5448
18/07/2025,98222,grain,Guvar Bee,ગુવારનું બી,60,850,990
19/07/2025,98253,grain,Cotton B.T.,કપાસ બી.ટી.,900,1300,1700
19/07/2025,98254,grain,Wheat Lokvan,ઘઉં લોકવન,80,507,526
19/07/2025,98255,grain,Wheat Tukda,ઘઉં ટુકડા,1400,507,538
19/07/2025,98256,grain,Jowar White,જુવાર સફેદ,150,715,851
19/07/2025,98257,grain,Jowar Red,જુવાર લાલ,50,760,881
19/07/2025,98258,grain,Bajri,બાજરી,440,325,425
19/07/2025,98259,grain,Tuver,તુવેર,450,1091,1300
19/07/2025,98260,grain,Gram Yellow,ચણા પીળા,440,950,1200
19/07/2025,98261,grain,Gram White,ચણા સફેદ,700,1160,2128
19/07/2025,98262,grain,Urad,અડદ,200,1160,1428
19/07/2025,98263,grain,Mung,મગ,1200,1331,1641
19/07/2025,98264,grain,Val Deshi,વાલ દેશી,80,970,1176
19/07/2025,98265,grain,Choli,ચોળી,250,1220,1711
19/07/2025,98266,grain,Math,મઠ,30,1200,2200
19/07/2025,98267,grain,Peas,વટાણા,60,901,2100
19/07/2025,98268,grain,Kulthi,કળથી,54,702,801
19/07/2025,98269,grain,Rajma,રાજમા,32,1011,1375
19/07/2025,98270,grain,Groundnut Seed,સીંગદાણા,80,1380,1550
19/07/2025,98271,grain,Groundnut Big,મગફળી જાડી,260,955,1214
19/07/2025,98272,grain,Groundnut Small,મગફળી જીણી,180,925,1166
19/07/2025,98273,grain,Seasmum,તલી ,0,1335,1975
19/07/2025,98274,grain,Sunflower,સુરજમુખી,13,1107,1107
19/07/2025,98275,grain,Castor seed,એરંડા,125,1180,1292
19/07/2025,98276,grain,Thymol,અજમો,10,1100,1450
19/07/2025,98277,grain,Dil Seed,સુવા,8,940,1250
19/07/2025,98278,grain,Soyabin,સોયાબીન,150,800,829
19/07/2025,98279,grain,Groundnut-Fada,સીંગફાડા,800,1010,1380
19/07/2025,98280,grain,Sesmum-Black,કાળા તલ ,1080,2910,3865
19/07/2025,98281,grain,Garlic,લસણ,140,630,1305
19/07/2025,98282,grain,Corriander,ધાણા,320,1310,1460
19/07/2025,98283,grain,Dhani,ધાણી,160,1340,1500
19/07/2025,98284,grain,Variyali,વરીયાળી,60,1000,1560
19/07/2025,98285,grain,Cummin,જીરૂ,160,3450,3707
19/07/2025,98286,grain,Mustard,રાય,60,1250,1480
19/07/2025,98287,grain,Fenugreek,મેથી,400,830,1270
19/07/2025,98288,grain,Isabgul,ઇસબગુલ,5,800,1480
19/07/2025,98289,grain,kalonji,કલોંજી,30,3651,3826
19/07/2025,98290,grain,Mustard seed,રાયડો,300,1140,1295
19/07/2025,98291,grain,Rajkoo Bee,રજકાનું બી ,45,4600,5500
19/07/2025,98292,grain,Guvar Bee,ગુવારનું બી,50,940,990
21/07/2025,98323,grain,Cotton B.T.,કપાસ બી.ટી.,1000,1320,1679
21/07/2025,98324,grain,Wheat Lokvan,ઘઉં લોકવન,100,498,525
21/07/2025,98325,grain,Wheat Tukda,ઘઉં ટુકડા,900,503,540
21/07/2025,98326,grain,Jowar White,જુવાર સફેદ,250,640,900
21/07/2025,98327,grain,Bajri,બાજરી,170,305,420
21/07/2025,98328,grain,Maize,મકાઇ,50,200,400
21/07/2025,98329,grain,Tuver,તુવેર,300,1000,1324
21/07/2025,98330,grain,Gram Yellow,ચણા પીળા,400,900,1196
21/07/2025,98331,grain,Gram White,ચણા સફેદ,680,1150,2100
21/07/2025,98332,grain,Urad,અડદ,150,1090,1444
21/07/2025,98333,grain,Mung,મગ,1010,1305,1625
21/07/2025,98334,grain,Val Deshi,વાલ દેશી,105,960,1149
21/07/2025,98335,grain,Choli,ચોળી,150,1150,1700
21/07/2025,98336,grain,Math,મઠ,20,1200,2100
21/07/2025,98337,grain,Peas,વટાણા,8,921,2099
21/07/2025,98338,grain,Kulthi,કળથી,45,775,825
21/07/2025,98339,grain,Rajma,રાજમા,12,1000,1400
21/07/2025,98340,grain,Groundnut Seed,સીંગદાણા,50,1350,1525
21/07/2025,98341,grain,Groundnut Big,મગફળી જાડી,240,941,1205
21/07/2025,98342,grain,Groundnut Small,મગફળી જીણી,120,930,1175
21/07/2025,98343,grain,Seasmum,તલી ,0,1100,1876
21/07/2025,98344,grain,Castor seed,એરંડા,120,1260,1299
21/07/2025,98345,grain,Thymol,અજમો,14,875,1534
21/07/2025,98346,grain,Dil Seed,સુવા,3,1050,1050
21/07/2025,98347,grain,Soyabin,સોયાબીન,120,800,829
21/07/2025,98348,grain,Groundnut-Fada,સીંગફાડા,900,1000,1365
21/07/2025,98349,grain,Sesmum-Black,કાળા તલ ,1000,2850,3866
21/07/2025,98350,grain,Garlic,લસણ,100,590,1080
21/07/2025,98351,grain,Corriander,ધાણા,220,1100,1444
21/07/2025,98352,grain,Dhani,ધાણી,100,1315,1568
21/07/2025,98353,grain,Variyali,વરીયાળી,110,1000,1554
21/07/2025,98354,grain,Cummin,જીરૂ,138,3460,3730
21/07/2025,98355,grain,Mustard,રાય,60,1220,1480
21/07/2025,98356,grain,Fenugreek,મેથી,340,850,1270
21/07/2025,98357,grain,kalonji,કલોંજી,20,2800,4000
21/07/2025,98358,grain,Mustard seed,રાયડો,260,1190,1290
21/07/2025,98359,grain,Rajkoo Bee,રજકાનું બી ,30,4501,5500
21/07/2025,98360,grain,Guvar Bee,ગુવારનું બી,50,900,1000
22/07/2025,98392,grain,Cotton B.T.,કપાસ બી.ટી.,800,1300,1679
22/07/2025,98393,grain,Wheat Lokvan,ઘઉં લોકવન,100,497,527
22/07/2025,98394,grain,Wheat Tukda,ઘઉં ટુકડા,1500,500,581
22/07/2025,98395,grain,Jowar White,જુવાર સફેદ,120,700,895
22/07/2025,98396,grain,Jowar Red,જુવાર લાલ,10,700,850
22/07/2025,98397,grain,Jowar Yellow,જુવાર પીળી ,80,350,435
22/07/2025,98398,grain,Bajri,બાજરી,110,310,408
22/07/2025,98399,grain,Tuver,તુવેર,400,950,1317
22/07/2025,98400,grain,Gram Yellow,ચણા પીળા,500,1000,1236
22/07/2025,98401,grain,Gram White,ચણા સફેદ,1100,1250,2121
22/07/2025,98402,grain,Urad,અડદ,112,1100,1433
22/07/2025,98403,grain,Mung,મગ,950,1310,1621
22/07/2025,98404,grain,Val Deshi,વાલ દેશી,100,930,1200
22/07/2025,98405,grain,Choli,ચોળી,130,900,1760
22/07/2025,98406,grain,Math,મઠ,25,1250,2150
22/07/2025,98407,grain,Peas,વટાણા,35,931,2050
22/07/2025,98408,grain,Kulthi,કળથી,45,650,825
22/07/2025,98409,grain,Rajma,રાજમા,70,950,1515
22/07/2025,98410,grain,Groundnut Seed,સીંગદાણા,50,1400,1520
22/07/2025,98411,grain,Groundnut Big,મગફળી જાડી,300,930,1180
22/07/2025,98412,grain,Groundnut Small,મગફળી જીણી,160,915,1160
22/07/2025,98413,grain,Seasmum,તલી ,0,1450,1906
22/07/2025,98414,grain,Sunflower,સુરજમુખી,9,1325,1325
22/07/2025,98415,grain,Castor seed,એરંડા,80,1182,1295
22/07/2025,98416,grain,Thymol,અજમો,14,1100,1500
22/07/2025,98417,grain,Dil Seed,સુવા,6,800,1300
22/07/2025,98418,grain,Soyabin,સોયાબીન,60,800,824
22/07/2025,98419,grain,Groundnut-Fada,સીંગફાડા,1000,950,1360
22/07/2025,98420,grain,Sesmum-Black,કાળા તલ ,540,2860,3943
22/07/2025,98421,grain,Garlic,લસણ,220,560,1000
22/07/2025,98422,grain,Corriander,ધાણા,250,1171,1440
22/07/2025,98423,grain,Dhani,ધાણી,350,1280,1464
22/07/2025,98424,grain,Variyali,વરીયાળી,65,1025,1375
22/07/2025,98425,grain,Cummin,જીરૂ,120,3440,3700
22/07/2025,98426,grain,Mustard,રાય,40,1220,1490
22/07/2025,98427,grain,Fenugreek,મેથી,500,860,1300
22/07/2025,98428,grain,Isabgul,ઇસબગુલ,3,1150,1500
22/07/2025,98429,grain,Asario,અશેરીયો,55,950,1160
22/07/2025,98430,grain,kalonji,કલોંજી,10,2750,4100
22/07/2025,98431,grain,Mustard seed,રાયડો,300,1130,1280
22/07/2025,98432,grain,Rajkoo Bee,રજકાનું બી ,30,4800,5900
23/07/2025,98464,grain,Cotton B.T.,કપાસ બી.ટી.,520,1180,1700
23/07/2025,98465,grain,Wheat Lokvan,ઘઉં લોકવન,800,499,530
23/07/2025,98466,grain,Wheat Tukda,ઘઉં ટુકડા,2600,505,575
23/07/2025,98467,grain,Jowar White,જુવાર સફેદ,440,675,854
23/07/2025,98468,grain,Jowar Red,જુવાર લાલ,20,670,930
23/07/2025,98469,grain,Bajri,બાજરી,248,305,404
23/07/2025,98470,grain,Tuver,તુવેર,470,1010,1331
23/07/2025,98471,grain,Gram Yellow,ચણા પીળા,800,1000,1229
23/07/2025,98472,grain,Gram White,ચણા સફેદ,900,1200,2035
23/07/2025,98473,grain,Urad,અડદ,250,1060,1451
23/07/2025,98474,grain,Mung,મગ,1200,1311,1645
23/07/2025,98475,grain,Val Deshi,વાલ દેશી,146,1007,1241
23/07/2025,98476,grain,Choli,ચોળી,240,950,1605
23/07/2025,98477,grain,Math,મઠ,10,1250,2100
23/07/2025,98478,grain,Peas,વટાણા,30,925,2156
23/07/2025,98479,grain,Kulthi,કળથી,36,630,826
23/07/2025,98480,grain,Rajma,રાજમા,22,925,1240
23/07/2025,98481,grain,Groundnut Seed,સીંગદાણા,55,1300,1480
23/07/2025,98482,grain,Groundnut Big,મગફળી જાડી,420,941,1200
23/07/2025,98483,grain,Groundnut Small,મગફળી જીણી,180,931,1170
23/07/2025,98484,grain,Seasmum,તલી ,7600,1250,1946
23/07/2025,98485,grain,Castor seed,એરંડા,70,1250,1298
23/07/2025,98486,grain,Thymol,અજમો,36,1000,1760
23/07/2025,98487,grain,Dil Seed,સુવા,20,900,1300
23/07/2025,98488,grain,Soyabin,સોયાબીન,100,800,832
23/07/2025,98489,grain,Groundnut-Fada,સીંગફાડા,900,1000,1350
23/07/2025,98490,grain,Sesmum-Black,કાળા તલ ,868,2910,3950
23/07/2025,98491,grain,Garlic,લસણ,260,500,1050
23/07/2025,98492,grain,Corriander,ધાણા,540,1170,1440
23/07/2025,98493,grain,Dhani,ધાણી,300,1200,1477
23/07/2025,98494,grain,Variyali,વરીયાળી,70,1090,1400
23/07/2025,98495,grain,Cummin,જીરૂ,160,3405,3710
23/07/2025,98496,grain,Mustard,રાય,60,1250,1500
23/07/2025,98497,grain,Fenugreek,મેથી,540,810,1260
23/07/2025,98498,grain,kalonji,કલોંજી,76,2850,4130
23/07/2025,98499,grain,Mustard seed,રાયડો,480,1150,1280
23/07/2025,98500,grain,Rajkoo Bee,રજકાનું બી ,60,4500,5940
23/07/2025,98501,grain,Guvar Bee,ગુવારનું બી,20,900,990
24/07/2025,98505,grain,Cotton B.T.,કપાસ બી.ટી.,700,1300,1698
24/07/2025,98506,grain,Wheat Lokvan,ઘઉં લોકવન,700,498,531
24/07/2025,98507,grain,Wheat Tukda,ઘઉં ટુકડા,2500,504,570
24/07/2025,98508,grain,Jowar White,જુવાર સફેદ,250,605,847
24/07/2025,98509,grain,Jowar Red,જુવાર લાલ,34,600,919
24/07/2025,98510,grain,Bajri,બાજરી,210,303,447
24/07/2025,98511,grain,Tuver,તુવેર,670,1060,1330
24/07/2025,98512,grain,Gram Yellow,ચણા પીળા,900,1000,1235
24/07/2025,98513,grain,Gram White,ચણા સફેદ,1100,1250,2110
24/07/2025,98514,grain,Urad,અડદ,210,1053,1464
24/07/2025,98515,grain,Mung,મગ,1200,1321,1651
24/07/2025,98516,grain,Val Deshi,વાલ દેશી,138,980,1130
24/07/2025,98517,grain,Choli,ચોળી,300,1030,1501
24/07/2025,98518,grain,Math,મઠ,50,1100,2100
24/07/2025,98519,grain,Peas,વટાણા,14,1000,2170
24/07/2025,98520,grain,Kulthi,કળથી,20,565,775
24/07/2025,98521,grain,Rajma,રાજમા,24,950,1450
24/07/2025,98522,grain,Groundnut Seed,સીંગદાણા,45,1350,1450
24/07/2025,98523,grain,Groundnut Big,મગફળી જાડી,320,940,1193
24/07/2025,98524,grain,Groundnut Small,મગફળી જીણી,140,930,1171
24/07/2025,98525,grain,Seasmum,તલી ,0,1550,1940
24/07/2025,98526,grain,Castor seed,એરંડા,123,1200,1304
24/07/2025,98527,grain,Dil Seed,સુવા,8,1080,1260
24/07/2025,98528,grain,Soyabin,સોયાબીન,280,800,847
24/07/2025,98529,grain,Groundnut-Fada,સીંગફાડા,800,950,1310
24/07/2025,98530,grain,Sesmum-Black,કાળા તલ ,830,2970,4000
24/07/2025,98531,grain,Garlic,લસણ,300,550,850
24/07/2025,98532,grain,Corriander,ધાણા,360,1250,1480
24/07/2025,98533,grain,Dhani,ધાણી,440,1300,1500
24/07/2025,98534,grain,Variyali,વરીયાળી,20,945,1220
24/07/2025,98535,grain,Cummin,જીરૂ,165,3440,3630
24/07/2025,98536,grain,Mustard,રાય,80,1220,1520
24/07/2025,98537,grain,Fenugreek,મેથી,600,810,1250
24/07/2025,98538,grain,Isabgul,ઇસબગુલ,3,1000,1111
24/07/2025,98539,grain,Asario,અશેરીયો,25,1170,1250
24/07/2025,98540,grain,kalonji,કલોંજી,60,2105,4070
24/07/2025,98541,grain,Mustard seed,રાયડો,300,1150,1260
24/07/2025,98542,grain,Rajkoo Bee,રજકાનું બી ,14,4815,6000
24/07/2025,98543,grain,Guvar Bee,ગુવારનું બી,100,900,988
25/07/2025,98576,grain,Cotton B.T.,કપાસ બી.ટી.,520,1300,1690
25/07/2025,98577,grain,Wheat Lokvan,ઘઉં લોકવન,300,496,535
25/07/2025,98578,grain,Wheat Tukda,ઘઉં ટુકડા,1000,507,575
25/07/2025,98579,grain,Jowar White,જુવાર સફેદ,100,600,850
25/07/2025,98580,grain,Jowar Red,જુવાર લાલ,10,700,940
25/07/2025,98581,grain,Jowar Yellow,જુવાર પીળી ,5,350,450
25/07/2025,98582,grain,Bajri,બાજરી,240,320,462
25/07/2025,98583,grain,Tuver,તુવેર,600,1071,1325
25/07/2025,98584,grain,Gram Yellow,ચણા પીળા,800,1050,1230
25/07/2025,98585,grain,Gram White,ચણા સફેદ,1000,1200,2130
25/07/2025,98586,grain,Urad,અડદ,110,1081,1476
25/07/2025,98587,grain,Mung,મગ,850,1311,1641
25/07/2025,98588,grain,Val Deshi,વાલ દેશી,148,1050,1760
25/07/2025,98589,grain,Choli,ચોળી,250,1200,1650
25/07/2025,98590,grain,Math,મઠ,20,1200,2200
25/07/2025,98591,grain,Peas,વટાણા,30,1011,2100
25/07/2025,98592,grain,Rajma,રાજમા,20,900,1280
25/07/2025,98593,grain,Groundnut Seed,સીંગદાણા,70,1300,1440
25/07/2025,98594,grain,Groundnut Big,મગફળી જાડી,300,930,1200
25/07/2025,98595,grain,Groundnut Small,મગફળી જીણી,120,925,1165
25/07/2025,98596,grain,Seasmum,તલી ,0,1556,1996
25/07/2025,98597,grain,Castor seed,એરંડા,105,1150,1300
25/07/2025,98598,grain,Thymol,અજમો,32,1000,2026
25/07/2025,98599,grain,Dil Seed,સુવા,3,1000,1300
25/07/2025,98600,grain,Soyabin,સોયાબીન,46,800,840
25/07/2025,98601,grain,Groundnut-Fada,સીંગફાડા,800,950,1300
25/07/2025,98602,grain,Sesmum-Black,કાળા તલ ,1044,2940,4025
25/07/2025,98603,grain,Garlic,લસણ,320,526,885
25/07/2025,98604,grain,Corriander,ધાણા,400,1252,1468
25/07/2025,98605,grain,Dhani,ધાણી,200,1310,1551
25/07/2025,98606,grain,Variyali,વરીયાળી,40,1053,1402
25/07/2025,98607,grain,Cummin,જીરૂ,112,3425,3612
25/07/2025,98608,grain,Mustard,રાય,40,1270,1550
25/07/2025,98609,grain,Fenugreek,મેથી,400,820,1280
25/07/2025,98610,grain,Isabgul,ઇસબગુલ,5,1205,1600
25/07/2025,98611,grain,kalonji,કલોંજી,4,3920,4120
25/07/2025,98612,grain,Mustard seed,રાયડો,240,1150,1260
25/07/2025,98613,grain,Rajkoo Bee,રજકાનું બી ,50,5220,6301
25/07/2025,98614,grain,Guvar Bee,ગુવારનું બી,50,880,980
26/07/2025,98648,grain,Cotton B.T.,કપાસ બી.ટી.,500,1350,1693
26/07/2025,98649,grain,Wheat Lokvan,ઘઉં લોકવન,200,497,530
26/07/2025,98650,grain,Wheat Tukda,ઘઉં ટુકડા,1000,505,570
26/07/2025,98651,grain,Jowar White,જુવાર સફેદ,300,650,811
26/07/2025,98652,grain,Jowar Red,જુવાર લાલ,18,650,850
26/07/2025,98653,grain,Jowar Yellow,જુવાર પીળી ,50,380,492
26/07/2025,98654,grain,Bajri,બાજરી,450,36,390
26/07/2025,98655,grain,Tuver,તુવેર,270,1076,1315
26/07/2025,98656,grain,Gram Yellow,ચણા પીળા,600,950,1240
26/07/2025,98657,grain,Gram White,ચણા સફેદ,900,1200,2100
26/07/2025,98658,grain,Urad,અડદ,150,1091,1484
26/07/2025,98659,grain,Mung,મગ,900,1301,1611
26/07/2025,98660,grain,Val Deshi,વાલ દેશી,176,1030,1240
26/07/2025,98661,grain,Choli,ચોળી,100,1000,1600
26/07/2025,98662,grain,Math,મઠ,25,1100,2100
26/07/2025,98663,grain,Peas,વટાણા,15,1000,2011
26/07/2025,98664,grain,Kulthi,કળથી,37,540,751
26/07/2025,98665,grain,Rajma,રાજમા,40,911,1460
26/07/2025,98666,grain,Groundnut Seed,સીંગદાણા,20,1300,1450
26/07/2025,98667,grain,Groundnut Big,મગફળી જાડી,300,925,1175
26/07/2025,98668,grain,Groundnut Small,મગફળી જીણી,120,915,1150
26/07/2025,98669,grain,Seasmum,તલી ,5000,1440,1918
26/07/2025,98670,grain,Castor seed,એરંડા,120,1200,1300
26/07/2025,98671,grain,Thymol,અજમો,16,940,1900
26/07/2025,98672,grain,Dil Seed,સુવા,5,700,1315
26/07/2025,98673,grain,Soyabin,સોયાબીન,60,800,847
26/07/2025,98674,grain,Groundnut-Fada,સીંગફાડા,640,950,1310
26/07/2025,98675,grain,Sesmum-Black,કાળા તલ ,1100,2925,3979
26/07/2025,98676,grain,Garlic,લસણ,340,526,954
26/07/2025,98677,grain,Corriander,ધાણા,360,1200,1462
26/07/2025,98678,grain,Dhani,ધાણી,60,1325,1463
26/07/2025,98679,grain,Variyali,વરીયાળી,15,975,1400
26/07/2025,98680,grain,Cummin,જીરૂ,200,3400,3600
26/07/2025,98681,grain,Mustard,રાય,40,1300,1550
26/07/2025,98682,grain,Fenugreek,મેથી,300,840,1260
26/07/2025,98683,grain,Isabgul,ઇસબગુલ,5,500,1300
26/07/2025,98684,grain,kalonji,કલોંજી,36,2540,4090
26/07/2025,98685,grain,Mustard seed,રાયડો,120,1140,1270
26/07/2025,98686,grain,Rajkoo Bee,રજકાનું બી ,80,4800,5755
26/07/2025,98687,grain,Guvar Bee,ગુવારનું બી,30,870,920
28/07/2025,98721,grain,Cotton B.T.,કપાસ બી.ટી.,840,1300,1690
28/07/2025,98722,grain,Wheat Lokvan,ઘઉં લોકવન,120,526,548
28/07/2025,98723,grain,Wheat Tukda,ઘઉં ટુકડા,1600,520,567
28/07/2025,98724,grain,Jowar White,જુવાર સફેદ,440,600,793
28/07/2025,98725,grain,Jowar Red,જુવાર લાલ,4,700,830
28/07/2025,98726,grain,Jowar Yellow,જુવાર પીળી ,2,350,480
28/07/2025,98727,grain,Bajri,બાજરી,290,315,415
28/07/2025,98728,grain,Tuver,તુવેર,358,1085,1329
28/07/2025,98729,grain,Gram Yellow,ચણા પીળા,800,900,1230
28/07/2025,98730,grain,Gram White,ચણા સફેદ,1000,1250,2259
28/07/2025,98731,grain,Urad,અડદ,290,1100,1488
28/07/2025,98732,grain,Mung,મગ,900,1310,1610
28/07/2025,98733,grain,Val Deshi,વાલ દેશી,114,987,1799
28/07/2025,98734,grain,Choli,ચોળી,100,1000,1600
28/07/2025,98735,grain,Math,મઠ,25,1000,2100
28/07/2025,98736,grain,Peas,વટાણા,44,1011,2011
28/07/2025,98737,grain,Kulthi,કળથી,30,650,790
28/07/2025,98738,grain,Rajma,રાજમા,50,900,1421
28/07/2025,98739,grain,Groundnut Seed,સીંગદાણા,30,1335,1430
28/07/2025,98740,grain,Groundnut Big,મગફળી જાડી,320,931,1180
28/07/2025,98741,grain,Groundnut Small,મગફળી જીણી,140,925,1160
28/07/2025,98742,grain,Seasmum,તલી ,0,1540,1999
28/07/2025,98743,grain,Castor seed,એરંડા,112,1220,1295
28/07/2025,98744,grain,Thymol,અજમો,14,1015,1560
28/07/2025,98745,grain,Dil Seed,સુવા,10,820,1200
28/07/2025,98746,grain,Soyabin,સોયાબીન,160,800,847
28/07/2025,98747,grain,Groundnut-Fada,સીંગફાડા,480,950,1310
28/07/2025,98748,grain,Sesmum-Black,કાળા તલ ,844,2910,3945
28/07/2025,98749,grain,Garlic,લસણ,200,500,1000
28/07/2025,98750,grain,Corriander,ધાણા,260,1220,1446
28/07/2025,98751,grain,Dhani,ધાણી,80,1335,1465
28/07/2025,98752,grain,Variyali,વરીયાળી,30,1000,1150
28/07/2025,98753,grain,Cummin,જીરૂ,160,3344,3644
28/07/2025,98754,grain,Mustard,રાય,160,1250,1550
28/07/2025,98755,grain,Fenugreek,મેથી,500,840,1260
28/07/2025,98756,grain,Isabgul,ઇસબગુલ,1,851,851
28/07/2025,98757,grain,Mustard seed,રાયડો,360,1150,1270
28/07/2025,98758,grain,Rajkoo Bee,રજકાનું બી ,80,4600,6080
28/07/2025,98759,grain,Guvar Bee,ગુવારનું બી,25,930,970
29/07/2025,98793,grain,Cotton B.T.,કપાસ બી.ટી.,520,1330,1695
29/07/2025,98794,grain,Wheat Lokvan,ઘઉં લોકવન,100,518,553
29/07/2025,98795,grain,Wheat Tukda,ઘઉં ટુકડા,1400,521,576
29/07/2025,98796,grain,Jowar White,જુવાર સફેદ,100,550,740
29/07/2025,98797,grain,Jowar Yellow,જુવાર પીળી ,14,300,480
29/07/2025,98798,grain,Bajri,બાજરી,70,321,435
29/07/2025,98799,grain,Tuver,તુવેર,240,1000,1315
29/07/2025,98800,grain,Gram Yellow,ચણા પીળા,880,1000,1212
29/07/2025,98801,grain,Gram White,ચણા સફેદ,1160,1210,2100
29/07/2025,98802,grain,Urad,અડદ,130,1151,1520
29/07/2025,98803,grain,Mung,મગ,800,1321,1620
29/07/2025,98804,grain,Val Deshi,વાલ દેશી,111,760,1200
29/07/2025,98805,grain,Choli,ચોળી,80,900,1540
29/07/2025,98806,grain,Peas,વટાણા,32,1025,2235
29/07/2025,98807,grain,Rajma,રાજમા,26,911,1460
29/07/2025,98808,grain,Groundnut Seed,સીંગદાણા,30,1350,1425
29/07/2025,98809,grain,Groundnut Big,મગફળી જાડી,280,940,1171
29/07/2025,98810,grain,Groundnut Small,મગફળી જીણી,140,915,1165
29/07/2025,98811,grain,Seasmum,તલી ,5200,1538,2050
29/07/2025,98812,grain,Castor seed,એરંડા,35,1200,1285
29/07/2025,98813,grain,Thymol,અજમો,6,880,1205
29/07/2025,98814,grain,Dil Seed,સુવા,2,1215,1215
29/07/2025,98815,grain,Soyabin,સોયાબીન,120,800,858
29/07/2025,98816,grain,Groundnut-Fada,સીંગફાડા,960,950,1315
29/07/2025,98817,grain,Sesmum-Black,કાળા તલ ,602,2900,3920
29/07/2025,98818,grain,Garlic,લસણ,480,450,935
29/07/2025,98819,grain,Corriander,ધાણા,300,1216,1441
29/07/2025,98820,grain,Dhani,ધાણી,350,1326,1452
29/07/2025,98821,grain,Variyali,વરીયાળી,14,1000,1300
29/07/2025,98822,grain,Cummin,જીરૂ,163,3365,3635
29/07/2025,98823,grain,Mustard,રાય,140,1240,1540
29/07/2025,98824,grain,Fenugreek,મેથી,400,850,1250
29/07/2025,98825,grain,Isabgul,ઇસબગુલ,3,1550,1550
29/07/2025,98826,grain,Asario,અશેરીયો,22,900,1142
29/07/2025,98827,grain,kalonji,કલોંજી,10,2500,4300
29/07/2025,98828,grain,Mustard seed,રાયડો,240,1130,1250
29/07/2025,98829,grain,Rajkoo Bee,રજકાનું બી ,40,4950,5950
29/07/2025,98830,grain,Guvar Bee,ગુવારનું બી,80,920,972
30/07/2025,98864,grain,Cotton B.T.,કપાસ બી.ટી.,600,1350,1676
30/07/2025,98865,grain,Wheat Lokvan,ઘઉં લોકવન,140,515,545
30/07/2025,98866,grain,Wheat Tukda,ઘઉં ટુકડા,2400,523,558
30/07/2025,98867,grain,Jowar White,જુવાર સફેદ,160,600,754
30/07/2025,98868,grain,Jowar Yellow,જુવાર પીળી ,5,450,550
30/07/2025,98869,grain,Bajri,બાજરી,120,323,520
30/07/2025,98870,grain,Tuver,તુવેર,220,1015,1301
30/07/2025,98871,grain,Gram Yellow,ચણા પીળા,700,950,1220
30/07/2025,98872,grain,Gram White,ચણા સફેદ,1160,1150,2052
30/07/2025,98873,grain,Urad,અડદ,120,1230,1520
30/07/2025,98874,grain,Mung,મગ,700,1315,1621
30/07/2025,98875,grain,Val Deshi,વાલ દેશી,153,1000,1802
30/07/2025,98876,grain,Choli,ચોળી,120,900,1475
30/07/2025,98877,grain,Peas,વટાણા,60,1051,1880
30/07/2025,98878,grain,Rajma,રાજમા,50,1000,1700
30/07/2025,98879,grain,Groundnut Seed,સીંગદાણા,35,1350,1400
30/07/2025,98880,grain,Groundnut Big,મગફળી જાડી,420,921,1170
30/07/2025,98881,grain,Groundnut Small,મગફળી જીણી,180,900,1150
30/07/2025,98882,grain,Seasmum,તલી ,0,1570,2074
30/07/2025,98883,grain,Sunflower,સુરજમુખી,10,1256,1256
30/07/2025,98884,grain,Castor seed,એરંડા,25,1200,1285
30/07/2025,98885,grain,Thymol,અજમો,14,870,1115
30/07/2025,98886,grain,Dil Seed,સુવા,3,1040,1136
30/07/2025,98887,grain,Soyabin,સોયાબીન,160,800,856
30/07/2025,98888,grain,Groundnut-Fada,સીંગફાડા,1120,1000,1285
30/07/2025,98889,grain,Sesmum-Black,કાળા તલ ,764,2910,3948
30/07/2025,98890,grain,Garlic,લસણ,250,425,870
30/07/2025,98891,grain,Corriander,ધાણા,190,1331,1460
30/07/2025,98892,grain,Dhani,ધાણી,400,1225,1442
30/07/2025,98893,grain,Variyali,વરીયાળી,50,800,1030
30/07/2025,98894,grain,Cummin,જીરૂ,260,3350,3590
30/07/2025,98895,grain,Mustard,રાય,40,1200,1550
30/07/2025,98896,grain,Fenugreek,મેથી,400,840,1240
30/07/2025,98897,grain,Isabgul,ઇસબગુલ,4,1510,1510
30/07/2025,98898,grain,kalonji,કલોંજી,24,1500,4091
30/07/2025,98899,grain,Mustard seed,રાયડો,120,1150,1270
30/07/2025,98900,grain,Rajkoo Bee,રજકાનું બી ,65,4800,5850
31/07/2025,98934,grain,Cotton B.T.,કપાસ બી.ટી.,700,1230,1685
31/07/2025,98935,grain,Wheat Lokvan,ઘઉં લોકવન,200,499,531
31/07/2025,98936,grain,Wheat Tukda,ઘઉં ટુકડા,1600,512,560
31/07/2025,98937,grain,Jowar White,જુવાર સફેદ,50,600,765
31/07/2025,98938,grain,Jowar Red,જુવાર લાલ,4,500,670
31/07/2025,98939,grain,Jowar Yellow,જુવાર પીળી ,10,300,440
31/07/2025,98940,grain,Bajri,બાજરી,112,315,463
31/07/2025,98941,grain,Tuver,તુવેર,360,1000,1354
31/07/2025,98942,grain,Gram Yellow,ચણા પીળા,840,900,1200
31/07/2025,98943,grain,Gram White,ચણા સફેદ,1100,1200,2222
31/07/2025,98944,grain,Urad,અડદ,50,1220,1490
31/07/2025,98945,grain,Mung,મગ,800,1301,1611
31/07/2025,98946,grain,Val Deshi,વાલ દેશી,54,805,1240
31/07/2025,98947,grain,Choli,ચોળી,70,900,1475
31/07/2025,98948,grain,Math,મઠ,15,1000,2000
31/07/2025,98949,grain,Peas,વટાણા,42,1075,2530
31/07/2025,98950,grain,Kulthi,કળથી,35,540,750
31/07/2025,98951,grain,Rajma,રાજમા,5,950,1270
31/07/2025,98952,grain,Groundnut Seed,સીંગદાણા,40,1300,1410
31/07/2025,98953,grain,Groundnut Big,મગફળી જાડી,240,920,1178
31/07/2025,98954,grain,Groundnut Small,મગફળી જીણી,120,910,1160
31/07/2025,98955,grain,Seasmum,તલી ,8000,1478,2006
31/07/2025,98956,grain,Sunflower,સુરજમુખી,15,1325,1325
31/07/2025,98957,grain,Castor seed,એરંડા,16,1130,1283
31/07/2025,98958,grain,Thymol,અજમો,24,950,1700
31/07/2025,98959,grain,Dil Seed,સુવા,15,1010,1530
31/07/2025,98960,grain,Soyabin,સોયાબીન,110,800,890
31/07/2025,98961,grain,Groundnut-Fada,સીંગફાડા,1280,950,1300
31/07/2025,98962,grain,Sesmum-Black,કાળા તલ ,964,2915,3964
31/07/2025,98963,grain,Garlic,લસણ,600,450,880
31/07/2025,98964,grain,Corriander,ધાણા,360,1230,1445
31/07/2025,98965,grain,Dhani,ધાણી,450,1321,1467
31/07/2025,98966,grain,Variyali,વરીયાળી,20,1000,1325
31/07/2025,98967,grain,Cummin,જીરૂ,255,3364,3585
31/07/2025,98968,grain,Mustard,રાય,160,1200,1520
31/07/2025,98969,grain,Fenugreek,મેથી,500,810,1240
31/07/2025,98970,grain,Isabgul,ઇસબગુલ,37,1001,1825
31/07/2025,98971,grain,kalonji,કલોંજી,18,2800,4050
31/07/2025,98972,grain,Mustard seed,રાયડો,120,1150,1275
31/07/2025,98973,grain,Rajkoo Bee,રજકાનું બી ,50,4700,6050
31/07/2025,98974,grain,Guvar Bee,ગુવારનું બી,25,875,875
01/08/2025,99008,grain,Cotton B.T.,કપાસ બી.ટી.,710,1251,1621
01/08/2025,99009,grain,Wheat Lokvan,ઘઉં લોકવન,210,495,532
01/08/2025,99010,grain,Wheat Tukda,ઘઉં ટુકડા,1400,510,580
01/08/2025,99011,grain,Jowar White,જુવાર સફેદ,50,600,742
01/08/2025,99012,grain,Jowar Yellow,જુવાર પીળી ,2,413,435
01/08/2025,99013,grain,Bajri,બાજરી,50,350,490
01/08/2025,99014,grain,Tuver,તુવેર,246,1010,1325
01/08/2025,99015,grain,Gram Yellow,ચણા પીળા,900,950,1210
01/08/2025,99016,grain,Gram White,ચણા સફેદ,1100,1225,2218
01/08/2025,99017,grain,Urad,અડદ,120,1200,1496
01/08/2025,99018,grain,Mung,મગ,500,1250,1640
01/08/2025,99019,grain,Val Deshi,વાલ દેશી,90,600,1160
01/08/2025,99020,grain,Choli,ચોળી,120,1000,1435
01/08/2025,99021,grain,Math,મઠ,5,1000,2000
01/08/2025,99022,grain,Peas,વટાણા,117,1851,2700
01/08/2025,99023,grain,Kulthi,કળથી,45,540,775
01/08/2025,99024,grain,Rajma,રાજમા,50,500,960
01/08/2025,99025,grain,Groundnut Seed,સીંગદાણા,50,1350,1424
01/08/2025,99026,grain,Groundnut Big,મગફળી જાડી,200,910,1175
01/08/2025,99027,grain,Groundnut Small,મગફળી જીણી,110,915,1150
01/08/2025,99028,grain,Seasmum,તલી ,0,1400,2080
01/08/2025,99029,grain,Castor seed,એરંડા,36,1150,1294
01/08/2025,99030,grain,Thymol,અજમો,6,1100,1292
01/08/2025,99031,grain,Dil Seed,સુવા,6,1100,1255
01/08/2025,99032,grain,Soyabin,સોયાબીન,114,810,898
01/08/2025,99033,grain,Groundnut-Fada,સીંગફાડા,800,1000,1320
01/08/2025,99034,grain,Sesmum-Black,કાળા તલ ,880,2950,4051
01/08/2025,99035,grain,Garlic,લસણ,180,415,809
01/08/2025,99036,grain,Corriander,ધાણા,200,1180,1448
01/08/2025,99037,grain,Dhani,ધાણી,160,1210,1511
01/08/2025,99038,grain,Variyali,વરીયાળી,25,1000,1425
01/08/2025,99039,grain,Cummin,જીરૂ,360,3300,3604
01/08/2025,99040,grain,Mustard,રાય,80,1280,1525
01/08/2025,99041,grain,Fenugreek,મેથી,500,840,1350
01/08/2025,99042,grain,Isabgul,ઇસબગુલ,8,800,1250
01/08/2025,99043,grain,kalonji,કલોંજી,24,2000,4150
01/08/2025,99044,grain,Mustard seed,રાયડો,160,1150,1280
01/08/2025,99045,grain,Rajkoo Bee,રજકાનું બી ,20,4400,5800
01/08/2025,99046,grain,Guvar Bee,ગુવારનું બી,40,940,990
02/08/2025,99080,grain,Cotton B.T.,કપાસ બી.ટી.,300,1351,1690
02/08/2025,99081,grain,Wheat Lokvan,ઘઉં લોકવન,100,519,543
02/08/2025,99082,grain,Wheat Tukda,ઘઉં ટુકડા,1120,510,563
02/08/2025,99083,grain,Jowar White,જુવાર સફેદ,150,600,760
02/08/2025,99084,grain,Jowar Red,જુવાર લાલ,12,500,840
02/08/2025,99085,grain,Jowar Yellow,જુવાર પીળી ,10,300,455
02/08/2025,99086,grain,Bajri,બાજરી,70,321,493
02/08/2025,99087,grain,Tuver,તુવેર,600,1000,1300
02/08/2025,99088,grain,Gram Yellow,ચણા પીળા,600,950,1205
02/08/2025,99089,grain,Gram White,ચણા સફેદ,900,1250,2110
02/08/2025,99090,grain,Urad,અડદ,125,800,1541
02/08/2025,99091,grain,Mung,મગ,490,1248,1650
02/08/2025,99092,grain,Val Deshi,વાલ દેશી,30,780,1110
02/08/2025,99093,grain,Choli,ચોળી,88,950,1312
02/08/2025,99094,grain,Peas,વટાણા,130,1841,2640
02/08/2025,99095,grain,Kulthi,કળથી,23,650,775
02/08/2025,99096,grain,Rajma,રાજમા,48,400,1418
02/08/2025,99097,grain,Groundnut Seed,સીંગદાણા,50,1300,1400
02/08/2025,99098,grain,Groundnut Big,મગફળી જાડી,200,910,1142
02/08/2025,99099,grain,Groundnut Small,મગફળી જીણી,140,920,1168
02/08/2025,99100,grain,Seasmum,તલી ,8200,1400,2050
02/08/2025,99101,grain,Castor seed,એરંડા,140,1100,1279
02/08/2025,99102,grain,Thymol,અજમો,2,1030,2000
02/08/2025,99103,grain,Dil Seed,સુવા,12,830,1330
02/08/2025,99104,grain,Soyabin,સોયાબીન,160,760,884
02/08/2025,99105,grain,Groundnut-Fada,સીંગફાડા,800,1000,1335
02/08/2025,99106,grain,Sesmum-Black,કાળા તલ ,900,2750,4000
02/08/2025,99107,grain,Garlic,લસણ,270,400,780
02/08/2025,99108,grain,Corriander,ધાણા,250,1250,1435
02/08/2025,99109,grain,Dhani,ધાણી,320,1311,1458
02/08/2025,99110,grain,Variyali,વરીયાળી,16,500,1172
02/08/2025,99111,grain,Cummin,જીરૂ,360,3350,3615
02/08/2025,99112,grain,Mustard,રાય,70,1240,1540
02/08/2025,99113,grain,Fenugreek,મેથી,400,830,1250
02/08/2025,99114,grain,Isabgul,ઇસબગુલ,3,1000,1000
02/08/2025,99115,grain,kalonji,કલોંજી,14,2800,4075
02/08/2025,99116,grain,Mustard seed,રાયડો,120,1150,1270
02/08/2025,99117,grain,Rajkoo Bee,રજકાનું બી ,85,4850,6455
02/08/2025,99118,grain,Guvar Bee,ગુવારનું બી,40,900,955
04/08/2025,99152,grain,Cotton B.T.,કપાસ બી.ટી.,550,1375,1675
04/08/2025,99153,grain,Wheat Lokvan,ઘઉં લોકવન,140,525,542
04/08/2025,99154,grain,Wheat Tukda,ઘઉં ટુકડા,1200,527,592
04/08/2025,99155,grain,Jowar White,જુવાર સફેદ,50,680,790
04/08/2025,99156,grain,Jowar Red,જુવાર લાલ,4,650,750
04/08/2025,99157,grain,Jowar Yellow,જુવાર પીળી ,2,350,450
04/08/2025,99158,grain,Bajri,બાજરી,74,325,500
04/08/2025,99159,grain,Tuver,તુવેર,300,980,1330
04/08/2025,99160,grain,Gram Yellow,ચણા પીળા,700,950,1211
04/08/2025,99161,grain,Gram White,ચણા સફેદ,1100,1280,2111
04/08/2025,99162,grain,Urad,અડદ,300,1120,1507
04/08/2025,99163,grain,Mung,મગ,840,1282,1633
04/08/2025,99164,grain,Val Deshi,વાલ દેશી,60,775,1110
04/08/2025,99165,grain,Choli,ચોળી,90,900,1155
04/08/2025,99166,grain,Math,મઠ,110,1050,2000
04/08/2025,99167,grain,Peas,વટાણા,64,1440,2592
04/08/2025,99168,grain,Kulthi,કળથી,35,550,750
04/08/2025,99169,grain,Rajma,રાજમા,114,930,1270
04/08/2025,99170,grain,Groundnut Seed,સીંગદાણા,100,1300,1400
04/08/2025,99171,grain,Groundnut Big,મગફળી જાડી,300,915,1150
04/08/2025,99172,grain,Groundnut Small,મગફળી જીણી,160,900,1140
04/08/2025,99173,grain,Seasmum,તલી ,0,1400,2100
04/08/2025,99174,grain,Sunflower,સુરજમુખી,25,495,495
04/08/2025,99175,grain,Castor seed,એરંડા,20,1230,1282
04/08/2025,99176,grain,Thymol,અજમો,26,800,1640
04/08/2025,99177,grain,Dil Seed,સુવા,12,850,1260
04/08/2025,99178,grain,Soyabin,સોયાબીન,126,780,920
04/08/2025,99179,grain,Groundnut-Fada,સીંગફાડા,1160,900,1300
04/08/2025,99180,grain,Sesmum-Black,કાળા તલ ,1060,2801,4081
04/08/2025,99181,grain,Garlic,લસણ,400,425,810
04/08/2025,99182,grain,Corriander,ધાણા,200,1271,1454
04/08/2025,99183,grain,Dhani,ધાણી,225,1321,1471
04/08/2025,99184,grain,Variyali,વરીયાળી,16,500,1172
04/08/2025,99185,grain,Cummin,જીરૂ,300,3300,3632
04/08/2025,99186,grain,Mustard,રાય,120,1350,1550
04/08/2025,99187,grain,Fenugreek,મેથી,400,850,1250
04/08/2025,99188,grain,Isabgul,ઇસબગુલ,8,1051,1600
04/08/2025,99189,grain,kalonji,કલોંજી,42,2350,4115
04/08/2025,99190,grain,Mustard seed,રાયડો,160,1050,1280
04/08/2025,99191,grain,Rajkoo Bee,રજકાનું બી ,46,4900,6225
04/08/2025,99192,grain,Guvar Bee,ગુવારનું બી,40,940,990
05/08/2025,99226,grain,Cotton B.T.,કપાસ બી.ટી.,550,1371,1675
05/08/2025,99227,grain,Wheat Lokvan,ઘઉં લોકવન,130,512,555
05/08/2025,99228,grain,Wheat Tukda,ઘઉં ટુકડા,1260,521,562
05/08/2025,99229,grain,Jowar White,જુવાર સફેદ,40,685,765
05/08/2025,99230,grain,Bajri,બાજરી,50,311,465
05/08/2025,99231,grain,Tuver,તુવેર,400,975,1318
05/08/2025,99232,grain,Gram Yellow,ચણા પીળા,600,950,1190
05/08/2025,99233,grain,Gram White,ચણા સફેદ,1000,1250,2100
05/08/2025,99234,grain,Urad,અડદ,360,1135,1500
05/08/2025,99235,grain,Mung,મગ,600,1300,1611
05/08/2025,99236,grain,Val Deshi,વાલ દેશી,80,800,1130
05/08/2025,99237,grain,Choli,ચોળી,100,930,1427
05/08/2025,99238,grain,Peas,વટાણા,67,1516,2570
05/08/2025,99239,grain,Kulthi,કળથી,72,575,725
05/08/2025,99240,grain,Rajma,રાજમા,36,950,1460
05/08/2025,99241,grain,Groundnut Seed,સીંગદાણા,50,1325,1400
05/08/2025,99242,grain,Groundnut Big,મગફળી જાડી,200,925,1174
05/08/2025,99243,grain,Groundnut Small,મગફળી જીણી,100,915,1166
05/08/2025,99244,grain,Seasmum,તલી ,7000,1450,2100
05/08/2025,99245,grain,Castor seed,એરંડા,120,1220,1288
05/08/2025,99246,grain,Thymol,અજમો,40,940,1840
05/08/2025,99247,grain,Dil Seed,સુવા,2,1300,1300
05/08/2025,99248,grain,Soyabin,સોયાબીન,184,750,913
05/08/2025,99249,grain,Groundnut-Fada,સીંગફાડા,1120,950,1280
05/08/2025,99250,grain,Sesmum-Black,કાળા તલ ,1280,2750,4000
05/08/2025,99251,grain,Garlic,લસણ,300,410,760
05/08/2025,99252,grain,Corriander,ધાણા,225,1260,1450
05/08/2025,99253,grain,Dhani,ધાણી,150,1311,1467
05/08/2025,99254,grain,Variyali,વરીયાળી,50,1025,1330
05/08/2025,99255,grain,Cummin,જીરૂ,600,3350,3658
05/08/2025,99256,grain,Mustard,રાય,120,1270,1550
05/08/2025,99257,grain,Fenugreek,મેથી,500,850,1300
05/08/2025,99258,grain,Isabgul,ઇસબગુલ,6,700,1600
05/08/2025,99259,grain,Mustard seed,રાયડો,120,1150,1280
05/08/2025,99260,grain,Rajkoo Bee,રજકાનું બી ,75,4800,6612
05/08/2025,99261,grain,Guvar Bee,ગુવારનું બી,125,918,1007
06/08/2025,99295,grain,Cotton B.T.,કપાસ બી.ટી.,420,1351,1665
06/08/2025,99296,grain,Wheat Lokvan,ઘઉં લોકવન,160,521,556
06/08/2025,99297,grain,Wheat Tukda,ઘઉં ટુકડા,1440,525,585
06/08/2025,99298,grain,Jowar White,જુવાર સફેદ,175,650,775
06/08/2025,99299,grain,Bajri,બાજરી,70,325,500
06/08/2025,99300,grain,Tuver,તુવેર,360,971,1325
06/08/2025,99301,grain,Gram Yellow,ચણા પીળા,800,980,1211
06/08/2025,99302,grain,Gram White,ચણા સફેદ,1080,1255,2162
06/08/2025,99303,grain,Urad,અડદ,300,1141,1505
06/08/2025,99304,grain,Mung,મગ,560,1290,1683
06/08/2025,99305,grain,Val Deshi,વાલ દેશી,50,700,930
06/08/2025,99306,grain,Choli,ચોળી,90,900,1275
06/08/2025,99307,grain,Math,મઠ,110,1100,1850
06/08/2025,99308,grain,Peas,વટાણા,100,1550,2510
06/08/2025,99309,grain,Kulthi,કળથી,23,550,700
06/08/2025,99310,grain,Rajma,રાજમા,340,1401,2276
06/08/2025,99311,grain,Groundnut Seed,સીંગદાણા,100,1300,1400
06/08/2025,99312,grain,Groundnut Big,મગફળી જાડી,180,920,1140
06/08/2025,99313,grain,Groundnut Small,મગફળી જીણી,80,910,1120
06/08/2025,99314,grain,Seasmum,તલી ,0,1400,2022
06/08/2025,99315,grain,Sunflower,સુરજમુખી,5,1151,1151
06/08/2025,99316,grain,Castor seed,એરંડા,30,1150,1285
06/08/2025,99317,grain,Thymol,અજમો,5,550,1213
06/08/2025,99318,grain,Dil Seed,સુવા,2,950,1100
06/08/2025,99319,grain,Soyabin,સોયાબીન,210,896,921
06/08/2025,99320,grain,Groundnut-Fada,સીંગફાડા,640,1000,1310
06/08/2025,99321,grain,Sesmum-Black,કાળા તલ ,900,2711,4027
06/08/2025,99322,grain,Garlic,લસણ,400,415,750
06/08/2025,99323,grain,Corriander,ધાણા,90,1276,1443
06/08/2025,99324,grain,Dhani,ધાણી,150,1325,1458
06/08/2025,99325,grain,Variyali,વરીયાળી,40,950,1515
06/08/2025,99326,grain,Cummin,જીરૂ,240,3300,3650
06/08/2025,99327,grain,Mustard,રાય,100,1300,1580
06/08/2025,99328,grain,Fenugreek,મેથી,400,850,1280
06/08/2025,99329,grain,Isabgul,ઇસબગુલ,1,1025,1025
06/08/2025,99330,grain,Asario,અશેરીયો,20,1182,1182
06/08/2025,99331,grain,kalonji,કલોંજી,52,2400,4190
06/08/2025,99332,grain,Mustard seed,રાયડો,160,1150,1290
06/08/2025,99333,grain,Rajkoo Bee,રજકાનું બી ,45,4900,6500
06/08/2025,99334,grain,Guvar Bee,ગુવારનું બી,55,910,970
07/08/2025,99368,grain,Cotton B.T.,કપાસ બી.ટી.,500,1301,1676
07/08/2025,99369,grain,Wheat Lokvan,ઘઉં લોકવન,280,517,535
07/08/2025,99370,grain,Wheat Tukda,ઘઉં ટુકડા,1340,523,555
07/08/2025,99371,grain,Jowar White,જુવાર સફેદ,60,680,808
07/08/2025,99372,grain,Jowar Red,જુવાર લાલ,5,600,800
07/08/2025,99373,grain,Bajri,બાજરી,68,300,410
07/08/2025,99374,grain,Tuver,તુવેર,440,1100,1330
07/08/2025,99375,grain,Gram Yellow,ચણા પીળા,640,980,1218
07/08/2025,99376,grain,Gram White,ચણા સફેદ,880,1250,2135
07/08/2025,99377,grain,Urad,અડદ,178,1100,1520
07/08/2025,99378,grain,Mung,મગ,825,1240,1721
07/08/2025,99379,grain,Val Deshi,વાલ દેશી,30,800,920
07/08/2025,99380,grain,Choli,ચોળી,220,851,1226
07/08/2025,99381,grain,Peas,વટાણા,80,1621,2460
07/08/2025,99382,grain,Kulthi,કળથી,35,550,750
07/08/2025,99383,grain,Rajma,રાજમા,260,1000,2190
07/08/2025,99384,grain,Groundnut Seed,સીંગદાણા,200,1250,1450
07/08/2025,99385,grain,Groundnut Big,મગફળી જાડી,160,915,1170
07/08/2025,99386,grain,Groundnut Small,મગફળી જીણી,102,920,1110
07/08/2025,99387,grain,Seasmum,તલી ,0,1400,1950
07/08/2025,99388,grain,Sunflower,સુરજમુખી,4,950,1000
07/08/2025,99389,grain,Castor seed,એરંડા,50,1170,1290
07/08/2025,99390,grain,Thymol,અજમો,20,950,1720
07/08/2025,99391,grain,Dil Seed,સુવા,21,920,1250
07/08/2025,99392,grain,Soyabin,સોયાબીન,256,805,925
07/08/2025,99393,grain,Groundnut-Fada,સીંગફાડા,930,1050,1325
07/08/2025,99394,grain,Sesmum-Black,કાળા તલ ,920,2751,4080
07/08/2025,99395,grain,Garlic,લસણ,360,450,761
07/08/2025,99396,grain,Corriander,ધાણા,175,1292,1454
07/08/2025,99397,grain,Dhani,ધાણી,250,1331,1501
07/08/2025,99398,grain,Variyali,વરીયાળી,50,800,1400
07/08/2025,99399,grain,Cummin,જીરૂ,600,3300,3603
07/08/2025,99400,grain,Mustard,રાય,120,1300,1630
07/08/2025,99401,grain,Fenugreek,મેથી,400,830,1270
07/08/2025,99402,grain,Isabgul,ઇસબગુલ,1,1410,1410
07/08/2025,99403,grain,kalonji,કલોંજી,20,2300,3150
07/08/2025,99404,grain,Mustard seed,રાયડો,160,1200,1310
07/08/2025,99405,grain,Rajkoo Bee,રજકાનું બી ,90,4800,6525
07/08/2025,99406,grain,Guvar Bee,ગુવારનું બી,90,900,992
08/08/2025,99440,grain,Cotton B.T.,કપાસ બી.ટી.,440,1311,1674
08/08/2025,99441,grain,Wheat Lokvan,ઘઉં લોકવન,240,520,548
08/08/2025,99442,grain,Wheat Tukda,ઘઉં ટુકડા,1620,521,570
08/08/2025,99443,grain,Jowar White,જુવાર સફેદ,100,709,806
08/08/2025,99444,grain,Jowar Red,જુવાર લાલ,20,600,810
08/08/2025,99445,grain,Bajri,બાજરી,64,325,525
08/08/2025,99446,grain,Tuver,તુવેર,420,1169,1340
08/08/2025,99447,grain,Gram Yellow,ચણા પીળા,800,950,1210
08/08/2025,99448,grain,Gram White,ચણા સફેદ,1100,1250,2070
08/08/2025,99449,grain,Urad,અડદ,195,1210,1516
08/08/2025,99450,grain,Mung,મગ,900,1292,1626
08/08/2025,99451,grain,Val Deshi,વાલ દેશી,100,651,1220
08/08/2025,99452,grain,Choli,ચોળી,120,835,1400
08/08/2025,99453,grain,Peas,વટાણા,210,1509,2450
08/08/2025,99454,grain,Kulthi,કળથી,18,540,720
08/08/2025,99455,grain,Rajma,રાજમા,145,1150,2130
08/08/2025,99456,grain,Groundnut Seed,સીંગદાણા,75,1310,1400
08/08/2025,99457,grain,Groundnut Big,મગફળી જાડી,360,925,1161
08/08/2025,99458,grain,Groundnut Small,મગફળી જીણી,180,925,1124
08/08/2025,99459,grain,Seasmum,તલી ,11600,1400,1940
08/08/2025,99460,grain,Castor seed,એરંડા,70,1130,1300
08/08/2025,99461,grain,Thymol,અજમો,30,1090,1990
08/08/2025,99462,grain,Dil Seed,સુવા,9,1025,1401
08/08/2025,99463,grain,Soyabin,સોયાબીન,462,780,916
08/08/2025,99464,grain,Groundnut-Fada,સીંગફાડા,800,1000,1325
08/08/2025,99465,grain,Sesmum-Black,કાળા તલ ,700,2741,4051
08/08/2025,99466,grain,Garlic,લસણ,400,445,678
08/08/2025,99467,grain,Corriander,ધાણા,450,1311,1457
08/08/2025,99468,grain,Dhani,ધાણી,320,1325,1482
08/08/2025,99469,grain,Variyali,વરીયાળી,70,975,1590
08/08/2025,99470,grain,Cummin,જીરૂ,720,3300,3608
08/08/2025,99471,grain,Mustard,રાય,120,1280,1580
08/08/2025,99472,grain,Fenugreek,મેથી,500,820,1260
08/08/2025,99473,grain,Isabgul,ઇસબગુલ,1,1450,1450
08/08/2025,99474,grain,Asario,અશેરીયો,45,1089,1350
08/08/2025,99475,grain,kalonji,કલોંજી,40,2800,4121
08/08/2025,99476,grain,Mustard seed,રાયડો,200,1200,1290
08/08/2025,99477,grain,Rajkoo Bee,રજકાનું બી ,60,4750,6450
08/08/2025,99478,grain,Guvar Bee,ગુવારનું બી,80,911,972
11/08/2025,99512,grain,Cotton B.T.,કપાસ બી.ટી.,400,1351,1662
11/08/2025,99513,grain,Wheat Lokvan,ઘઉં લોકવન,180,523,551
11/08/2025,99514,grain,Wheat Tukda,ઘઉં ટુકડા,1440,520,560
11/08/2025,99515,grain,Jowar White,જુવાર સફેદ,60,600,812
11/08/2025,99516,grain,Jowar Red,જુવાર લાલ,6,650,800
11/08/2025,99517,grain,Jowar Yellow,જુવાર પીળી ,4,400,550
11/08/2025,99518,grain,Bajri,બાજરી,50,311,471
11/08/2025,99519,grain,Tuver,તુવેર,170,1250,1497
11/08/2025,99520,grain,Gram Yellow,ચણા પીળા,960,980,1216
11/08/2025,99521,grain,Gram White,ચણા સફેદ,1200,1250,2090
11/08/2025,99522,grain,Urad,અડદ,460,1140,1332
11/08/2025,99523,grain,Mung,મગ,780,1300,1660
11/08/2025,99524,grain,Val Deshi,વાલ દેશી,90,710,1052
11/08/2025,99525,grain,Choli,ચોળી,60,900,1405
11/08/2025,99526,grain,Peas,વટાણા,90,1300,2400
11/08/2025,99527,grain,Kulthi,કળથી,13,540,630
11/08/2025,99528,grain,Rajma,રાજમા,350,1100,1750
11/08/2025,99529,grain,Groundnut Seed,સીંગદાણા,40,1250,1415
11/08/2025,99530,grain,Groundnut Big,મગફળી જાડી,230,921,1163
11/08/2025,99531,grain,Groundnut Small,મગફળી જીણી,110,900,1130
11/08/2025,99532,grain,Seasmum,તલી ,0,1450,1945
11/08/2025,99533,grain,Castor seed,એરંડા,60,1250,1303
11/08/2025,99534,grain,Thymol,અજમો,3,1240,1450
11/08/2025,99535,grain,Dil Seed,સુવા,8,500,1120
11/08/2025,99536,grain,Soyabin,સોયાબીન,260,750,940
11/08/2025,99537,grain,Groundnut-Fada,સીંગફાડા,400,1050,1250
11/08/2025,99538,grain,Sesmum-Black,કાળા તલ ,910,2751,4046
11/08/2025,99539,grain,Garlic,લસણ,600,430,780
11/08/2025,99540,grain,Corriander,ધાણા,52,1280,1475
11/08/2025,99541,grain,Dhani,ધાણી,30,1320,1501
11/08/2025,99542,grain,Variyali,વરીયાળી,65,1045,1391
11/08/2025,99543,grain,Cummin,જીરૂ,720,3350,3624
11/08/2025,99544,grain,Mustard,રાય,36,1260,1540
11/08/2025,99545,grain,Fenugreek,મેથી,400,850,1250
11/08/2025,99546,grain,Isabgul,ઇસબગુલ,10,900,1300
11/08/2025,99547,grain,kalonji,કલોંજી,7,3902,3902
11/08/2025,99548,grain,Mustard seed,રાયડો,80,1140,1250
11/08/2025,99549,grain,Rajkoo Bee,રજકાનું બી ,90,4900,6500
12/08/2025,99583,grain,Cotton B.T.,કપાસ બી.ટી.,240,1300,1660
12/08/2025,99584,grain,Wheat Lokvan,ઘઉં લોકવન,120,522,544
12/08/2025,99585,grain,Wheat Tukda,ઘઉં ટુકડા,1020,518,574
12/08/2025,99586,grain,Jowar White,જુવાર સફેદ,40,550,750
12/08/2025,99587,grain,Bajri,બાજરી,36,291,403
12/08/2025,99588,grain,Tuver,તુવેર,300,1132,1350
12/08/2025,99589,grain,Gram Yellow,ચણા પીળા,0,940,1192
12/08/2025,99590,grain,Gram White,ચણા સફેદ,0,1150,1965
12/08/2025,99591,grain,Urad,અડદ,40,1200,1510
12/08/2025,99592,grain,Mung,મગ,500,1200,1580
12/08/2025,99593,grain,Val Deshi,વાલ દેશી,20,700,1126
12/08/2025,99594,grain,Choli,ચોળી,60,800,1410
12/08/2025,99595,grain,Peas,વટાણા,80,1080,2360
12/08/2025,99596,grain,Kulthi,કળથી,20,550,675
12/08/2025,99597,grain,Rajma,રાજમા,40,1060,2100
12/08/2025,99598,grain,Groundnut Seed,સીંગદાણા,25,1250,1425
12/08/2025,99599,grain,Groundnut Big,મગફળી જાડી,130,920,1150
12/08/2025,99600,grain,Groundnut Small,મગફળી જીણી,70,910,1111
12/08/2025,99601,grain,Seasmum,તલી ,0,1200,1910
12/08/2025,99602,grain,Castor seed,એરંડા,210,1253,1297
12/08/2025,99603,grain,Thymol,અજમો,4,1100,1976
12/08/2025,99604,grain,Soyabin,સોયાબીન,135,700,921
12/08/2025,99605,grain,Groundnut-Fada,સીંગફાડા,160,1050,1260
12/08/2025,99606,grain,Sesmum-Black,કાળા તલ ,0,2700,3963
12/08/2025,99607,grain,Garlic,લસણ,240,500,950
12/08/2025,99608,grain,Corriander,ધાણા,36,1220,1460
12/08/2025,99609,grain,Dhani,ધાણી,20,1280,1501
12/08/2025,99610,grain,Variyali,વરીયાળી,20,970,1370
12/08/2025,99611,grain,Cummin,જીરૂ,360,3300,3636
12/08/2025,99612,grain,Mustard,રાય,40,1250,1590
12/08/2025,99613,grain,Fenugreek,મેથી,200,810,1270
12/08/2025,99614,grain,Mustard seed,રાયડો,60,1150,1280
12/08/2025,99615,grain,Rajkoo Bee,રજકાનું બી ,10,5575,6375
13/08/2025,99616,veg,Lemon,લીંબુ,390,100,700
13/08/2025,99617,veg,Papaya,પપૈયા ,40,100,200
13/08/2025,99618,veg,Potato,બટેટા,4680,150,350
13/08/2025,99619,veg,Onion,ડુંગળી સુકી ,3145,90,320
13/08/2025,99620,veg,Tometo,ટમેટા,1770,400,1200
13/08/2025,99621,veg,Elephant Foot,સુરણ,35,600,1250
13/08/2025,99622,veg,Coriander(Leaves),કોથમરી,520,100,300
13/08/2025,99623,veg,Radish,મુળા,42,100,350
13/08/2025,99624,veg,Brinjal,રીંગણા,350,100,400
13/08/2025,99625,veg,Cabbage,કોબીજ,260,110,450
13/08/2025,99626,veg,Cauli Flower,ફલાવર,490,180,500
13/08/2025,99627,veg,Lady Fingure,ભીંડો,350,300,700
13/08/2025,99628,veg,Cluster Been,ગુવાર,440,700,1300
13/08/2025,99629,veg,Choli Shing,ચોળાસીંગ,90,200,600
13/08/2025,99630,veg,Valol,વાલોળ,30,500,900
13/08/2025,99631,veg,Little Gourd,ટીંડોળા ,85,300,700
13/08/2025,99632,veg,Bottle Gourd,દુધી,575,100,250
13/08/2025,99633,veg,Bitter Gourd,કારેલા,100,100,200
13/08/2025,99634,veg,Sargavo,સરગવો,50,200,1350
13/08/2025,99635,veg,Ridge Gourd,તુરીયા,370,100,600
13/08/2025,99636,veg,Pointed Gourd,પરવર,150,700,1200
13/08/2025,99637,veg,Cacumber,કાકડી,570,100,400
13/08/2025,99638,veg,Carrut,ગાજર,200,100,600
13/08/2025,99639,veg,Kankoda,કંટોળા ,12,800,1300
13/08/2025,99640,veg,Smooth Gourd,ગલકા,485,100,300
13/08/2025,99641,veg,Beet,બીટ,25,200,500
13/08/2025,99642,veg,Methi,મેથી,95,300,500
13/08/2025,99643,veg,Val,વાલ,12,500,1300
13/08/2025,99644,veg,Spring Onion,ડુંગળી લીલી ,190,200,400
13/08/2025,99645,veg,Ginger,આદુ,220,300,1100
13/08/2025,99646,veg,Chilli Green,મરચા લીલા,650,200,300
13/08/2025,99647,veg,Green Gr.Nut,મગફળી લીલી,510,200,750
13/08/2025,99648,veg,Green Corn,મકાઇ લીલી,450,100,200
14/08/2025,99649,veg,Lemon,લીંબુ,380,150,750
14/08/2025,99650,veg,Papaya,પપૈયા ,30,100,200
14/08/2025,99651,veg,Potato,બટેટા,4800,150,350
14/08/2025,99652,veg,Tometo,ટમેટા,1760,400,1100
14/08/2025,99653,veg,Elephant Foot,સુરણ,30,500,1200
14/08/2025,99654,veg,Coriander(Leaves),કોથમરી,500,100,300
14/08/2025,99655,veg,Radish,મુળા,40,200,300
14/08/2025,99656,veg,Brinjal,રીંગણા,340,100,350
14/08/2025,99657,veg,Cabbage,કોબીજ,270,100,350
14/08/2025,99658,veg,Cauli Flower,ફલાવર,492,150,550
14/08/2025,99659,veg,Lady Fingure,ભીંડો,342,200,700
14/08/2025,99660,veg,Cluster Been,ગુવાર,430,600,1200
14/08/2025,99661,veg,Choli Shing,ચોળાસીંગ,91,150,600
14/08/2025,99662,veg,Valol,વાલોળ,35,400,800
14/08/2025,99663,veg,Little Gourd,ટીંડોળા ,81,200,700
14/08/2025,99664,veg,Bottle Gourd,દુધી,580,100,200
14/08/2025,99665,veg,Bitter Gourd,કારેલા,110,100,250
14/08/2025,99666,veg,Sargavo,સરગવો,51,200,1200
14/08/2025,99667,veg,Ridge Gourd,તુરીયા,380,100,400
14/08/2025,99668,veg,Pointed Gourd,પરવર,160,600,1100
14/08/2025,99669,veg,Cacumber,કાકડી,580,150,450
14/08/2025,99670,veg,Carrut,ગાજર,190,100,500
14/08/2025,99671,veg,Kankoda,કંટોળા ,10,800,1400
14/08/2025,99672,veg,Smooth Gourd,ગલકા,490,100,250
14/08/2025,99673,veg,Beet,બીટ,30,200,500
14/08/2025,99674,veg,Methi,મેથી,94,300,500
14/08/2025,99675,veg,Val,વાલ,13,400,1200
14/08/2025,99676,veg,Spring Onion,ડુંગળી લીલી ,180,200,400
14/08/2025,99677,veg,Ginger,આદુ,210,300,1100
14/08/2025,99678,veg,Chilli Green,મરચા લીલા,680,200,300
14/08/2025,99679,veg,Green Gr.Nut,મગફળી લીલી,530,200,700
14/08/2025,99680,veg,Green Corn,મકાઇ લીલી,460,100,200
19/08/2025,99714,grain,Cotton B.T.,કપાસ બી.ટી.,300,1301,1653
19/08/2025,99715,grain,Wheat Lokvan,ઘઉં લોકવન,60,505,527
19/08/2025,99716,grain,Wheat Tukda,ઘઉં ટુકડા,560,511,585
19/08/2025,99717,grain,Jowar White,જુવાર સફેદ,42,720,795
19/08/2025,99718,grain,Jowar Red,જુવાર લાલ,10,550,550
19/08/2025,99719,grain,Bajri,બાજરી,60,370,421
19/08/2025,99720,grain,Tuver,તુવેર,150,1110,1316
19/08/2025,99721,grain,Gram Yellow,ચણા પીળા,700,900,1192
19/08/2025,99722,grain,Gram White,ચણા સફેદ,200,1150,2087
19/08/2025,99723,grain,Urad,અડદ,50,1170,1515
19/08/2025,99724,grain,Mung,મગ,720,1210,1701
19/08/2025,99725,grain,Val Deshi,વાલ દેશી,60,500,1100
19/08/2025,99726,grain,Choli,ચોળી,25,555,950
19/08/2025,99727,grain,Math,મઠ,15,1000,2000
19/08/2025,99728,grain,Peas,વટાણા,5,800,1751
19/08/2025,99729,grain,Rajma,રાજમા,50,880,1450
19/08/2025,99730,grain,Groundnut Seed,સીંગદાણા,100,1300,1418
19/08/2025,99731,grain,Groundnut Big,મગફળી જાડી,200,900,1119
19/08/2025,99732,grain,Groundnut Small,મગફળી જીણી,100,850,1100
19/08/2025,99733,grain,Seasmum,તલી ,3600,1400,1950
19/08/2025,99734,grain,Castor seed,એરંડા,140,1200,1296
19/08/2025,99735,grain,Thymol,અજમો,3,805,1300
19/08/2025,99736,grain,Dil Seed,સુવા,1,1200,1200
19/08/2025,99737,grain,Soyabin,સોયાબીન,110,810,885
19/08/2025,99738,grain,Groundnut-Fada,સીંગફાડા,1120,1000,1315
19/08/2025,99739,grain,Sesmum-Black,કાળા તલ ,680,2701,3993
19/08/2025,99740,grain,Garlic,લસણ,132,540,790
19/08/2025,99741,grain,Corriander,ધાણા,40,1380,1460
19/08/2025,99742,grain,Dhani,ધાણી,20,1390,1470
19/08/2025,99743,grain,Variyali,વરીયાળી,5,1300,1370
19/08/2025,99744,grain,Cummin,જીરૂ,240,3300,3694
19/08/2025,99745,grain,Mustard,રાય,60,1400,1600
19/08/2025,99746,grain,Fenugreek,મેથી,150,810,1215
19/08/2025,99747,grain,Isabgul,ઇસબગુલ,1,990,1200
19/08/2025,99748,grain,Mustard seed,રાયડો,80,1150,1250
19/08/2025,99749,grain,Rajkoo Bee,રજકાનું બી ,60,6200,8025
19/08/2025,99750,grain,Guvar Bee,ગુવારનું બી,20,875,930
20/08/2025,99784,grain,Cotton B.T.,કપાસ બી.ટી.,340,1311,1640
20/08/2025,99785,grain,Wheat Lokvan,ઘઉં લોકવન,80,505,532
20/08/2025,99786,grain,Wheat Tukda,ઘઉં ટુકડા,700,514,589
20/08/2025,99787,grain,Jowar White,જુવાર સફેદ,20,700,800
20/08/2025,99788,grain,Bajri,બાજરી,80,375,428
20/08/2025,99789,grain,Tuver,તુવેર,140,1115,1339
20/08/2025,99790,grain,Gram Yellow,ચણા પીળા,800,930,1187
20/08/2025,99791,grain,Gram White,ચણા સફેદ,500,1180,2135
20/08/2025,99792,grain,Urad,અડદ,30,1200,1535
20/08/2025,99793,grain,Mung,મગ,300,1200,1657
20/08/2025,99794,grain,Val Deshi,વાલ દેશી,50,500,1101
20/08/2025,99795,grain,Choli,ચોળી,50,800,1250
20/08/2025,99796,grain,Peas,વટાણા,10,380,1200
20/08/2025,99797,grain,Rajma,રાજમા,60,1020,1556
20/08/2025,99798,grain,Groundnut Seed,સીંગદાણા,100,1300,1423
20/08/2025,99799,grain,Groundnut Big,મગફળી જાડી,100,970,1105
20/08/2025,99800,grain,Groundnut Small,મગફળી જીણી,55,795,1098
20/08/2025,99801,grain,Seasmum,તલી ,1700,1450,1990
20/08/2025,99802,grain,Castor seed,એરંડા,120,1260,1298
20/08/2025,99803,grain,Thymol,અજમો,4,1200,1760
20/08/2025,99804,grain,Dil Seed,સુવા,3,1100,1100
20/08/2025,99805,grain,Soyabin,સોયાબીન,72,800,888
20/08/2025,99806,grain,Groundnut-Fada,સીંગફાડા,560,975,1270
20/08/2025,99807,grain,Sesmum-Black,કાળા તલ ,480,2751,4141
20/08/2025,99808,grain,Garlic,લસણ,420,510,830
20/08/2025,99809,grain,Corriander,ધાણા,25,1300,1450
20/08/2025,99810,grain,Dhani,ધાણી,25,1300,1460
20/08/2025,99811,grain,Variyali,વરીયાળી,23,900,1100
20/08/2025,99812,grain,Cummin,જીરૂ,230,3300,3672
20/08/2025,99813,grain,Mustard,રાય,56,1250,1590
20/08/2025,99814,grain,Fenugreek,મેથી,100,850,1260
20/08/2025,99815,grain,kalonji,કલોંજી,40,1600,3350
20/08/2025,99816,grain,Mustard seed,રાયડો,120,1180,1300
20/08/2025,99817,grain,Rajkoo Bee,રજકાનું બી ,45,4900,7595
20/08/2025,99818,grain,Guvar Bee,ગુવારનું બી,80,930,985
21/08/2025,99852,grain,Cotton B.T.,કપાસ બી.ટી.,80,1300,1639
21/08/2025,99853,grain,Wheat Lokvan,ઘઉં લોકવન,60,514,538
21/08/2025,99854,grain,Wheat Tukda,ઘઉં ટુકડા,500,506,561
21/08/2025,99855,grain,Jowar White,જુવાર સફેદ,170,750,808
21/08/2025,99856,grain,Bajri,બાજરી,60,361,421
21/08/2025,99857,grain,Tuver,તુવેર,120,1100,1305
21/08/2025,99858,grain,Gram Yellow,ચણા પીળા,900,950,1190
21/08/2025,99859,grain,Gram White,ચણા સફેદ,480,1200,2090
21/08/2025,99860,grain,Urad,અડદ,50,1225,1545
21/08/2025,99861,grain,Mung,મગ,1010,1305,1625
21/08/2025,99862,grain,Val Deshi,વાલ દેશી,80,450,1125
21/08/2025,99863,grain,Choli,ચોળી,25,860,1200
21/08/2025,99864,grain,Peas,વટાણા,40,1100,1640
21/08/2025,99865,grain,Groundnut Seed,સીંગદાણા,50,1325,1420
21/08/2025,99866,grain,Groundnut Big,મગફળી જાડી,160,966,1166
21/08/2025,99867,grain,Groundnut Small,મગફળી જીણી,110,795,1081
21/08/2025,99868,grain,Seasmum,તલી ,2200,1470,2001
21/08/2025,99869,grain,Sunflower,સુરજમુખી,13,1306,1306
21/08/2025,99870,grain,Castor seed,એરંડા,160,1277,1300
21/08/2025,99871,grain,Thymol,અજમો,20,952,1350
21/08/2025,99872,grain,Soyabin,સોયાબીન,60,800,880
21/08/2025,99873,grain,Groundnut-Fada,સીંગફાડા,640,1050,1325
21/08/2025,99874,grain,Sesmum-Black,કાળા તલ ,970,2801,4291
21/08/2025,99875,grain,Garlic,લસણ,440,532,846
21/08/2025,99876,grain,Corriander,ધાણા,120,1250,1450
21/08/2025,99877,grain,Dhani,ધાણી,20,1300,1488
21/08/2025,99878,grain,Variyali,વરીયાળી,6,1200,1330
21/08/2025,99879,grain,Cummin,જીરૂ,240,3300,3695
21/08/2025,99880,grain,Mustard,રાય,60,1300,1575
21/08/2025,99881,grain,Fenugreek,મેથી,300,820,1220
21/08/2025,99882,grain,Asario,અશેરીયો,54,1080,1170
21/08/2025,99883,grain,Mustard seed,રાયડો,80,1180,1280
21/08/2025,99884,grain,Rajkoo Bee,રજકાનું બી ,80,6600,8900
22/08/2025,99918,grain,Cotton B.T.,કપાસ બી.ટી.,340,1305,1666
22/08/2025,99919,grain,Wheat Lokvan,ઘઉં લોકવન,180,508,541
22/08/2025,99920,grain,Wheat Tukda,ઘઉં ટુકડા,620,517,594
22/08/2025,99921,grain,Jowar White,જુવાર સફેદ,50,750,800
22/08/2025,99922,grain,Bajri,બાજરી,30,375,451
22/08/2025,99923,grain,Tuver,તુવેર,140,1111,1350
22/08/2025,99924,grain,Gram Yellow,ચણા પીળા,1000,950,1175
22/08/2025,99925,grain,Gram White,ચણા સફેદ,640,1150,1970
22/08/2025,99926,grain,Urad,અડદ,60,1255,1600
22/08/2025,99927,grain,Mung,મગ,575,1230,1667
22/08/2025,99928,grain,Val Deshi,વાલ દેશી,90,500,920
22/08/2025,99929,grain,Choli,ચોળી,70,830,1400
22/08/2025,99930,grain,Math,મઠ,20,1000,2000
22/08/2025,99931,grain,Peas,વટાણા,10,500,2160
22/08/2025,99932,grain,Kulthi,કળથી,13,540,775
22/08/2025,99933,grain,Rajma,રાજમા,50,900,1850
22/08/2025,99934,grain,Groundnut Seed,સીંગદાણા,50,1350,1440
22/08/2025,99935,grain,Groundnut Big,મગફળી જાડી,140,935,1180
22/08/2025,99936,grain,Groundnut Small,મગફળી જીણી,90,930,1072
22/08/2025,99937,grain,Seasmum,તલી ,2800,1425,2019
22/08/2025,99938,grain,Castor seed,એરંડા,300,1260,1305
22/08/2025,99939,grain,Thymol,અજમો,60,900,1465
22/08/2025,99940,grain,Soyabin,સોયાબીન,66,750,897
22/08/2025,99941,grain,Groundnut-Fada,સીંગફાડા,800,1000,1325
22/08/2025,99942,grain,Sesmum-Black,કાળા તલ ,1200,2711,4300
22/08/2025,99943,grain,Garlic,લસણ,500,620,850
22/08/2025,99944,grain,Corriander,ધાણા,320,1235,1470
22/08/2025,99945,grain,Dhani,ધાણી,25,1300,1498
22/08/2025,99946,grain,Variyali,વરીયાળી,20,780,1280
22/08/2025,99947,grain,Cummin,જીરૂ,780,3300,3734
22/08/2025,99948,grain,Mustard,રાય,60,1250,1650
22/08/2025,99949,grain,Fenugreek,મેથી,400,840,1270
22/08/2025,99950,grain,kalonji,કલોંજી,10,2000,4060
22/08/2025,99951,grain,Mustard seed,રાયડો,80,1150,1280
22/08/2025,99952,grain,Rajkoo Bee,રજકાનું બી ,170,7700,9600
25/08/2025,99986,grain,Cotton B.T.,કપાસ બી.ટી.,540,1300,1678
25/08/2025,99987,grain,Wheat Lokvan,ઘઉં લોકવન,80,508,536
25/08/2025,99988,grain,Wheat Tukda,ઘઉં ટુકડા,660,516,590
25/08/2025,99989,grain,Jowar White,જુવાર સફેદ,40,640,840
25/08/2025,99990,grain,Jowar Yellow,જુવાર પીળી ,8,400,487
25/08/2025,99991,grain,Bajri,બાજરી,80,381,488
25/08/2025,99992,grain,Tuver,તુવેર,500,1000,1350
25/08/2025,99993,grain,Gram Yellow,ચણા પીળા,800,950,1170
25/08/2025,99994,grain,Gram White,ચણા સફેદ,700,1150,2022
25/08/2025,99995,grain,Urad,અડદ,180,1125,1590
25/08/2025,99996,grain,Mung,મગ,600,1392,1700
25/08/2025,99997,grain,Val Deshi,વાલ દેશી,40,450,880
25/08/2025,99998,grain,Choli,ચોળી,110,800,1460
25/08/2025,99999,grain,Math,મઠ,10,950,1980
25/08/2025,100000,grain,Peas,વટાણા,18,1300,2040
25/08/2025,100001,grain,Rajma,રાજમા,98,1190,1626
25/08/2025,100002,grain,Groundnut Seed,સીંગદાણા,240,1350,1425
25/08/2025,100003,grain,Groundnut Big,મગફળી જાડી,100,930,1080
25/08/2025,100004,grain,Groundnut Small,મગફળી જીણી,60,840,1020
25/08/2025,100005,grain,Seasmum,તલી ,4400,1400,2034
25/08/2025,100006,grain,Sunflower,સુરજમુખી,6,1150,1150
25/08/2025,100007,grain,Castor seed,એરંડા,300,1240,1313
25/08/2025,100008,grain,Thymol,અજમો,30,860,1660
25/08/2025,100009,grain,Dil Seed,સુવા,1,851,930
25/08/2025,100010,grain,Soyabin,સોયાબીન,44,800,868
25/08/2025,100011,grain,Groundnut-Fada,સીંગફાડા,960,1000,1325
25/08/2025,100012,grain,Sesmum-Black,કાળા તલ ,1400,2850,4301
25/08/2025,100013,grain,Garlic,લસણ,700,600,950
25/08/2025,100014,grain,Corriander,ધાણા,500,1261,1470
25/08/2025,100015,grain,Dhani,ધાણી,30,1280,1490
25/08/2025,100016,grain,Variyali,વરીયાળી,15,1085,1411
25/08/2025,100017,grain,Cummin,જીરૂ,1080,3350,3750
25/08/2025,100018,grain,Mustard,રાય,120,1450,1650
25/08/2025,100019,grain,Fenugreek,મેથી,400,840,1300
25/08/2025,100020,grain,Asario,અશેરીયો,25,1040,1170
25/08/2025,100021,grain,kalonji,કલોંજી,20,2040,4143
25/08/2025,100022,grain,Mustard seed,રાયડો,140,1180,1298
25/08/2025,100023,grain,Rajkoo Bee,રજકાનું બી ,165,6000,8225
26/08/2025,100057,grain,Cotton B.T.,કપાસ બી.ટી.,700,1325,1679
26/08/2025,100058,grain,Wheat Lokvan,ઘઉં લોકવન,180,510,554
26/08/2025,100059,grain,Wheat Tukda,ઘઉં ટુકડા,1600,520,565
26/08/2025,100060,grain,Jowar White,જુવાર સફેદ,60,654,810
26/08/2025,100061,grain,Bajri,બાજરી,125,360,426
26/08/2025,100062,grain,Tuver,તુવેર,520,1050,1330
26/08/2025,100063,grain,Gram Yellow,ચણા પીળા,1200,950,1180
26/08/2025,100064,grain,Gram White,ચણા સફેદ,960,1200,2065
26/08/2025,100065,grain,Urad,અડદ,150,1121,1561
26/08/2025,100066,grain,Mung,મગ,560,1310,1668
26/08/2025,100067,grain,Val Deshi,વાલ દેશી,60,550,1064
26/08/2025,100068,grain,Choli,ચોળી,60,770,1390
26/08/2025,100069,grain,Peas,વટાણા,72,1470,2020
26/08/2025,100070,grain,Rajma,રાજમા,198,1180,1600
26/08/2025,100071,grain,Groundnut Seed,સીંગદાણા,75,1340,1430
26/08/2025,100072,grain,Groundnut Big,મગફળી જાડી,95,925,1144
26/08/2025,100073,grain,Groundnut Small,મગફળી જીણી,75,936,1025
26/08/2025,100074,grain,Seasmum,તલી ,3200,1500,2034
26/08/2025,100075,grain,Castor seed,એરંડા,60,1250,1314
26/08/2025,100076,grain,Thymol,અજમો,2,1000,1851
26/08/2025,100077,grain,Soyabin,સોયાબીન,70,760,888
26/08/2025,100078,grain,Groundnut-Fada,સીંગફાડા,800,980,1345
26/08/2025,100079,grain,Sesmum-Black,કાળા તલ ,920,2801,4365
26/08/2025,100080,grain,Garlic,લસણ,300,600,900
26/08/2025,100081,grain,Corriander,ધાણા,380,1290,1480
26/08/2025,100082,grain,Dhani,ધાણી,340,1310,1490
26/08/2025,100083,grain,Variyali,વરીયાળી,40,1140,1491
26/08/2025,100084,grain,Cummin,જીરૂ,1020,3300,3751
26/08/2025,100085,grain,Mustard,રાય,40,1300,1550
26/08/2025,100086,grain,Fenugreek,મેથી,600,840,1260
26/08/2025,100087,grain,kalonji,કલોંજી,2,3000,4100
26/08/2025,100088,grain,Mustard seed,રાયડો,120,1140,1270
26/08/2025,100089,grain,Rajkoo Bee,રજકાનું બી ,120,6000,7500
27/08/2025,100123,grain,Cotton B.T.,કપાસ બી.ટી.,1000,1300,1670
27/08/2025,100124,grain,Wheat Lokvan,ઘઉં લોકવન,120,518,544
27/08/2025,100125,grain,Wheat Tukda,ઘઉં ટુકડા,1620,515,564
27/08/2025,100126,grain,Jowar White,જુવાર સફેદ,90,705,760
27/08/2025,100127,grain,Jowar Yellow,જુવાર પીળી ,10,405,500
27/08/2025,100128,grain,Bajri,બાજરી,80,380,450
27/08/2025,100129,grain,Tuver,તુવેર,150,1085,1330
27/08/2025,100130,grain,Gram Yellow,ચણા પીળા,1000,950,1160
27/08/2025,100131,grain,Gram White,ચણા સફેદ,700,1150,2172
27/08/2025,100132,grain,Urad,અડદ,154,1220,1588
27/08/2025,100133,grain,Mung,મગ,640,1345,1676
27/08/2025,100134,grain,Val Deshi,વાલ દેશી,90,500,1120
27/08/2025,100135,grain,Choli,ચોળી,34,675,1200
27/08/2025,100136,grain,Peas,વટાણા,85,1501,2500
27/08/2025,100137,grain,Kulthi,કળથી,13,450,675
27/08/2025,100138,grain,Rajma,રાજમા,76,900,1580
27/08/2025,100139,grain,Groundnut Seed,સીંગદાણા,70,1350,1445
27/08/2025,100140,grain,Groundnut Big,મગફળી જાડી,110,975,1140
27/08/2025,100141,grain,Groundnut Small,મગફળી જીણી,80,780,1036
27/08/2025,100142,grain,Seasmum,તલી ,3600,1520,2000
27/08/2025,100143,grain,Sunflower,સુરજમુખી,20,621,621
27/08/2025,100144,grain,Castor seed,એરંડા,330,1260,1313
27/08/2025,100145,grain,Thymol,અજમો,2,480,800
27/08/2025,100146,grain,Soyabin,સોયાબીન,74,805,879
27/08/2025,100147,grain,Groundnut-Fada,સીંગફાડા,320,950,1340
27/08/2025,100148,grain,Sesmum-Black,કાળા તલ ,832,2810,4335
27/08/2025,100149,grain,Garlic,લસણ,620,650,887
27/08/2025,100150,grain,Corriander,ધાણા,300,1291,1462
27/08/2025,100151,grain,Dhani,ધાણી,140,1315,1474
27/08/2025,100152,grain,Variyali,વરીયાળી,30,800,1331
27/08/2025,100153,grain,Cummin,જીરૂ,1200,3350,3725
27/08/2025,100154,grain,Mustard,રાય,100,1250,1650
27/08/2025,100155,grain,Fenugreek,મેથી,700,840,1280
27/08/2025,100156,grain,kalonji,કલોંજી,12,3200,4090
27/08/2025,100157,grain,Mustard seed,રાયડો,80,1160,1300
27/08/2025,100158,grain,Rajkoo Bee,રજકાનું બી ,25,6100,7150
28/08/2025,100192,grain,Cotton B.T.,કપાસ બી.ટી.,1020,1321,1657
28/08/2025,100193,grain,Wheat Lokvan,ઘઉં લોકવન,105,513,543
28/08/2025,100194,grain,Wheat Tukda,ઘઉં ટુકડા,1300,516,565
28/08/2025,100195,grain,Jowar White,જુવાર સફેદ,100,600,780
28/08/2025,100196,grain,Jowar Red,જુવાર લાલ,5,490,690
28/08/2025,100197,grain,Jowar Yellow,જુવાર પીળી ,24,400,524
28/08/2025,100198,grain,Bajri,બાજરી,40,391,468
28/08/2025,100199,grain,Tuver,તુવેર,204,1070,1328
28/08/2025,100200,grain,Gram Yellow,ચણા પીળા,1040,950,1140
28/08/2025,100201,grain,Gram White,ચણા સફેદ,800,1150,2234
28/08/2025,100202,grain,Urad,અડદ,162,1210,1586
28/08/2025,100203,grain,Mung,મગ,600,1352,1646
28/08/2025,100204,grain,Val Deshi,વાલ દેશી,20,500,960
28/08/2025,100205,grain,Choli,ચોળી,85,840,1494
28/08/2025,100206,grain,Peas,વટાણા,150,1150,2337
28/08/2025,100207,grain,Rajma,રાજમા,50,1030,1625
28/08/2025,100208,grain,Groundnut Seed,સીંગદાણા,50,1350,1445
28/08/2025,100209,grain,Groundnut Big,મગફળી જાડી,210,970,1165
28/08/2025,100210,grain,Groundnut Small,મગફળી જીણી,120,730,1040
28/08/2025,100211,grain,Seasmum,તલી ,2000,1550,2051
28/08/2025,100212,grain,Castor seed,એરંડા,280,1291,1312
28/08/2025,100213,grain,Thymol,અજમો,16,800,1415
28/08/2025,100214,grain,Soyabin,સોયાબીન,70,720,870
28/08/2025,100215,grain,Groundnut-Fada,સીંગફાડા,400,1000,1335
28/08/2025,100216,grain,Sesmum-Black,કાળા તલ ,856,2801,4350
28/08/2025,100217,grain,Garlic,લસણ,560,700,1137
28/08/2025,100218,grain,Corriander,ધાણા,280,1300,1490
28/08/2025,100219,grain,Dhani,ધાણી,40,1300,1470
28/08/2025,100220,grain,Variyali,વરીયાળી,6,1291,1351
28/08/2025,100221,grain,Cummin,જીરૂ,1020,3300,3698
28/08/2025,100222,grain,Mustard,રાય,30,1260,1630
28/08/2025,100223,grain,Fenugreek,મેથી,500,860,1300
28/08/2025,100224,grain,Mustard seed,રાયડો,40,1150,1300
28/08/2025,100225,grain,Rajkoo Bee,રજકાનું બી ,24,5750,7075
29/08/2025,100259,grain,Cotton B.T.,કપાસ બી.ટી.,500,1300,1646
29/08/2025,100260,grain,Wheat Lokvan,ઘઉં લોકવન,130,508,541
29/08/2025,100261,grain,Wheat Tukda,ઘઉં ટુકડા,1100,514,555
29/08/2025,100262,grain,Jowar White,જુવાર સફેદ,100,600,750
29/08/2025,100263,grain,Jowar Yellow,જુવાર પીળી ,20,400,512
29/08/2025,100264,grain,Bajri,બાજરી,8,390,460
29/08/2025,100265,grain,Tuver,તુવેર,172,1090,1350
29/08/2025,100266,grain,Gram Yellow,ચણા પીળા,960,950,1130
29/08/2025,100267,grain,Gram White,ચણા સફેદ,900,1150,2089
29/08/2025,100268,grain,Urad,અડદ,150,1220,1576
29/08/2025,100269,grain,Mung,મગ,400,1300,1698
29/08/2025,100270,grain,Val Deshi,વાલ દેશી,30,705,990
29/08/2025,100271,grain,Choli,ચોળી,125,835,1400
29/08/2025,100272,grain,Math,મઠ,50,800,1800
29/08/2025,100273,grain,Peas,વટાણા,20,900,1435
29/08/2025,100274,grain,Kulthi,કળથી,20,475,675
29/08/2025,100275,grain,Rajma,રાજમા,30,1100,1434
29/08/2025,100276,grain,Groundnut Seed,સીંગદાણા,25,1350,1445
29/08/2025,100277,grain,Groundnut Big,મગફળી જાડી,124,980,1124
29/08/2025,100278,grain,Groundnut Small,મગફળી જીણી,90,715,1027
29/08/2025,100279,grain,Seasmum,તલી ,2200,1580,1981
29/08/2025,100280,grain,Sunflower,સુરજમુખી,8,1425,1425
29/08/2025,100281,grain,Castor seed,એરંડા,110,1250,1298
29/08/2025,100282,grain,Thymol,અજમો,18,550,1261
29/08/2025,100283,grain,Soyabin,સોયાબીન,56,835,871
29/08/2025,100284,grain,Groundnut-Fada,સીંગફાડા,160,1000,1325
29/08/2025,100285,grain,Sesmum-Black,કાળા તલ ,740,2811,4400
29/08/2025,100286,grain,Garlic,લસણ,300,700,1100
29/08/2025,100287,grain,Corriander,ધાણા,240,1280,1480
29/08/2025,100288,grain,Dhani,ધાણી,36,1300,1471
29/08/2025,100289,grain,Variyali,વરીયાળી,6,1001,1630
29/08/2025,100290,grain,Cummin,જીરૂ,900,3250,3650
29/08/2025,100291,grain,Mustard,રાય,60,1240,1650
29/08/2025,100292,grain,Fenugreek,મેથી,300,840,1280
29/08/2025,100293,grain,Asario,અશેરીયો,25,1125,1195
29/08/2025,100294,grain,kalonji,કલોંજી,12,3000,4048
29/08/2025,100295,grain,Mustard seed,રાયડો,80,1180,1270
29/08/2025,100296,grain,Rajkoo Bee,રજકાનું બી ,25,6100,8000
30/08/2025,100330,grain,Cotton B.T.,કપાસ બી.ટી.,800,1311,1638
30/08/2025,100331,grain,Wheat Lokvan,ઘઉં લોકવન,100,520,550
30/08/2025,100332,grain,Wheat Tukda,ઘઉં ટુકડા,960,516,570
30/08/2025,100333,grain,Jowar White,જુવાર સફેદ,60,605,785
30/08/2025,100334,grain,Bajri,બાજરી,250,390,480
30/08/2025,100335,grain,Maize,મકાઇ,50,398,440
30/08/2025,100336,grain,Tuver,તુવેર,300,1071,1250
30/08/2025,100337,grain,Gram Yellow,ચણા પીળા,1080,950,1135
30/08/2025,100338,grain,Gram White,ચણા સફેદ,1400,1150,2075
30/08/2025,100339,grain,Urad,અડદ,130,1231,1595
30/08/2025,100340,grain,Mung,મગ,600,1300,1680
30/08/2025,100341,grain,Val Deshi,વાલ દેશી,28,640,961
30/08/2025,100342,grain,Choli,ચોળી,125,861,1200
30/08/2025,100343,grain,Peas,વટાણા,66,1000,2150
30/08/2025,100344,grain,Rajma,રાજમા,50,900,1585
30/08/2025,100345,grain,Groundnut Seed,સીંગદાણા,25,1300,1410
30/08/2025,100346,grain,Groundnut Big,મગફળી જાડી,65,966,1125
30/08/2025,100347,grain,Groundnut Small,મગફળી જીણી,55,725,1040
30/08/2025,100348,grain,Seasmum,તલી ,1100,1550,1990
30/08/2025,100349,grain,Castor seed,એરંડા,200,1257,1303
30/08/2025,100350,grain,Thymol,અજમો,12,1050,1400
30/08/2025,100351,grain,Dil Seed,સુવા,2,900,1241
30/08/2025,100352,grain,Soyabin,સોયાબીન,110,784,860
30/08/2025,100353,grain,Groundnut-Fada,સીંગફાડા,640,950,1325
30/08/2025,100354,grain,Sesmum-Black,કાળા તલ ,888,2901,4445
30/08/2025,100355,grain,Garlic,લસણ,338,680,1000
30/08/2025,100356,grain,Corriander,ધાણા,560,1350,1480
30/08/2025,100357,grain,Dhani,ધાણી,120,1325,1510
30/08/2025,100358,grain,Variyali,વરીયાળી,32,1000,1300
30/08/2025,100359,grain,Cummin,જીરૂ,720,3200,3660
30/08/2025,100360,grain,Mustard,રાય,30,1250,1590
30/08/2025,100361,grain,Fenugreek,મેથી,260,830,1250
30/08/2025,100362,grain,Isabgul,ઇસબગુલ,24,900,1225
30/08/2025,100363,grain,kalonji,કલોંજી,32,3125,4095
30/08/2025,100364,grain,Mustard seed,રાયડો,60,1160,1270
30/08/2025,100365,grain,Rajkoo Bee,રજકાનું બી ,30,6000,7835
30/08/2025,100366,grain,Guvar Bee,ગુવારનું બી,125,900,940
01/09/2025,100400,grain,Cotton B.T.,કપાસ બી.ટી.,2000,1480,1625
01/09/2025,100401,grain,Wheat Lokvan,ઘઉં લોકવન,220,517,545
01/09/2025,100402,grain,Wheat Tukda,ઘઉં ટુકડા,1640,520,611
01/09/2025,100403,grain,Jowar White,જુવાર સફેદ,105,650,792
01/09/2025,100404,grain,Jowar Yellow,જુવાર પીળી ,15,450,510
01/09/2025,100405,grain,Bajri,બાજરી,272,400,501
01/09/2025,100406,grain,Tuver,તુવેર,420,1035,1321
01/09/2025,100407,grain,Gram Yellow,ચણા પીળા,1000,941,1126
01/09/2025,100408,grain,Gram White,ચણા સફેદ,1000,1121,2125
01/09/2025,100409,grain,Urad,અડદ,190,1250,1616
01/09/2025,100410,grain,Mung,મગ,620,1300,1700
01/09/2025,100411,grain,Val Deshi,વાલ દેશી,55,500,965
01/09/2025,100412,grain,Choli,ચોળી,90,800,1255
01/09/2025,100413,grain,Peas,વટાણા,60,1100,2101
01/09/2025,100414,grain,Rajma,રાજમા,66,900,1500
01/09/2025,100415,grain,Groundnut Seed,સીંગદાણા,75,1300,1400
01/09/2025,100416,grain,Groundnut Big,મગફળી જાડી,210,905,1168
01/09/2025,100417,grain,Groundnut Small,મગફળી જીણી,110,700,1011
01/09/2025,100418,grain,Seasmum,તલી ,3000,1550,1970
01/09/2025,100419,grain,Castor seed,એરંડા,170,1275,1309
01/09/2025,100420,grain,Thymol,અજમો,6,850,1480
01/09/2025,100421,grain,Dil Seed,સુવા,1,820,1040
01/09/2025,100422,grain,Soyabin,સોયાબીન,90,775,863
01/09/2025,100423,grain,Groundnut-Fada,સીંગફાડા,640,1000,1300
01/09/2025,100424,grain,Sesmum-Black,કાળા તલ ,1100,2900,4454
01/09/2025,100425,grain,Garlic,લસણ,1000,650,1010
01/09/2025,100426,grain,Corriander,ધાણા,560,1350,1480
01/09/2025,100427,grain,Dhani,ધાણી,40,1355,1490
01/09/2025,100428,grain,Variyali,વરીયાળી,26,1060,1300
01/09/2025,100429,grain,Cummin,જીરૂ,805,3250,3650
01/09/2025,100430,grain,Mustard,રાય,60,1450,1635
01/09/2025,100431,grain,Fenugreek,મેથી,440,830,1160
01/09/2025,100432,grain,Asario,અશેરીયો,13,1107,1107
01/09/2025,100433,grain,kalonji,કલોંજી,16,3050,4060
01/09/2025,100434,grain,Mustard seed,રાયડો,240,1121,1250
01/09/2025,100435,grain,Rajkoo Bee,રજકાનું બી ,28,5700,7800
02/09/2025,100468,grain,Cotton B.T.,કપાસ બી.ટી.,800,1440,1611
02/09/2025,100469,grain,Wheat Lokvan,ઘઉં લોકવન,240,524,544
02/09/2025,100470,grain,Wheat Tukda,ઘઉં ટુકડા,1700,527,585
02/09/2025,100471,grain,Jowar White,જુવાર સફેદ,100,500,825
02/09/2025,100472,grain,Jowar Yellow,જુવાર પીળી ,14,400,520
02/09/2025,100473,grain,Bajri,બાજરી,192,378,470
02/09/2025,100474,grain,Tuver,તુવેર,260,1000,1311
02/09/2025,100475,grain,Gram Yellow,ચણા પીળા,750,950,1127
02/09/2025,100476,grain,Gram White,ચણા સફેદ,800,1151,2185
02/09/2025,100477,grain,Urad,અડદ,130,1175,1626
02/09/2025,100478,grain,Mung,મગ,540,1350,1685
02/09/2025,100479,grain,Val Deshi,વાલ દેશી,140,500,1200
02/09/2025,100480,grain,Choli,ચોળી,75,855,1300
02/09/2025,100481,grain,Peas,વટાણા,220,1150,2440
02/09/2025,100482,grain,Kulthi,કળથી,7,651,651
02/09/2025,100483,grain,Rajma,રાજમા,60,900,1570
02/09/2025,100484,grain,Groundnut Seed,સીંગદાણા,60,1150,1408
02/09/2025,100485,grain,Groundnut Big,મગફળી જાડી,360,950,1150
02/09/2025,100486,grain,Groundnut Small,મગફળી જીણી,160,710,1051
02/09/2025,100487,grain,Seasmum,તલી ,2200,1500,1980
02/09/2025,100488,grain,Castor seed,એરંડા,155,1231,1302
02/09/2025,100489,grain,Thymol,અજમો,8,1000,1850
02/09/2025,100490,grain,Dil Seed,સુવા,1,500,1200
02/09/2025,100491,grain,Soyabin,સોયાબીન,80,771,858
02/09/2025,100492,grain,Groundnut-Fada,સીંગફાડા,320,950,1310
02/09/2025,100493,grain,Sesmum-Black,કાળા તલ ,1100,2900,4301
02/09/2025,100494,grain,Garlic,લસણ,900,625,975
02/09/2025,100495,grain,Corriander,ધાણા,180,1200,1434
02/09/2025,100496,grain,Dhani,ધાણી,160,1250,1491
02/09/2025,100497,grain,Variyali,વરીયાળી,24,1075,1500
02/09/2025,100498,grain,Cummin,જીરૂ,780,3275,3618
02/09/2025,100499,grain,Mustard,રાય,80,1450,1625
02/09/2025,100500,grain,Fenugreek,મેથી,400,820,1325
02/09/2025,100501,grain,kalonji,કલોંજી,16,2600,3995
02/09/2025,100502,grain,Mustard seed,રાયડો,40,1100,1260
02/09/2025,100503,grain,Rajkoo Bee,રજકાનું બી ,50,5100,7800
03/09/2025,100537,grain,Cotton B.T.,કપાસ બી.ટી.,700,1400,1578
03/09/2025,100538,grain,Wheat Lokvan,ઘઉં લોકવન,140,528,570
03/09/2025,100539,grain,Wheat Tukda,ઘઉં ટુકડા,1440,522,579
03/09/2025,100540,grain,Jowar White,જુવાર સફેદ,80,600,825
03/09/2025,100541,grain,Jowar Yellow,જુવાર પીળી ,16,400,500
03/09/2025,100542,grain,Bajri,બાજરી,165,409,446
03/09/2025,100543,grain,Tuver,તુવેર,290,1010,1300
03/09/2025,100544,grain,Gram Yellow,ચણા પીળા,620,941,1105
03/09/2025,100545,grain,Gram White,ચણા સફેદ,740,1101,2085
03/09/2025,100546,grain,Urad,અડદ,65,1161,1602
03/09/2025,100547,grain,Mung,મગ,580,1300,1725
03/09/2025,100548,grain,Val Deshi,વાલ દેશી,56,350,1010
03/09/2025,100549,grain,Choli,ચોળી,40,800,1317
03/09/2025,100550,grain,Peas,વટાણા,300,1800,2500
03/09/2025,100551,grain,Kulthi,કળથી,45,540,720
03/09/2025,100552,grain,Rajma,રાજમા,240,800,1632
03/09/2025,100553,grain,Groundnut Seed,સીંગદાણા,30,1325,1440
03/09/2025,100554,grain,Groundnut Big,મગફળી જાડી,330,900,1138
03/09/2025,100555,grain,Groundnut Small,મગફળી જીણી,170,728,1040
03/09/2025,100556,grain,Seasmum,તલી ,2200,1520,1970
03/09/2025,100557,grain,Castor seed,એરંડા,80,1100,1299
03/09/2025,100558,grain,Thymol,અજમો,10,900,1220
03/09/2025,100559,grain,Dil Seed,સુવા,3,960,1200
03/09/2025,100560,grain,Soyabin,સોયાબીન,90,775,866
03/09/2025,100561,grain,Groundnut-Fada,સીંગફાડા,320,980,1300
03/09/2025,100562,grain,Sesmum-Black,કાળા તલ ,760,3280,4316
03/09/2025,100563,grain,Garlic,લસણ,700,600,950
03/09/2025,100564,grain,Corriander,ધાણા,520,1370,1470
03/09/2025,100565,grain,Dhani,ધાણી,80,1350,1480
03/09/2025,100566,grain,Variyali,વરીયાળી,100,1100,1700
03/09/2025,100567,grain,Cummin,જીરૂ,1100,3150,3511
03/09/2025,100568,grain,Mustard,રાય,120,1300,1607
03/09/2025,100569,grain,Fenugreek,મેથી,300,810,1240
03/09/2025,100570,grain,Mustard seed,રાયડો,160,1120,1250
03/09/2025,100571,grain,Rajkoo Bee,રજકાનું બી ,45,6100,7910
03/09/2025,100572,grain,Guvar Bee,ગુવારનું બી,60,880,911
04/09/2025,100606,grain,Cotton B.T.,કપાસ બી.ટી.,800,1320,1571
04/09/2025,100607,grain,Wheat Lokvan,ઘઉં લોકવન,140,523,554
04/09/2025,100608,grain,Wheat Tukda,ઘઉં ટુકડા,1680,528,576
04/09/2025,100609,grain,Jowar White,જુવાર સફેદ,50,650,799
04/09/2025,100610,grain,Jowar Red,જુવાર લાલ,5,600,750
04/09/2025,100611,grain,Bajri,બાજરી,230,390,489
04/09/2025,100612,grain,Tuver,તુવેર,350,1050,1282
04/09/2025,100613,grain,Gram Yellow,ચણા પીળા,1000,945,1109
04/09/2025,100614,grain,Gram White,ચણા સફેદ,660,1115,2080
04/09/2025,100615,grain,Urad,અડદ,150,1171,1584
04/09/2025,100616,grain,Mung,મગ,480,1350,1706
04/09/2025,100617,grain,Val Deshi,વાલ દેશી,48,400,1050
04/09/2025,100618,grain,Choli,ચોળી,60,825,1380
04/09/2025,100619,grain,Peas,વટાણા,100,1850,2450
04/09/2025,100620,grain,Rajma,રાજમા,80,850,1600
04/09/2025,100621,grain,Groundnut Seed,સીંગદાણા,110,1370,1450
04/09/2025,100622,grain,Groundnut Big,મગફળી જાડી,420,940,1140
04/09/2025,100623,grain,Groundnut Small,મગફળી જીણી,180,700,1030
04/09/2025,100624,grain,Seasmum,તલી ,2020,1500,1980
04/09/2025,100625,grain,Castor seed,એરંડા,450,1270,1304
04/09/2025,100626,grain,Thymol,અજમો,36,1100,1650
04/09/2025,100627,grain,Dil Seed,સુવા,2,1000,1224
04/09/2025,100628,grain,Soyabin,સોયાબીન,80,771,853
04/09/2025,100629,grain,Groundnut-Fada,સીંગફાડા,480,980,1300
04/09/2025,100630,grain,Sesmum-Black,કાળા તલ ,660,3300,4298
04/09/2025,100631,grain,Garlic,લસણ,660,650,970
04/09/2025,100632,grain,Corriander,ધાણા,240,1225,1440
04/09/2025,100633,grain,Dhani,ધાણી,160,1350,1500
04/09/2025,100634,grain,Variyali,વરીયાળી,60,1140,1511
04/09/2025,100635,grain,Cummin,જીરૂ,900,3200,3515
04/09/2025,100636,grain,Mustard,રાય,40,1270,1600
04/09/2025,100637,grain,Fenugreek,મેથી,500,840,1310
04/09/2025,100638,grain,kalonji,કલોંજી,50,3150,4050
04/09/2025,100639,grain,Mustard seed,રાયડો,160,1150,1260
04/09/2025,100640,grain,Rajkoo Bee,રજકાનું બી ,80,5800,8000
04/09/2025,100641,grain,Guvar Bee,ગુવારનું બી,35,850,910
05/09/2025,100675,grain,Cotton B.T.,કપાસ બી.ટી.,400,1324,1566
05/09/2025,100676,grain,Wheat Lokvan,ઘઉં લોકવન,140,531,551
05/09/2025,100677,grain,Wheat Tukda,ઘઉં ટુકડા,1040,527,575
05/09/2025,100678,grain,Jowar White,જુવાર સફેદ,5,670,727
05/09/2025,100679,grain,Jowar Yellow,જુવાર પીળી ,5,400,550
05/09/2025,100680,grain,Bajri,બાજરી,130,396,444
05/09/2025,100681,grain,Tuver,તુવેર,310,1060,1300
05/09/2025,100682,grain,Gram Yellow,ચણા પીળા,300,931,1111
05/09/2025,100683,grain,Gram White,ચણા સફેદ,1400,1121,2050
05/09/2025,100684,grain,Urad,અડદ,350,1121,1590
05/09/2025,100685,grain,Mung,મગ,440,1300,1710
05/09/2025,100686,grain,Val Deshi,વાલ દેશી,48,410,1011
05/09/2025,100687,grain,Choli,ચોળી,80,820,1169
05/09/2025,100688,grain,Peas,વટાણા,120,1400,2300
05/09/2025,100689,grain,Rajma,રાજમા,30,900,1500
05/09/2025,100690,grain,Groundnut Seed,સીંગદાણા,100,1325,1440
05/09/2025,100691,grain,Groundnut Big,મગફળી જાડી,410,960,1154
05/09/2025,100692,grain,Groundnut Small,મગફળી જીણી,190,700,1100
05/09/2025,100693,grain,Seasmum,તલી ,1440,1515,2000
05/09/2025,100694,grain,Castor seed,એરંડા,480,1278,1305
05/09/2025,100695,grain,Thymol,અજમો,30,940,1260
05/09/2025,100696,grain,Soyabin,સોયાબીન,32,770,859
05/09/2025,100697,grain,Groundnut-Fada,સીંગફાડા,480,980,1280
05/09/2025,100698,grain,Sesmum-Black,કાળા તલ ,460,3550,4380
05/09/2025,100699,grain,Garlic,લસણ,440,656,920
05/09/2025,100700,grain,Corriander,ધાણા,320,1230,1470
05/09/2025,100701,grain,Dhani,ધાણી,106,1250,1490
05/09/2025,100702,grain,Variyali,વરીયાળી,45,1200,1541
05/09/2025,100703,grain,Cummin,જીરૂ,800,3280,3555
05/09/2025,100704,grain,Mustard,રાય,30,1280,1500
05/09/2025,100705,grain,Fenugreek,મેથી,400,840,1220
05/09/2025,100706,grain,Mustard seed,રાયડો,300,1130,1247
05/09/2025,100707,grain,Rajkoo Bee,રજકાનું બી ,15,5100,7350
05/09/2025,100708,grain,Guvar Bee,ગુવારનું બી,30,890,935
06/09/2025,100742,grain,Cotton B.T.,કપાસ બી.ટી.,260,1300,1582
06/09/2025,100743,grain,Wheat Lokvan,ઘઉં લોકવન,120,525,546
06/09/2025,100744,grain,Wheat Tukda,ઘઉં ટુકડા,1040,527,578
06/09/2025,100745,grain,Jowar White,જુવાર સફેદ,50,621,752
06/09/2025,100746,grain,Bajri,બાજરી,130,392,470
06/09/2025,100747,grain,Tuver,તુવેર,210,1050,1278
06/09/2025,100748,grain,Gram Yellow,ચણા પીળા,240,921,1110
06/09/2025,100749,grain,Gram White,ચણા સફેદ,840,1151,2040
06/09/2025,100750,grain,Urad,અડદ,190,1200,1617
06/09/2025,100751,grain,Mung,મગ,380,1350,1720
06/09/2025,100752,grain,Val Deshi,વાલ દેશી,88,400,1000
06/09/2025,100753,grain,Choli,ચોળી,60,800,1356
06/09/2025,100754,grain,Peas,વટાણા,20,1450,2250
06/09/2025,100755,grain,Rajma,રાજમા,30,950,1550
06/09/2025,100756,grain,Groundnut Seed,સીંગદાણા,80,1300,1405
06/09/2025,100757,grain,Groundnut Big,મગફળી જાડી,350,920,1125
06/09/2025,100758,grain,Groundnut Small,મગફળી જીણી,150,650,1118
06/09/2025,100759,grain,Seasmum,તલી ,1000,1500,1989
06/09/2025,100760,grain,Castor seed,એરંડા,448,1270,1305
06/09/2025,100761,grain,Thymol,અજમો,10,750,1170
06/09/2025,100762,grain,Soyabin,સોયાબીન,95,775,850
06/09/2025,100763,grain,Groundnut-Fada,સીંગફાડા,360,900,1300
06/09/2025,100764,grain,Sesmum-Black,કાળા તલ ,300,3640,4400
06/09/2025,100765,grain,Garlic,લસણ,250,550,756
06/09/2025,100766,grain,Corriander,ધાણા,130,1335,1481
06/09/2025,100767,grain,Dhani,ધાણી,80,1350,1509
06/09/2025,100768,grain,Variyali,વરીયાળી,30,900,1493
06/09/2025,100769,grain,Cummin,જીરૂ,550,3240,3560
06/09/2025,100770,grain,Mustard,રાય,4,1260,1370
06/09/2025,100771,grain,Fenugreek,મેથી,260,800,1240
06/09/2025,100772,grain,Mustard seed,રાયડો,64,1090,1259
06/09/2025,100773,grain,Rajkoo Bee,રજકાનું બી ,45,5700,6900
06/09/2025,100774,grain,Guvar Bee,ગુવારનું બી,30,880,925
08/09/2025,100808,grain,Cotton B.T.,કપાસ બી.ટી.,100,1290,1551
08/09/2025,100809,grain,Wheat Lokvan,ઘઉં લોકવન,60,510,549
08/09/2025,100810,grain,Wheat Tukda,ઘઉં ટુકડા,620,529,570
08/09/2025,100811,grain,Jowar White,જુવાર સફેદ,16,650,835
08/09/2025,100812,grain,Jowar Yellow,જુવાર પીળી ,6,400,500
08/09/2025,100813,grain,Bajri,બાજરી,180,380,426
08/09/2025,100814,grain,Tuver,તુવેર,190,1040,1284
08/09/2025,100815,grain,Gram Yellow,ચણા પીળા,240,911,1105
08/09/2025,100816,grain,Gram White,ચણા સફેદ,760,1131,2084
08/09/2025,100817,grain,Urad,અડદ,80,1191,1618
08/09/2025,100818,grain,Mung,મગ,430,1350,1740
08/09/2025,100819,grain,Choli,ચોળી,80,840,1244
08/09/2025,100820,grain,Peas,વટાણા,40,1234,2350
08/09/2025,100821,grain,Rajma,રાજમા,80,1200,1600
08/09/2025,100822,grain,Groundnut Seed,સીંગદાણા,50,1120,1385
08/09/2025,100823,grain,Groundnut Big,મગફળી જાડી,320,975,1115
08/09/2025,100824,grain,Groundnut Small,મગફળી જીણી,140,740,1110
08/09/2025,100825,grain,Seasmum,તલી ,1480,1550,2050
08/09/2025,100826,grain,Castor seed,એરંડા,200,1270,1308
08/09/2025,100827,grain,Thymol,અજમો,3,800,1100
08/09/2025,100828,grain,Soyabin,સોયાબીન,10,775,853
08/09/2025,100829,grain,Groundnut-Fada,સીંગફાડા,260,856,1325
08/09/2025,100830,grain,Sesmum-Black,કાળા તલ ,260,3300,4274
08/09/2025,100831,grain,Garlic,લસણ,160,500,735
08/09/2025,100832,grain,Corriander,ધાણા,480,1300,1535
08/09/2025,100833,grain,Dhani,ધાણી,180,1311,1550
08/09/2025,100834,grain,Variyali,વરીયાળી,5,1075,1400
08/09/2025,100835,grain,Cummin,જીરૂ,300,3225,3550
08/09/2025,100836,grain,Mustard,રાય,5,1250,1595
08/09/2025,100837,grain,Fenugreek,મેથી,240,840,1100
08/09/2025,100838,grain,kalonji,કલોંજી,12,2700,4095
08/09/2025,100839,grain,Mustard seed,રાયડો,125,1215,1279
08/09/2025,100840,grain,Rajkoo Bee,રજકાનું બી ,40,5300,7100
09/09/2025,100873,grain,Cotton B.T.,કપાસ બી.ટી.,100,1350,1600
09/09/2025,100874,grain,Wheat Lokvan,ઘઉં લોકવન,60,527,550
09/09/2025,100875,grain,Wheat Tukda,ઘઉં ટુકડા,420,529,625
09/09/2025,100876,grain,Jowar White,જુવાર સફેદ,50,500,792
09/09/2025,100877,grain,Bajri,બાજરી,160,390,451
09/09/2025,100878,grain,Tuver,તુવેર,180,1030,1324
09/09/2025,100879,grain,Gram Yellow,ચણા પીળા,150,971,1111
09/09/2025,100880,grain,Gram White,ચણા સફેદ,900,1110,2045
09/09/2025,100881,grain,Urad,અડદ,190,1126,1633
09/09/2025,100882,grain,Mung,મગ,434,1300,1700
09/09/2025,100883,grain,Val Deshi,વાલ દેશી,46,300,1156
09/09/2025,100884,grain,Choli,ચોળી,34,840,1105
09/09/2025,100885,grain,Peas,વટાણા,14,1000,2100
09/09/2025,100886,grain,Rajma,રાજમા,60,900,1450
09/09/2025,100887,grain,Groundnut Seed,સીંગદાણા,25,1150,1384
09/09/2025,100888,grain,Groundnut Big,મગફળી જાડી,220,991,1110
09/09/2025,100889,grain,Groundnut Small,મગફળી જીણી,80,700,1025
09/09/2025,100890,grain,Seasmum,તલી ,1600,1500,2044
09/09/2025,100891,grain,Castor seed,એરંડા,200,1290,1308
09/09/2025,100892,grain,Thymol,અજમો,4,840,1405
09/09/2025,100893,grain,Soyabin,સોયાબીન,30,780,837
09/09/2025,100894,grain,Groundnut-Fada,સીંગફાડા,220,900,1256
09/09/2025,100895,grain,Sesmum-Black,કાળા તલ ,240,3500,4343
09/09/2025,100896,grain,Garlic,લસણ,190,628,900
09/09/2025,100897,grain,Corriander,ધાણા,86,1310,1511
09/09/2025,100898,grain,Dhani,ધાણી,200,1280,1490
09/09/2025,100899,grain,Variyali,વરીયાળી,20,1015,1527
09/09/2025,100900,grain,Cummin,જીરૂ,450,3230,3569
09/09/2025,100901,grain,Mustard,રાય,30,1260,1570
09/09/2025,100902,grain,Fenugreek,મેથી,340,825,1100
09/09/2025,100903,grain,kalonji,કલોંજી,3,1200,3950
09/09/2025,100904,grain,Mustard seed,રાયડો,80,1200,1260
09/09/2025,100905,grain,Rajkoo Bee,રજકાનું બી ,50,6000,7700
10/09/2025,100939,grain,Cotton B.T.,કપાસ બી.ટી.,500,1370,1594
10/09/2025,100940,grain,Wheat Lokvan,ઘઉં લોકવન,120,524,550
10/09/2025,100941,grain,Wheat Tukda,ઘઉં ટુકડા,1800,529,611
10/09/2025,100942,grain,Jowar White,જુવાર સફેદ,150,600,839
10/09/2025,100943,grain,Jowar Red,જુવાર લાલ,8,650,750
10/09/2025,100944,grain,Bajri,બાજરી,165,392,476
10/09/2025,100945,grain,Tuver,તુવેર,190,1050,1312
10/09/2025,100946,grain,Gram Yellow,ચણા પીળા,400,961,1125
10/09/2025,100947,grain,Gram White,ચણા સફેદ,1050,1100,2055
10/09/2025,100948,grain,Urad,અડદ,122,1080,1642
10/09/2025,100949,grain,Mung,મગ,440,1350,1750
10/09/2025,100950,grain,Val Deshi,વાલ દેશી,60,300,985
10/09/2025,100951,grain,Choli,ચોળી,40,825,1401
10/09/2025,100952,grain,Peas,વટાણા,30,1200,2200
10/09/2025,100953,grain,Rajma,રાજમા,60,900,1721
10/09/2025,100954,grain,Groundnut Seed,સીંગદાણા,20,1151,1370
10/09/2025,100955,grain,Groundnut Big,મગફળી જાડી,500,950,1070
10/09/2025,100956,grain,Groundnut Small,મગફળી જીણી,300,750,1100
10/09/2025,100957,grain,Seasmum,તલી ,2400,1500,2032
10/09/2025,100958,grain,Castor seed,એરંડા,240,1275,1301
10/09/2025,100959,grain,Thymol,અજમો,6,800,1250
10/09/2025,100960,grain,Dil Seed,સુવા,2,1080,1231
10/09/2025,100961,grain,Soyabin,સોયાબીન,35,775,842
10/09/2025,100962,grain,Groundnut-Fada,સીંગફાડા,188,953,1234
10/09/2025,100963,grain,Sesmum-Black,કાળા તલ ,560,3420,4334
10/09/2025,100964,grain,Garlic,લસણ,560,625,925
10/09/2025,100965,grain,Corriander,ધાણા,280,1320,1480
10/09/2025,100966,grain,Dhani,ધાણી,60,1350,1651
10/09/2025,100967,grain,Variyali,વરીયાળી,5,1180,1351
10/09/2025,100968,grain,Cummin,જીરૂ,1050,3350,3670
10/09/2025,100969,grain,Mustard,રાય,40,1350,1615
10/09/2025,100970,grain,Fenugreek,મેથી,500,810,1200
10/09/2025,100971,grain,Isabgul,ઇસબગુલ,2,1040,1175
10/09/2025,100972,grain,Asario,અશેરીયો,13,851,851
10/09/2025,100973,grain,Mustard seed,રાયડો,80,1150,1265
10/09/2025,100974,grain,Rajkoo Bee,રજકાનું બી ,40,6010,7525
10/09/2025,100975,grain,Guvar Bee,ગુવારનું બી,25,850,900
11/09/2025,101009,grain,Cotton B.T.,કપાસ બી.ટી.,400,1400,1611
11/09/2025,101010,grain,Wheat Lokvan,ઘઉં લોકવન,240,528,553
11/09/2025,101011,grain,Wheat Tukda,ઘઉં ટુકડા,1840,530,641
11/09/2025,101012,grain,Jowar White,જુવાર સફેદ,150,600,762
11/09/2025,101013,grain,Bajri,બાજરી,80,390,470
11/09/2025,101014,grain,Tuver,તુવેર,236,1070,1300
11/09/2025,101015,grain,Gram Yellow,ચણા પીળા,200,951,1120
11/09/2025,101016,grain,Gram White,ચણા સફેદ,1400,1111,2010
11/09/2025,101017,grain,Urad,અડદ,150,1230,1623
11/09/2025,101018,grain,Mung,મગ,390,1300,1800
11/09/2025,101019,grain,Val Deshi,વાલ દેશી,64,400,1076
11/09/2025,101020,grain,Choli,ચોળી,75,850,1287
11/09/2025,101021,grain,Peas,વટાણા,70,1400,2375
11/09/2025,101022,grain,Rajma,રાજમા,90,900,1700
11/09/2025,101023,grain,Groundnut Seed,સીંગદાણા,240,1100,1385
11/09/2025,101024,grain,Groundnut Big,મગફળી જાડી,440,950,1135
11/09/2025,101025,grain,Groundnut Small,મગફળી જીણી,240,840,1216
11/09/2025,101026,grain,Seasmum,તલી ,2800,1500,2035
11/09/2025,101027,grain,Sunflower,સુરજમુખી,15,1050,1150
11/09/2025,101028,grain,Castor seed,એરંડા,400,1280,1305
11/09/2025,101029,grain,Thymol,અજમો,3,1240,1450
11/09/2025,101030,grain,Soyabin,સોયાબીન,20,797,841
11/09/2025,101031,grain,Groundnut-Fada,સીંગફાડા,360,1090,1280
11/09/2025,101032,grain,Sesmum-Black,કાળા તલ ,460,3300,4374
11/09/2025,101033,grain,Garlic,લસણ,1000,650,900
11/09/2025,101034,grain,Corriander,ધાણા,240,1340,1480
11/09/2025,101035,grain,Dhani,ધાણી,120,1300,1650
11/09/2025,101036,grain,Variyali,વરીયાળી,40,1035,1401
11/09/2025,101037,grain,Cummin,જીરૂ,900,3300,3540
11/09/2025,101038,grain,Mustard,રાય,20,1290,1610
11/09/2025,101039,grain,Fenugreek,મેથી,580,840,1161
11/09/2025,101040,grain,Isabgul,ઇસબગુલ,2,1275,1275
11/09/2025,101041,grain,Asario,અશેરીયો,17,1071,1134
11/09/2025,101042,grain,kalonji,કલોંજી,8,3100,4100
11/09/2025,101043,grain,Mustard seed,રાયડો,80,1080,1254
11/09/2025,101044,grain,Rajkoo Bee,રજકાનું બી ,120,6000,8000
11/09/2025,101045,grain,Guvar Bee,ગુવારનું બી,80,850,900
12/09/2025,101079,grain,Cotton B.T.,કપાસ બી.ટી.,600,1424,1635
12/09/2025,101080,grain,Wheat Lokvan,ઘઉં લોકવન,360,526,546
12/09/2025,101081,grain,Wheat Tukda,ઘઉં ટુકડા,2600,530,628
12/09/2025,101082,grain,Jowar White,જુવાર સફેદ,130,600,814
12/09/2025,101083,grain,Jowar Red,જુવાર લાલ,2,700,825
12/09/2025,101084,grain,Jowar Yellow,જુવાર પીળી ,3,350,400
12/09/2025,101085,grain,Bajri,બાજરી,150,394,452
12/09/2025,101086,grain,Tuver,તુવેર,190,1050,1287
12/09/2025,101087,grain,Gram Yellow,ચણા પીળા,270,901,1115
12/09/2025,101088,grain,Gram White,ચણા સફેદ,1800,1115,2030
12/09/2025,101089,grain,Urad,અડદ,210,1200,1586
12/09/2025,101090,grain,Mung,મગ,450,1350,1810
12/09/2025,101091,grain,Val Deshi,વાલ દેશી,94,300,1154
12/09/2025,101092,grain,Choli,ચોળી,80,830,1400
12/09/2025,101093,grain,Peas,વટાણા,20,1400,2300
12/09/2025,101094,grain,Kulthi,કળથી,7,551,551
12/09/2025,101095,grain,Rajma,રાજમા,60,900,1581
12/09/2025,101096,grain,Groundnut Seed,સીંગદાણા,40,1200,1400
12/09/2025,101097,grain,Groundnut Big,મગફળી જાડી,380,918,1120
12/09/2025,101098,grain,Groundnut Small,મગફળી જીણી,260,850,1215
12/09/2025,101099,grain,Linseed,અળશી,5,1107,1107
12/09/2025,101100,grain,Seasmum,તલી ,2000,1500,1970
12/09/2025,101101,grain,Castor seed,એરંડા,300,1285,1304
12/09/2025,101102,grain,Thymol,અજમો,16,1030,1400
12/09/2025,101103,grain,Soyabin,સોયાબીન,50,751,840
12/09/2025,101104,grain,Groundnut-Fada,સીંગફાડા,360,1100,1330
12/09/2025,101105,grain,Sesmum-Black,કાળા તલ ,420,3415,4300
12/09/2025,101106,grain,Garlic,લસણ,1100,650,900
12/09/2025,101107,grain,Corriander,ધાણા,140,1300,1460
12/09/2025,101108,grain,Dhani,ધાણી,40,1400,1628
12/09/2025,101109,grain,Variyali,વરીયાળી,13,950,1251
12/09/2025,101110,grain,Cummin,જીરૂ,850,3250,3575
12/09/2025,101111,grain,Mustard,રાય,100,1440,1610
12/09/2025,101112,grain,Fenugreek,મેથી,700,800,1300
12/09/2025,101113,grain,Mustard seed,રાયડો,120,1120,1280
12/09/2025,101114,grain,Rajkoo Bee,રજકાનું બી ,54,6000,8235
12/09/2025,101115,grain,Guvar Bee,ગુવારનું બી,15,851,900
13/09/2025,101149,grain,Cotton B.T.,કપાસ બી.ટી.,900,1325,1661
13/09/2025,101150,grain,Wheat Lokvan,ઘઉં લોકવન,140,527,552
13/09/2025,101151,grain,Wheat Tukda,ઘઉં ટુકડા,1440,522,618
13/09/2025,101152,grain,Jowar White,જુવાર સફેદ,120,600,809
13/09/2025,101153,grain,Jowar Yellow,જુવાર પીળી ,240,350,481
13/09/2025,101154,grain,Bajri,બાજરી,225,390,475
13/09/2025,101155,grain,Tuver,તુવેર,360,1040,1308
13/09/2025,101156,grain,Gram Yellow,ચણા પીળા,500,975,1104
13/09/2025,101157,grain,Gram White,ચણા સફેદ,1500,1150,1951
13/09/2025,101158,grain,Urad,અડદ,190,1221,1608
13/09/2025,101159,grain,Mung,મગ,220,1300,1871
13/09/2025,101160,grain,Val Deshi,વાલ દેશી,84,321,1151
13/09/2025,101161,grain,Choli,ચોળી,50,640,1145
13/09/2025,101162,grain,Peas,વટાણા,90,1450,2530
13/09/2025,101163,grain,Kulthi,કળથી,8,650,800
13/09/2025,101164,grain,Rajma,રાજમા,100,950,1600
13/09/2025,101165,grain,Groundnut Seed,સીંગદાણા,60,1220,1404
13/09/2025,101166,grain,Groundnut Big,મગફળી જાડી,500,945,1115
13/09/2025,101167,grain,Groundnut Small,મગફળી જીણી,300,750,1200
13/09/2025,101168,grain,Seasmum,તલી ,2320,1500,1980
13/09/2025,101169,grain,Sunflower,સુરજમુખી,5,945,945
13/09/2025,101170,grain,Castor seed,એરંડા,310,1260,1305
13/09/2025,101171,grain,Thymol,અજમો,20,1200,1750
13/09/2025,101172,grain,Dil Seed,સુવા,1,1040,1300
13/09/2025,101173,grain,Soyabin,સોયાબીન,60,771,828
13/09/2025,101174,grain,Groundnut-Fada,સીંગફાડા,300,1100,1300
13/09/2025,101175,grain,Sesmum-Black,કાળા તલ ,640,3070,4444
13/09/2025,101176,grain,Garlic,લસણ,940,645,900
13/09/2025,101177,grain,Corriander,ધાણા,280,1300,1470
13/09/2025,101178,grain,Dhani,ધાણી,80,1315,1700
13/09/2025,101179,grain,Variyali,વરીયાળી,20,900,1211
13/09/2025,101180,grain,Cummin,જીરૂ,800,3275,3570
13/09/2025,101181,grain,Mustard,રાય,120,1350,1620
13/09/2025,101182,grain,Fenugreek,મેથી,360,820,1230
13/09/2025,101183,grain,Asario,અશેરીયો,23,850,1145
13/09/2025,101184,grain,kalonji,કલોંજી,16,3000,4077
13/09/2025,101185,grain,Mustard seed,રાયડો,200,1100,1270
13/09/2025,101186,grain,Rajkoo Bee,રજકાનું બી ,60,6300,7735
13/09/2025,101187,grain,Guvar Bee,ગુવારનું બી,10,890,890
15/09/2025,101221,grain,Cotton B.T.,કપાસ બી.ટી.,1200,1401,1697
15/09/2025,101222,grain,Wheat Lokvan,ઘઉં લોકવન,150,527,561
15/09/2025,101223,grain,Wheat Tukda,ઘઉં ટુકડા,2040,528,610
15/09/2025,101224,grain,Jowar White,જુવાર સફેદ,130,680,785
15/09/2025,101225,grain,Jowar Red,જુવાર લાલ,3,600,750
15/09/2025,101226,grain,Jowar Yellow,જુવાર પીળી ,4,370,450
15/09/2025,101227,grain,Bajri,બાજરી,260,394,469
15/09/2025,101228,grain,Tuver,તુવેર,400,1050,1300
15/09/2025,101229,grain,Gram Yellow,ચણા પીળા,500,951,1115
15/09/2025,101230,grain,Gram White,ચણા સફેદ,1300,1125,1975
15/09/2025,101231,grain,Urad,અડદ,230,1220,1600
15/09/2025,101232,grain,Mung,મગ,360,1350,1820
15/09/2025,101233,grain,Val Deshi,વાલ દેશી,130,305,929
15/09/2025,101234,grain,Choli,ચોળી,80,750,1540
15/09/2025,101235,grain,Peas,વટાણા,40,800,2000
15/09/2025,101236,grain,Rajma,રાજમા,70,610,1600
15/09/2025,101237,grain,Groundnut Seed,સીંગદાણા,30,1200,1400
15/09/2025,101238,grain,Groundnut Big,મગફળી જાડી,1100,950,1100
15/09/2025,101239,grain,Groundnut Small,મગફળી જીણી,900,770,1251
15/09/2025,101240,grain,Seasmum,તલી ,3000,1515,1970
15/09/2025,101241,grain,Castor seed,એરંડા,295,1216,1304
15/09/2025,101242,grain,Thymol,અજમો,12,1280,2130
15/09/2025,101243,grain,Dil Seed,સુવા,1,1050,1240
15/09/2025,101244,grain,Soyabin,સોયાબીન,30,775,840
15/09/2025,101245,grain,Groundnut-Fada,સીંગફાડા,200,1110,1290
15/09/2025,101246,grain,Sesmum-Black,કાળા તલ ,440,3200,4130
15/09/2025,101247,grain,Garlic,લસણ,800,400,1000
15/09/2025,101248,grain,Corriander,ધાણા,160,1340,1470
15/09/2025,101249,grain,Dhani,ધાણી,80,1350,1674
15/09/2025,101250,grain,Variyali,વરીયાળી,30,1000,1430
15/09/2025,101251,grain,Cummin,જીરૂ,1075,3240,3532
15/09/2025,101252,grain,Mustard,રાય,60,1280,1630
15/09/2025,101253,grain,Fenugreek,મેથી,400,820,1250
15/09/2025,101254,grain,Isabgul,ઇસબગુલ,1,800,1300
15/09/2025,101255,grain,kalonji,કલોંજી,28,3050,3630
15/09/2025,101256,grain,Mustard seed,રાયડો,120,1120,1244
15/09/2025,101257,grain,Rajkoo Bee,રજકાનું બી ,45,6300,8300
15/09/2025,101258,grain,Guvar Bee,ગુવારનું બી,40,880,925
16/09/2025,101292,grain,Cotton B.T.,કપાસ બી.ટી.,2000,1218,1654
16/09/2025,101293,grain,Wheat Lokvan,ઘઉં લોકવન,180,525,555
16/09/2025,101294,grain,Wheat Tukda,ઘઉં ટુકડા,1660,527,603
16/09/2025,101295,grain,Jowar White,જુવાર સફેદ,250,650,830
16/09/2025,101296,grain,Jowar Yellow,જુવાર પીળી ,20,350,450
16/09/2025,101297,grain,Bajri,બાજરી,200,375,472
16/09/2025,101298,grain,Tuver,તુવેર,520,950,1280
16/09/2025,101299,grain,Gram Yellow,ચણા પીળા,200,951,1121
16/09/2025,101300,grain,Gram White,ચણા સફેદ,1200,1151,1960
16/09/2025,101301,grain,Urad,અડદ,450,950,1621
16/09/2025,101302,grain,Mung,મગ,330,1300,1800
16/09/2025,101303,grain,Val Deshi,વાલ દેશી,96,400,1000
16/09/2025,101304,grain,Choli,ચોળી,60,725,1435
16/09/2025,101305,grain,Peas,વટાણા,100,1400,2112
16/09/2025,101306,grain,Rajma,રાજમા,80,900,1617
16/09/2025,101307,grain,Groundnut Seed,સીંગદાણા,40,1250,1410
16/09/2025,101308,grain,Groundnut Big,મગફળી જાડી,700,940,1090
16/09/2025,101309,grain,Groundnut Small,મગફળી જીણી,1300,850,1260
16/09/2025,101310,grain,Seasmum,તલી ,2040,1510,1971
16/09/2025,101311,grain,Castor seed,એરંડા,220,1175,1300
16/09/2025,101312,grain,Thymol,અજમો,14,1150,1860
16/09/2025,101313,grain,Dil Seed,સુવા,2,1100,1300
16/09/2025,101314,grain,Soyabin,સોયાબીન,80,771,837
16/09/2025,101315,grain,Groundnut-Fada,સીંગફાડા,340,1150,1285
16/09/2025,101316,grain,Sesmum-Black,કાળા તલ ,524,3230,4225
16/09/2025,101317,grain,Garlic,લસણ,900,620,915
16/09/2025,101318,grain,Corriander,ધાણા,170,1345,1450
16/09/2025,101319,grain,Dhani,ધાણી,60,1350,1654
16/09/2025,101320,grain,Variyali,વરીયાળી,110,1100,1315
16/09/2025,101321,grain,Cummin,જીરૂ,1750,3280,3636
16/09/2025,101322,grain,Mustard,રાય,100,1260,1640
16/09/2025,101323,grain,Fenugreek,મેથી,400,810,1230
16/09/2025,101324,grain,Asario,અશેરીયો,8,1075,1075
16/09/2025,101325,grain,kalonji,કલોંજી,8,3730,4060
16/09/2025,101326,grain,Mustard seed,રાયડો,120,1150,1290
16/09/2025,101327,grain,Rajkoo Bee,રજકાનું બી ,50,6000,8310
16/09/2025,101328,grain,Guvar Bee,ગુવારનું બી,40,870,915
17/09/2025,101362,grain,Cotton B.T.,કપાસ બી.ટી.,2600,1316,1641
17/09/2025,101363,grain,Wheat Lokvan,ઘઉં લોકવન,120,528,553
17/09/2025,101364,grain,Wheat Tukda,ઘઉં ટુકડા,1440,529,631
17/09/2025,101365,grain,Jowar White,જુવાર સફેદ,420,650,810
17/09/2025,101366,grain,Jowar Yellow,જુવાર પીળી ,20,375,450
17/09/2025,101367,grain,Bajri,બાજરી,112,381,461
17/09/2025,101368,grain,Tuver,તુવેર,300,960,1275
17/09/2025,101369,grain,Gram Yellow,ચણા પીળા,310,941,1114
17/09/2025,101370,grain,Gram White,ચણા સફેદ,1000,1100,2048
17/09/2025,101371,grain,Urad,અડદ,280,970,1576
17/09/2025,101372,grain,Mung,મગ,200,1350,1823
17/09/2025,101373,grain,Val Deshi,વાલ દેશી,70,400,1160
17/09/2025,101374,grain,Choli,ચોળી,100,800,1500
17/09/2025,101375,grain,Peas,વટાણા,80,1115,2301
17/09/2025,101376,grain,Kulthi,કળથી,14,630,750
17/09/2025,101377,grain,Rajma,રાજમા,120,862,1572
17/09/2025,101378,grain,Groundnut Seed,સીંગદાણા,75,1210,1400
17/09/2025,101379,grain,Groundnut Big,મગફળી જાડી,2800,920,1105
17/09/2025,101380,grain,Groundnut Small,મગફળી જીણી,800,850,1310
17/09/2025,101381,grain,Seasmum,તલી ,1600,1500,1931
17/09/2025,101382,grain,Castor seed,એરંડા,180,1277,1303
17/09/2025,101383,grain,Thymol,અજમો,4,700,1111
17/09/2025,101384,grain,Soyabin,સોયાબીન,50,741,827
17/09/2025,101385,grain,Groundnut-Fada,સીંગફાડા,360,950,1250
17/09/2025,101386,grain,Sesmum-Black,કાળા તલ ,400,3095,4065
17/09/2025,101387,grain,Garlic,લસણ,1100,630,750
17/09/2025,101388,grain,Corriander,ધાણા,200,1350,1510
17/09/2025,101389,grain,Dhani,ધાણી,40,1400,1600
17/09/2025,101390,grain,Variyali,વરીયાળી,60,700,1560
17/09/2025,101391,grain,Cummin,જીરૂ,950,3280,3550
17/09/2025,101392,grain,Mustard,રાય,80,1350,1620
17/09/2025,101393,grain,Fenugreek,મેથી,300,830,1300
17/09/2025,101394,grain,kalonji,કલોંજી,10,3150,3970
17/09/2025,101395,grain,Mustard seed,રાયડો,100,1050,1290
17/09/2025,101396,grain,Rajkoo Bee,રજકાનું બી ,50,6800,9040
17/09/2025,101397,grain,Guvar Bee,ગુવારનું બી,50,850,925
18/09/2025,101431,grain,Cotton B.T.,કપાસ બી.ટી.,2200,1306,1640
18/09/2025,101432,grain,Wheat Lokvan,ઘઉં લોકવન,100,527,550
18/09/2025,101433,grain,Wheat Tukda,ઘઉં ટુકડા,1360,529,562
18/09/2025,101434,grain,Jowar White,જુવાર સફેદ,300,530,794
18/09/2025,101435,grain,Jowar Yellow,જુવાર પીળી ,4,350,460
18/09/2025,101436,grain,Bajri,બાજરી,200,380,448
18/09/2025,101437,grain,Tuver,તુવેર,340,950,1270
18/09/2025,101438,grain,Gram Yellow,ચણા પીળા,450,941,1120
18/09/2025,101439,grain,Gram White,ચણા સફેદ,900,1111,1951
18/09/2025,101440,grain,Urad,અડદ,350,980,1520
18/09/2025,101441,grain,Mung,મગ,500,1300,1827
18/09/2025,101442,grain,Val Deshi,વાલ દેશી,62,400,1118
18/09/2025,101443,grain,Choli,ચોળી,150,700,1416
18/09/2025,101444,grain,Peas,વટાણા,60,901,2100
18/09/2025,101445,grain,Kulthi,કળથી,126,675,675
18/09/2025,101446,grain,Rajma,રાજમા,32,1011,1375
18/09/2025,101447,grain,Groundnut Seed,સીંગદાણા,7,1300,1400
18/09/2025,101448,grain,Groundnut Big,મગફળી જાડી,900,935,1100
18/09/2025,101449,grain,Groundnut Small,મગફળી જીણી,2000,850,1300
18/09/2025,101450,grain,Seasmum,તલી ,1840,1500,1950
18/09/2025,101451,grain,Sunflower,સુરજમુખી,25,851,851
18/09/2025,101452,grain,Castor seed,એરંડા,210,1200,1299
18/09/2025,101453,grain,Thymol,અજમો,28,940,2075
18/09/2025,101454,grain,Dil Seed,સુવા,2,1200,1300
18/09/2025,101455,grain,Soyabin,સોયાબીન,50,751,840
18/09/2025,101456,grain,Groundnut-Fada,સીંગફાડા,260,950,1240
18/09/2025,101457,grain,Sesmum-Black,કાળા તલ ,400,3650,4350
18/09/2025,101458,grain,Garlic,લસણ,900,640,800
18/09/2025,101459,grain,Corriander,ધાણા,280,1340,1511
18/09/2025,101460,grain,Dhani,ધાણી,120,1395,1611
18/09/2025,101461,grain,Variyali,વરીયાળી,26,1030,1496
18/09/2025,101462,grain,Cummin,જીરૂ,750,3275,3565
18/09/2025,101463,grain,Mustard,રાય,40,1300,1640
18/09/2025,101464,grain,Fenugreek,મેથી,440,840,1256
18/09/2025,101465,grain,Isabgul,ઇસબગુલ,3,1251,1400
18/09/2025,101466,grain,kalonji,કલોંજી,8,3170,3950
18/09/2025,101467,grain,Mustard seed,રાયડો,64,1120,1290
18/09/2025,101468,grain,Rajkoo Bee,રજકાનું બી ,45,6350,8161
18/09/2025,101469,grain,Guvar Bee,ગુવારનું બી,25,850,918
19/09/2025,101504,grain,Cotton B.T.,કપાસ બી.ટી.,1800,1251,1609
19/09/2025,101505,grain,Wheat Lokvan,ઘઉં લોકવન,60,524,543
19/09/2025,101506,grain,Wheat Tukda,ઘઉં ટુકડા,1060,521,556
19/09/2025,101507,grain,Jowar White,જુવાર સફેદ,420,650,837
19/09/2025,101508,grain,Jowar Red,જુવાર લાલ,2,700,800
19/09/2025,101509,grain,Jowar Yellow,જુવાર પીળી ,5,400,460
19/09/2025,101510,grain,Bajri,બાજરી,130,350,421
19/09/2025,101511,grain,Tuver,તુવેર,350,960,1289
19/09/2025,101512,grain,Gram Yellow,ચણા પીળા,210,951,1114
19/09/2025,101513,grain,Gram White,ચણા સફેદ,1100,1121,2035
19/09/2025,101514,grain,Urad,અડદ,310,1000,1574
19/09/2025,101515,grain,Mung,મગ,210,1350,1820
19/09/2025,101516,grain,Val Deshi,વાલ દેશી,46,250,1100
19/09/2025,101517,grain,Choli,ચોળી,50,820,1240
19/09/2025,101518,grain,Peas,વટાણા,50,1400,2100
19/09/2025,101519,grain,Rajma,રાજમા,60,800,1804
19/09/2025,101520,grain,Groundnut Seed,સીંગદાણા,125,1200,1405
19/09/2025,101521,grain,Groundnut Big,મગફળી જાડી,1600,930,1100
19/09/2025,101522,grain,Groundnut Small,મગફળી જીણી,2400,850,1310
19/09/2025,101523,grain,Seasmum,તલી ,1120,1500,1928
19/09/2025,101524,grain,Castor seed,એરંડા,140,1235,1295
19/09/2025,101525,grain,Thymol,અજમો,18,1080,2020
19/09/2025,101526,grain,Soyabin,સોયાબીન,300,750,826
19/09/2025,101527,grain,Groundnut-Fada,સીંગફાડા,340,1050,1290
19/09/2025,101528,grain,Sesmum-Black,કાળા તલ ,500,3300,4260
19/09/2025,101529,grain,Garlic,લસણ,960,623,835
19/09/2025,101530,grain,Corriander,ધાણા,160,1430,1625
19/09/2025,101531,grain,Dhani,ધાણી,330,1350,1526
19/09/2025,101532,grain,Variyali,વરીયાળી,16,990,1279
19/09/2025,101533,grain,Cummin,જીરૂ,900,3260,3570
19/09/2025,101534,grain,Mustard,રાય,80,1350,1640
19/09/2025,101535,grain,Fenugreek,મેથી,400,850,1124
19/09/2025,101536,grain,Isabgul,ઇસબગુલ,6,1000,1212
19/09/2025,101537,grain,Asario,અશેરીયો,80,850,1165
19/09/2025,101538,grain,kalonji,કલોંજી,24,1800,4057
19/09/2025,101539,grain,Mustard seed,રાયડો,200,880,1280
19/09/2025,101540,grain,Rajkoo Bee,રજકાનું બી ,25,6750,9440
19/09/2025,101541,grain,Guvar Bee,ગુવારનું બી,60,850,925
20/09/2025,101576,grain,Cotton B.T.,કપાસ બી.ટી.,1200,1254,1603
20/09/2025,101577,grain,Wheat Lokvan,ઘઉં લોકવન,80,525,539
20/09/2025,101578,grain,Wheat Tukda,ઘઉં ટુકડા,1020,526,558
20/09/2025,101579,grain,Jowar White,જુવાર સફેદ,60,650,749
20/09/2025,101580,grain,Bajri,બાજરી,140,300,454
20/09/2025,101581,grain,Tuver,તુવેર,210,980,1305
20/09/2025,101582,grain,Gram Yellow,ચણા પીળા,800,921,1110
20/09/2025,101583,grain,Gram White,ચણા સફેદ,800,1151,1930
20/09/2025,101584,grain,Urad,અડદ,410,1010,1526
20/09/2025,101585,grain,Mung,મગ,220,1300,1830
20/09/2025,101586,grain,Val Deshi,વાલ દેશી,70,310,980
20/09/2025,101587,grain,Choli,ચોળી,100,825,1275
20/09/2025,101588,grain,Peas,વટાણા,40,1400,2150
20/09/2025,101589,grain,Kulthi,કળથી,20,651,651
20/09/2025,101590,grain,Rajma,રાજમા,30,800,1800
20/09/2025,101591,grain,Groundnut Seed,સીંગદાણા,75,1210,1405
20/09/2025,101592,grain,Groundnut Big,મગફળી જાડી,1400,950,1205
20/09/2025,101593,grain,Groundnut Small,મગફળી જીણી,2800,850,1300
20/09/2025,101594,grain,Seasmum,તલી ,1360,1520,1940
20/09/2025,101595,grain,Castor seed,એરંડા,160,1260,1282
20/09/2025,101596,grain,Thymol,અજમો,26,1000,1977
20/09/2025,101597,grain,Dil Seed,સુવા,1,800,1100
20/09/2025,101598,grain,Soyabin,સોયાબીન,170,721,823
20/09/2025,101599,grain,Groundnut-Fada,સીંગફાડા,300,1000,1280
20/09/2025,101600,grain,Sesmum-Black,કાળા તલ ,400,3350,4230
20/09/2025,101601,grain,Garlic,લસણ,980,602,834
20/09/2025,101602,grain,Corriander,ધાણા,120,1411,1510
20/09/2025,101603,grain,Dhani,ધાણી,360,1360,1614
20/09/2025,101604,grain,Variyali,વરીયાળી,30,1314,1700
20/09/2025,101605,grain,Cummin,જીરૂ,840,3230,3550
20/09/2025,101606,grain,Mustard,રાય,80,1280,1575
20/09/2025,101607,grain,Fenugreek,મેથી,300,810,1210
20/09/2025,101608,grain,Isabgul,ઇસબગુલ,8,900,1180
20/09/2025,101609,grain,kalonji,કલોંજી,60,1800,4160
20/09/2025,101610,grain,Mustard seed,રાયડો,80,1140,1279
20/09/2025,101611,grain,Rajkoo Bee,રજકાનું બી ,28,7200,9401
22/09/2025,101646,grain,Cotton B.T.,કપાસ બી.ટી.,1600,1210,1590
22/09/2025,101647,grain,Wheat Lokvan,ઘઉં લોકવન,140,526,541
22/09/2025,101648,grain,Wheat Tukda,ઘઉં ટુકડા,1060,528,646
22/09/2025,101649,grain,Jowar White,જુવાર સફેદ,80,415,727
22/09/2025,101650,grain,Bajri,બાજરી,170,318,407
22/09/2025,101651,grain,Tuver,તુવેર,300,1015,1267
22/09/2025,101652,grain,Gram Yellow,ચણા પીળા,300,941,1107
22/09/2025,101653,grain,Gram White,ચણા સફેદ,1200,1051,2070
22/09/2025,101654,grain,Urad,અડદ,540,1040,1545
22/09/2025,101655,grain,Mung,મગ,210,1300,1800
22/09/2025,101656,grain,Val Deshi,વાલ દેશી,28,500,600
22/09/2025,101657,grain,Choli,ચોળી,70,814,1120
22/09/2025,101658,grain,Peas,વટાણા,50,1450,2550
22/09/2025,101659,grain,Kulthi,કળથી,9,675,675
22/09/2025,101660,grain,Rajma,રાજમા,40,850,1745
22/09/2025,101661,grain,Groundnut Seed,સીંગદાણા,60,1200,1410
22/09/2025,101662,grain,Groundnut Big,મગફળી જાડી,1600,940,1090
22/09/2025,101663,grain,Groundnut Small,મગફળી જીણી,2600,850,1280
22/09/2025,101664,grain,Seasmum,તલી ,2400,1520,1950
22/09/2025,101665,grain,Castor seed,એરંડા,200,1276,1292
22/09/2025,101666,grain,Thymol,અજમો,90,1050,1800
22/09/2025,101667,grain,Dil Seed,સુવા,2,1000,1197
22/09/2025,101668,grain,Soyabin,સોયાબીન,25,741,829
22/09/2025,101669,grain,Groundnut-Fada,સીંગફાડા,340,980,1290
22/09/2025,101670,grain,Sesmum-Black,કાળા તલ ,600,3340,4190
22/09/2025,101671,grain,Garlic,લસણ,900,625,851
22/09/2025,101672,grain,Corriander,ધાણા,240,1340,1490
22/09/2025,101673,grain,Dhani,ધાણી,260,1430,1645
22/09/2025,101674,grain,Variyali,વરીયાળી,50,1050,1924
22/09/2025,101675,grain,Cummin,જીરૂ,660,3200,3597
22/09/2025,101676,grain,Mustard,રાય,80,1280,1590
22/09/2025,101677,grain,Fenugreek,મેથી,250,820,1300
22/09/2025,101678,grain,Isabgul,ઇસબગુલ,2,700,1160
22/09/2025,101679,grain,kalonji,કલોંજી,2,3050,4141
22/09/2025,101680,grain,Mustard seed,રાયડો,120,1140,1275
22/09/2025,101681,grain,Rajkoo Bee,રજકાનું બી ,35,7350,8900
22/09/2025,101682,grain,Guvar Bee,ગુવારનું બી,50,850,915
23/09/2025,101718,grain,Cotton B.T.,કપાસ બી.ટી.,1500,1200,1580
23/09/2025,101719,grain,Wheat Lokvan,ઘઉં લોકવન,120,526,544
23/09/2025,101720,grain,Wheat Tukda,ઘઉં ટુકડા,900,522,632
23/09/2025,101721,grain,Jowar White,જુવાર સફેદ,80,640,852
23/09/2025,101722,grain,Jowar Yellow,જુવાર પીળી ,8,315,488
23/09/2025,101723,grain,Bajri,બાજરી,275,363,408
23/09/2025,101724,grain,Tuver,તુવેર,225,975,1269
23/09/2025,101725,grain,Gram Yellow,ચણા પીળા,440,911,1120
23/09/2025,101726,grain,Gram White,ચણા સફેદ,1200,1121,1950
23/09/2025,101727,grain,Urad,અડદ,740,1050,1532
23/09/2025,101728,grain,Mung,મગ,220,1100,1818
23/09/2025,101729,grain,Val Deshi,વાલ દેશી,110,500,925
23/09/2025,101730,grain,Choli,ચોળી,30,900,1090
23/09/2025,101731,grain,Peas,વટાણા,120,1860,2280
23/09/2025,101732,grain,Kulthi,કળથી,12,450,450
23/09/2025,101733,grain,Rajma,રાજમા,60,900,1500
23/09/2025,101734,grain,Groundnut Seed,સીંગદાણા,50,1230,1400
23/09/2025,101735,grain,Groundnut Big,મગફળી જાડી,0,930,1100
23/09/2025,101736,grain,Groundnut Small,મગફળી જીણી,0,860,1290
23/09/2025,101737,grain,Linseed,અળશી,4,1008,1008
23/09/2025,101738,grain,Seasmum,તલી ,1400,1550,1951
23/09/2025,101739,grain,Castor seed,એરંડા,240,1270,1278
23/09/2025,101740,grain,Thymol,અજમો,6,1350,1600
23/09/2025,101741,grain,Dil Seed,સુવા,2,1150,1375
23/09/2025,101742,grain,Soyabin,સોયાબીન,24,721,832
23/09/2025,101743,grain,Groundnut-Fada,સીંગફાડા,320,950,1280
23/09/2025,101744,grain,Sesmum-Black,કાળા તલ ,400,3250,4100
23/09/2025,101745,grain,Garlic,લસણ,500,561,896
23/09/2025,101746,grain,Corriander,ધાણા,300,1350,1521
23/09/2025,101747,grain,Dhani,ધાણી,280,1450,1626
23/09/2025,101748,grain,Variyali,વરીયાળી,70,1160,1620
23/09/2025,101749,grain,Cummin,જીરૂ,780,3220,3569
23/09/2025,101750,grain,Mustard,રાય,40,1250,1600
23/09/2025,101751,grain,Fenugreek,મેથી,240,830,1232
23/09/2025,101752,grain,kalonji,કલોંજી,20,3000,4100
23/09/2025,101753,grain,Mustard seed,રાયડો,80,1170,1265
23/09/2025,101754,grain,Rajkoo Bee,રજકાનું બી ,65,7200,9500
23/09/2025,101755,grain,Guvar Bee,ગુવારનું બી,15,880,910
24/09/2025,101791,grain,Cotton B.T.,કપાસ બી.ટી.,1600,1226,1606
24/09/2025,101792,grain,Wheat Lokvan,ઘઉં લોકવન,110,527,551
24/09/2025,101793,grain,Wheat Tukda,ઘઉં ટુકડા,1160,521,627
24/09/2025,101794,grain,Jowar White,જુવાર સફેદ,250,650,825
24/09/2025,101795,grain,Jowar Yellow,જુવાર પીળી ,20,375,470
24/09/2025,101796,grain,Bajri,બાજરી,250,310,400
24/09/2025,101797,grain,Tuver,તુવેર,290,970,1272
24/09/2025,101798,grain,Gram Yellow,ચણા પીળા,350,951,1110
24/09/2025,101799,grain,Gram White,ચણા સફેદ,1100,1100,1975
24/09/2025,101800,grain,Urad,અડદ,540,1055,1524
24/09/2025,101801,grain,Mung,મગ,240,1150,1820
24/09/2025,101802,grain,Val Deshi,વાલ દેશી,48,325,760
24/09/2025,101803,grain,Choli,ચોળી,80,900,1350
24/09/2025,101804,grain,Peas,વટાણા,140,1400,2226
24/09/2025,101805,grain,Rajma,રાજમા,140,800,1661
24/09/2025,101806,grain,Groundnut Seed,સીંગદાણા,20,1220,1394
24/09/2025,101807,grain,Groundnut Big,મગફળી જાડી,940,935,1100
24/09/2025,101808,grain,Groundnut Small,મગફળી જીણી,2500,790,1280
24/09/2025,101809,grain,Seasmum,તલી ,2120,1550,2000
24/09/2025,101810,grain,Castor seed,એરંડા,220,1240,1277
24/09/2025,101811,grain,Thymol,અજમો,8,990,1630
24/09/2025,101812,grain,Dil Seed,સુવા,14,950,1330
24/09/2025,101813,grain,Soyabin,સોયાબીન,200,721,817
24/09/2025,101814,grain,Groundnut-Fada,સીંગફાડા,160,1020,1300
24/09/2025,101815,grain,Sesmum-Black,કાળા તલ ,720,3100,4149
24/09/2025,101816,grain,Garlic,લસણ,240,400,835
24/09/2025,101817,grain,Corriander,ધાણા,150,1320,1501
24/09/2025,101818,grain,Dhani,ધાણી,180,1455,1626
24/09/2025,101819,grain,Variyali,વરીયાળી,56,1040,1400
24/09/2025,101820,grain,Cummin,જીરૂ,1200,3300,3600
24/09/2025,101821,grain,Mustard,રાય,40,1260,1620
24/09/2025,101822,grain,Fenugreek,મેથી,300,820,1240
24/09/2025,101823,grain,Isabgul,ઇસબગુલ,2,600,1411
24/09/2025,101824,grain,kalonji,કલોંજી,15,3000,4100
24/09/2025,101825,grain,Mustard seed,રાયડો,80,1140,1262
24/09/2025,101826,grain,Rajkoo Bee,રજકાનું બી ,65,6500,8725
24/09/2025,101827,grain,Guvar Bee,ગુવારનું બી,30,860,910
25/09/2025,101863,grain,Cotton B.T.,કપાસ બી.ટી.,2200,1200,1547
25/09/2025,101864,grain,Wheat Lokvan,ઘઉં લોકવન,130,522,549
25/09/2025,101865,grain,Wheat Tukda,ઘઉં ટુકડા,1640,523,633
25/09/2025,101866,grain,Jowar White,જુવાર સફેદ,40,650,734
25/09/2025,101867,grain,Bajri,બાજરી,160,334,408
25/09/2025,101868,grain,Tuver,તુવેર,242,950,1291
25/09/2025,101869,grain,Gram Yellow,ચણા પીળા,500,941,1111
25/09/2025,101870,grain,Gram White,ચણા સફેદ,1400,1121,2022
25/09/2025,101871,grain,Urad,અડદ,640,1190,1510
25/09/2025,101872,grain,Mung,મગ,260,1100,1850
25/09/2025,101873,grain,Val Deshi,વાલ દેશી,52,300,961
25/09/2025,101874,grain,Choli,ચોળી,70,900,1205
25/09/2025,101875,grain,Peas,વટાણા,120,1410,2350
25/09/2025,101876,grain,Rajma,રાજમા,40,800,1598
25/09/2025,101877,grain,Groundnut Seed,સીંગદાણા,30,1220,1354
25/09/2025,101878,grain,Groundnut Big,મગફળી જાડી,800,950,1080
25/09/2025,101879,grain,Groundnut Small,મગફળી જીણી,1600,780,1275
25/09/2025,101880,grain,Seasmum,તલી ,2560,1530,1979
25/09/2025,101881,grain,Castor seed,એરંડા,210,1236,1277
25/09/2025,101882,grain,Thymol,અજમો,6,1100,1590
25/09/2025,101883,grain,Soyabin,સોયાબીન,72,721,820
25/09/2025,101884,grain,Groundnut-Fada,સીંગફાડા,260,1020,1290
25/09/2025,101885,grain,Sesmum-Black,કાળા તલ ,300,3050,3970
25/09/2025,101886,grain,Garlic,લસણ,320,450,850
25/09/2025,101887,grain,Corriander,ધાણા,380,1350,1515
25/09/2025,101888,grain,Dhani,ધાણી,340,1440,1675
25/09/2025,101889,grain,Variyali,વરીયાળી,22,1201,1550
25/09/2025,101890,grain,Cummin,જીરૂ,1080,3250,3595
25/09/2025,101891,grain,Mustard,રાય,30,1180,1500
25/09/2025,101892,grain,Fenugreek,મેથી,500,750,1120
25/09/2025,101893,grain,Isabgul,ઇસબગુલ,8,700,1450
25/09/2025,101894,grain,Asario,અશેરીયો,36,1050,1175
25/09/2025,101895,grain,Mustard seed,રાયડો,60,1140,1255
25/09/2025,101896,grain,Rajkoo Bee,રજકાનું બી ,60,6500,8450
25/09/2025,101897,grain,Guvar Bee,ગુવારનું બી,20,880,930
26/09/2025,101933,grain,Cotton B.T.,કપાસ બી.ટી.,2300,1280,1575
26/09/2025,101934,grain,Wheat Lokvan,ઘઉં લોકવન,150,521,546
26/09/2025,101935,grain,Wheat Tukda,ઘઉં ટુકડા,1700,522,640
26/09/2025,101936,grain,Jowar White,જુવાર સફેદ,205,650,840
26/09/2025,101937,grain,Bajri,બાજરી,122,330,468
26/09/2025,101938,grain,Tuver,તુવેર,28,980,1253
26/09/2025,101939,grain,Gram Yellow,ચણા પીળા,250,925,1105
26/09/2025,101940,grain,Gram White,ચણા સફેદ,1000,1115,1952
26/09/2025,101941,grain,Urad,અડદ,500,1180,1559
26/09/2025,101942,grain,Mung,મગ,300,1150,1870
26/09/2025,101943,grain,Val Deshi,વાલ દેશી,24,300,930
26/09/2025,101944,grain,Choli,ચોળી,50,935,1070
26/09/2025,101945,grain,Peas,વટાણા,40,1400,2550
26/09/2025,101946,grain,Rajma,રાજમા,70,830,1500
26/09/2025,101947,grain,Groundnut Seed,સીંગદાણા,60,1200,1437
26/09/2025,101948,grain,Groundnut Big,મગફળી જાડી,900,930,1080
26/09/2025,101949,grain,Groundnut Small,મગફળી જીણી,1700,700,1244
26/09/2025,101950,grain,Seasmum,તલી ,2500,1520,1968
26/09/2025,101951,grain,Castor seed,એરંડા,190,1264,1278
26/09/2025,101952,grain,Thymol,અજમો,10,1080,1540
26/09/2025,101953,grain,Dil Seed,સુવા,1,1200,1200
26/09/2025,101954,grain,Soyabin,સોયાબીન,50,701,827
26/09/2025,101955,grain,Groundnut-Fada,સીંગફાડા,300,1020,1310
26/09/2025,101956,grain,Sesmum-Black,કાળા તલ ,296,2554,4050
26/09/2025,101957,grain,Garlic,લસણ,600,400,800
26/09/2025,101958,grain,Corriander,ધાણા,410,1355,1490
26/09/2025,101959,grain,Dhani,ધાણી,360,1405,1620
26/09/2025,101960,grain,Variyali,વરીયાળી,100,1045,1601
26/09/2025,101961,grain,Cummin,જીરૂ,900,3275,3536
26/09/2025,101962,grain,Mustard,રાય,60,1350,1640
26/09/2025,101963,grain,Fenugreek,મેથી,600,800,1300
26/09/2025,101964,grain,Isabgul,ઇસબગુલ,4,1175,1175
26/09/2025,101965,grain,Asario,અશેરીયો,25,981,1125
26/09/2025,101966,grain,kalonji,કલોંજી,5,3250,4060
26/09/2025,101967,grain,Mustard seed,રાયડો,120,1120,1250
26/09/2025,101968,grain,Rajkoo Bee,રજકાનું બી ,30,6000,8200
26/09/2025,101969,grain,Guvar Bee,ગુવારનું બી,60,880,920
27/09/2025,102005,grain,Cotton B.T.,કપાસ બી.ટી.,3000,1286,1547
27/09/2025,102006,grain,Wheat Lokvan,ઘઉં લોકવન,160,520,555
27/09/2025,102007,grain,Wheat Tukda,ઘઉં ટુકડા,1220,524,616
27/09/2025,102008,grain,Jowar White,જુવાર સફેદ,150,500,710
27/09/2025,102009,grain,Jowar Red,જુવાર લાલ,16,600,640
27/09/2025,102010,grain,Bajri,બાજરી,130,300,386
27/09/2025,102011,grain,Maize,મકાઇ,5,380,440
27/09/2025,102012,grain,Tuver,તુવેર,172,910,1229
27/09/2025,102013,grain,Gram Yellow,ચણા પીળા,350,911,1100
27/09/2025,102014,grain,Gram White,ચણા સફેદ,1000,1101,1921
27/09/2025,102015,grain,Urad,અડદ,700,1190,1576
27/09/2025,102016,grain,Mung,મગ,270,1200,1800
27/09/2025,102017,grain,Val Deshi,વાલ દેશી,44,300,1000
27/09/2025,102018,grain,Choli,ચોળી,60,930,1061
27/09/2025,102019,grain,Peas,વટાણા,30,540,2400
27/09/2025,102020,grain,Rajma,રાજમા,10,800,1500
27/09/2025,102021,grain,Groundnut Seed,સીંગદાણા,10,1100,1350
27/09/2025,102022,grain,Groundnut Big,મગફળી જાડી,1000,900,1095
27/09/2025,102023,grain,Groundnut Small,મગફળી જીણી,2000,800,1275
27/09/2025,102024,grain,Seasmum,તલી ,1680,1500,1947
27/09/2025,102025,grain,Castor seed,એરંડા,420,1250,1261
27/09/2025,102026,grain,Thymol,અજમો,2,930,1640
27/09/2025,102027,grain,Dil Seed,સુવા,1,775,1001
27/09/2025,102028,grain,Soyabin,સોયાબીન,50,650,845
27/09/2025,102029,grain,Groundnut-Fada,સીંગફાડા,400,1050,1150
27/09/2025,102030,grain,Sesmum-Black,કાળા તલ ,356,2550,4000
27/09/2025,102031,grain,Garlic,લસણ,560,424,850
27/09/2025,102032,grain,Corriander,ધાણા,140,1350,1470
27/09/2025,102033,grain,Dhani,ધાણી,150,1340,1607
27/09/2025,102034,grain,Variyali,વરીયાળી,45,1000,1500
27/09/2025,102035,grain,Cummin,જીરૂ,720,3000,3571
27/09/2025,102036,grain,Mustard,રાય,30,1250,1630
27/09/2025,102037,grain,Fenugreek,મેથી,300,820,1220
27/09/2025,102038,grain,kalonji,કલોંજી,10,4085,4085
27/09/2025,102039,grain,Mustard seed,રાયડો,120,1130,1250
27/09/2025,102040,grain,Rajkoo Bee,રજકાનું બી ,44,6000,7800
27/09/2025,102041,grain,Guvar Bee,ગુવારનું બી,40,900,925
29/09/2025,102077,grain,Cotton B.T.,કપાસ બી.ટી.,2000,1300,1571
29/09/2025,102078,grain,Wheat Lokvan,ઘઉં લોકવન,80,520,544
29/09/2025,102079,grain,Wheat Tukda,ઘઉં ટુકડા,880,523,599
29/09/2025,102080,grain,Jowar White,જુવાર સફેદ,22,580,755
29/09/2025,102081,grain,Bajri,બાજરી,110,300,400
29/09/2025,102082,grain,Maize,મકાઇ,16,360,440
29/09/2025,102083,grain,Tuver,તુવેર,182,900,1265
29/09/2025,102084,grain,Gram Yellow,ચણા પીળા,540,911,1080
29/09/2025,102085,grain,Gram White,ચણા સફેદ,900,1141,2004
29/09/2025,102086,grain,Urad,અડદ,620,1180,1601
29/09/2025,102087,grain,Mung,મગ,300,1300,1803
29/09/2025,102088,grain,Val Deshi,વાલ દેશી,8,360,780
29/09/2025,102089,grain,Choli,ચોળી,70,800,1057
29/09/2025,102090,grain,Peas,વટાણા,20,1400,2300
29/09/2025,102091,grain,Kulthi,કળથી,10,550,650
29/09/2025,102092,grain,Rajma,રાજમા,40,700,1400
29/09/2025,102093,grain,Groundnut Big,મગફળી જાડી,1200,900,1100
29/09/2025,102094,grain,Groundnut Small,મગફળી જીણી,2400,820,1302
29/09/2025,102095,grain,Seasmum,તલી ,2000,1500,1979
29/09/2025,102096,grain,Castor seed,એરંડા,80,1234,1260
29/09/2025,102097,grain,Soyabin,સોયાબીન,164,700,850
29/09/2025,102098,grain,Sesmum-Black,કાળા તલ ,440,3200,4154
29/09/2025,102099,grain,Garlic,લસણ,360,550,800
29/09/2025,102100,grain,Corriander,ધાણા,500,1200,1471
29/09/2025,102101,grain,Dhani,ધાણી,200,1400,1600
29/09/2025,102102,grain,Variyali,વરીયાળી,70,1078,1337
29/09/2025,102103,grain,Cummin,જીરૂ,600,3232,3550
29/09/2025,102104,grain,Mustard,રાય,24,1250,1584
29/09/2025,102105,grain,Fenugreek,મેથી,260,800,1150
29/09/2025,102106,grain,Asario,અશેરીયો,7,850,850
29/09/2025,102107,grain,kalonji,કલોંજી,8,3000,4199
29/09/2025,102108,grain,Mustard seed,રાયડો,80,1140,1250
29/09/2025,102109,grain,Rajkoo Bee,રજકાનું બી ,8,5000,7800
29/09/2025,102110,grain,Guvar Bee,ગુવારનું બી,50,825,900
30/09/2025,102146,grain,Cotton B.T.,કપાસ બી.ટી.,800,1221,1564
30/09/2025,102147,grain,Wheat Lokvan,ઘઉં લોકવન,40,521,538
30/09/2025,102148,grain,Wheat Tukda,ઘઉં ટુકડા,320,517,555
30/09/2025,102149,grain,Jowar White,જુવાર સફેદ,30,611,824
30/09/2025,102150,grain,Jowar Red,જુવાર લાલ,2,500,700
30/09/2025,102151,grain,Jowar Yellow,જુવાર પીળી ,6,300,410
30/09/2025,102152,grain,Bajri,બાજરી,100,340,393
30/09/2025,102153,grain,Tuver,તુવેર,50,950,1253
30/09/2025,102154,grain,Gram Yellow,ચણા પીળા,340,901,1074
30/09/2025,102155,grain,Gram White,ચણા સફેદ,880,1050,1900
30/09/2025,102156,grain,Urad,અડદ,140,1150,1543
30/09/2025,102157,grain,Mung,મગ,260,1300,1750
30/09/2025,102158,grain,Val Deshi,વાલ દેશી,38,255,780
30/09/2025,102159,grain,Choli,ચોળી,80,700,991
30/09/2025,102160,grain,Peas,વટાણા,30,550,2391
30/09/2025,102161,grain,Kulthi,કળથી,10,665,665
30/09/2025,102162,grain,Rajma,રાજમા,20,800,1500
30/09/2025,102163,grain,Groundnut Seed,સીંગદાણા,100,1300,1375
30/09/2025,102164,grain,Groundnut Big,મગફળી જાડી,0,930,1095
30/09/2025,102165,grain,Groundnut Small,મગફળી જીણી,0,890,1300
30/09/2025,102166,grain,Seasmum,તલી ,1064,1500,1979
30/09/2025,102167,grain,Castor seed,એરંડા,70,1200,1269
30/09/2025,102168,grain,Thymol,અજમો,1,930,930
30/09/2025,102169,grain,Soyabin,સોયાબીન,40,711,852
30/09/2025,102170,grain,Groundnut-Fada,સીંગફાડા,600,950,1270
30/09/2025,102171,grain,Sesmum-Black,કાળા તલ ,280,3420,3851
30/09/2025,102172,grain,Garlic,લસણ,100,554,891
30/09/2025,102173,grain,Corriander,ધાણા,320,1220,1470
30/09/2025,102174,grain,Dhani,ધાણી,20,1400,1610
30/09/2025,102175,grain,Variyali,વરીયાળી,5,1021,1224
30/09/2025,102176,grain,Cummin,જીરૂ,290,3200,3463
30/09/2025,102177,grain,Mustard,રાય,20,1240,1590
30/09/2025,102178,grain,Fenugreek,મેથી,200,820,1240
30/09/2025,102179,grain,Mustard seed,રાયડો,80,1150,1250
30/09/2025,102180,grain,Rajkoo Bee,રજકાનું બી ,50,5100,8500
01/10/2025,102216,grain,Cotton B.T.,કપાસ બી.ટી.,1200,1232,1518
01/10/2025,102217,grain,Wheat Lokvan,ઘઉં લોકવન,400,519,555
01/10/2025,102218,grain,Wheat Tukda,ઘઉં ટુકડા,1000,515,567
01/10/2025,102219,grain,Jowar White,જુવાર સફેદ,8,531,835
01/10/2025,102220,grain,Bajri,બાજરી,160,350,390
01/10/2025,102221,grain,Tuver,તુવેર,800,950,1260
01/10/2025,102222,grain,Gram Yellow,ચણા પીળા,360,890,1080
01/10/2025,102223,grain,Gram White,ચણા સફેદ,960,1050,1975
01/10/2025,102224,grain,Urad,અડદ,800,800,1600
01/10/2025,102225,grain,Mung,મગ,560,1140,1730
01/10/2025,102226,grain,Val Deshi,વાલ દેશી,28,690,940
01/10/2025,102227,grain,Choli,ચોળી,50,740,1325
01/10/2025,102228,grain,Peas,વટાણા,28,1000,2300
01/10/2025,102229,grain,Rajma,રાજમા,16,1040,1600
01/10/2025,102230,grain,Groundnut Seed,સીંગદાણા,20,1290,1370
01/10/2025,102231,grain,Groundnut Big,મગફળી જાડી,1800,730,1070
01/10/2025,102232,grain,Groundnut Small,મગફળી જીણી,3000,850,1240
01/10/2025,102233,grain,Seasmum,તલી ,800,1430,1990
01/10/2025,102234,grain,Castor seed,એરંડા,70,1200,1279
01/10/2025,102235,grain,Thymol,અજમો,7,500,1551
01/10/2025,102236,grain,Dil Seed,સુવા,45,825,1051
01/10/2025,102237,grain,Soyabin,સોયાબીન,56,770,843
01/10/2025,102238,grain,Groundnut-Fada,સીંગફાડા,100,940,1280
01/10/2025,102239,grain,Sesmum-Black,કાળા તલ ,270,3434,3952
01/10/2025,102240,grain,Garlic,લસણ,320,405,875
01/10/2025,102241,grain,Corriander,ધાણા,120,1325,1470
01/10/2025,102242,grain,Dhani,ધાણી,30,1320,1480
01/10/2025,102243,grain,Variyali,વરીયાળી,40,1010,2000
01/10/2025,102244,grain,Cummin,જીરૂ,240,3200,3500
01/10/2025,102245,grain,Mustard,રાય,30,1245,1610
01/10/2025,102246,grain,Fenugreek,મેથી,300,810,1270
01/10/2025,102247,grain,kalonji,કલોંજી,2,4069,4069
01/10/2025,102248,grain,Mustard seed,રાયડો,120,1120,1240
01/10/2025,102249,grain,Rajkoo Bee,રજકાનું બી ,50,6500,8500
01/10/2025,102250,grain,Guvar Bee,ગુવારનું બી,40,800,870
03/10/2025,102286,grain,Cotton B.T.,કપાસ બી.ટી.,1300,1240,1549
03/10/2025,102287,grain,Wheat Lokvan,ઘઉં લોકવન,200,520,540
03/10/2025,102288,grain,Wheat Tukda,ઘઉં ટુકડા,860,513,655
03/10/2025,102289,grain,Jowar White,જુવાર સફેદ,50,640,848
03/10/2025,102290,grain,Bajri,બાજરી,150,265,373
03/10/2025,102291,grain,Tuver,તુવેર,90,980,1290
03/10/2025,102292,grain,Gram Yellow,ચણા પીળા,560,880,1090
03/10/2025,102293,grain,Gram White,ચણા સફેદ,1160,1060,1950
03/10/2025,102294,grain,Urad,અડદ,700,910,1475
03/10/2025,102295,grain,Mung,મગ,310,1135,1705
03/10/2025,102296,grain,Val Deshi,વાલ દેશી,60,530,1200
03/10/2025,102297,grain,Choli,ચોળી,100,800,1365
03/10/2025,102298,grain,Peas,વટાણા,60,600,2000
03/10/2025,102299,grain,Kulthi,કળથી,12,651,651
03/10/2025,102300,grain,Rajma,રાજમા,40,555,1350
03/10/2025,102301,grain,Groundnut Seed,સીંગદાણા,40,1200,1380
03/10/2025,102302,grain,Groundnut Big,મગફળી જાડી,1400,725,1067
03/10/2025,102303,grain,Groundnut Small,મગફળી જીણી,2800,825,1245
03/10/2025,102304,grain,Seasmum,તલી ,1240,1470,1938
03/10/2025,102305,grain,Sunflower,સુરજમુખી,9,975,975
03/10/2025,102306,grain,Castor seed,એરંડા,90,1200,1281
03/10/2025,102307,grain,Thymol,અજમો,5,900,1901
03/10/2025,102308,grain,Dil Seed,સુવા,8,900,1430
03/10/2025,102309,grain,Soyabin,સોયાબીન,40,710,840
03/10/2025,102310,grain,Groundnut-Fada,સીંગફાડા,200,900,1250
03/10/2025,102311,grain,Sesmum-Black,કાળા તલ ,480,3346,4100
03/10/2025,102312,grain,Garlic,લસણ,330,450,910
03/10/2025,102313,grain,Corriander,ધાણા,80,1300,1405
03/10/2025,102314,grain,Dhani,ધાણી,60,1320,1520
03/10/2025,102315,grain,Variyali,વરીયાળી,140,950,1600
03/10/2025,102316,grain,Cummin,જીરૂ,700,3200,3570
03/10/2025,102317,grain,Mustard,રાય,20,1200,1570
03/10/2025,102318,grain,Fenugreek,મેથી,200,800,1220
03/10/2025,102319,grain,Isabgul,ઇસબગુલ,15,800,1400
03/10/2025,102320,grain,kalonji,કલોંજી,21,2600,4175
03/10/2025,102321,grain,Mustard seed,રાયડો,40,1000,1215
03/10/2025,102322,grain,Rajkoo Bee,રજકાનું બી ,20,6500,8400
04/10/2025,102358,grain,Cotton B.T.,કપાસ બી.ટી.,1140,1231,1540
04/10/2025,102359,grain,Wheat Lokvan,ઘઉં લોકવન,290,518,575
04/10/2025,102360,grain,Wheat Tukda,ઘઉં ટુકડા,1000,521,615
04/10/2025,102361,grain,Jowar White,જુવાર સફેદ,40,600,779
04/10/2025,102362,grain,Jowar Red,જુવાર લાલ,7,600,752
04/10/2025,102363,grain,Jowar Yellow,જુવાર પીળી ,30,350,450
04/10/2025,102364,grain,Bajri,બાજરી,120,350,385
04/10/2025,102365,grain,Tuver,તુવેર,170,950,1300
04/10/2025,102366,grain,Gram Yellow,ચણા પીળા,400,870,1095
04/10/2025,102367,grain,Gram White,ચણા સફેદ,800,1045,2020
04/10/2025,102368,grain,Urad,અડદ,190,1040,1460
04/10/2025,102369,grain,Mung,મગ,390,1145,1750
04/10/2025,102370,grain,Val Deshi,વાલ દેશી,52,550,1180
04/10/2025,102371,grain,Choli,ચોળી,50,600,800
04/10/2025,102372,grain,Peas,વટાણા,50,915,1735
04/10/2025,102373,grain,Rajma,રાજમા,90,605,1310
04/10/2025,102374,grain,Groundnut Seed,સીંગદાણા,80,1110,1325
04/10/2025,102375,grain,Groundnut Big,મગફળી જાડી,1200,721,1085
04/10/2025,102376,grain,Groundnut Small,મગફળી જીણી,1650,800,1250
04/10/2025,102377,grain,Seasmum,તલી ,900,1330,2010
04/10/2025,102378,grain,Castor seed,એરંડા,20,1200,1265
04/10/2025,102379,grain,Thymol,અજમો,11,900,1500
04/10/2025,102380,grain,Dil Seed,સુવા,9,1025,1361
04/10/2025,102381,grain,Soyabin,સોયાબીન,90,750,843
04/10/2025,102382,grain,Groundnut-Fada,સીંગફાડા,250,950,1250
04/10/2025,102383,grain,Sesmum-Black,કાળા તલ ,420,3100,4011
04/10/2025,102384,grain,Garlic,લસણ,440,400,905
04/10/2025,102385,grain,Corriander,ધાણા,140,1340,1470
04/10/2025,102386,grain,Dhani,ધાણી,55,1335,1507
04/10/2025,102387,grain,Variyali,વરીયાળી,77,900,1600
04/10/2025,102388,grain,Cummin,જીરૂ,620,3250,3571
04/10/2025,102389,grain,Mustard,રાય,16,1200,1540
04/10/2025,102390,grain,Fenugreek,મેથી,250,800,1260
04/10/2025,102391,grain,Asario,અશેરીયો,25,1025,1075
04/10/2025,102392,grain,Mustard seed,રાયડો,120,1100,1251
04/10/2025,102393,grain,Rajkoo Bee,રજકાનું બી ,28,6000,7700
04/10/2025,102394,grain,Guvar Bee,ગુવારનું બી,30,908,908
06/10/2025,102430,grain,Cotton B.T.,કપાસ બી.ટી.,2700,1215,1551
06/10/2025,102431,grain,Wheat Lokvan,ઘઉં લોકવન,500,520,580
06/10/2025,102432,grain,Wheat Tukda,ઘઉં ટુકડા,1400,523,621
06/10/2025,102433,grain,Jowar White,જુવાર સફેદ,30,650,820
06/10/2025,102434,grain,Jowar Red,જુવાર લાલ,2,600,800
06/10/2025,102435,grain,Jowar Yellow,જુવાર પીળી ,80,350,460
06/10/2025,102436,grain,Bajri,બાજરી,64,300,400
06/10/2025,102437,grain,Tuver,તુવેર,380,954,1286
06/10/2025,102438,grain,Gram Yellow,ચણા પીળા,540,850,1100
06/10/2025,102439,grain,Gram White,ચણા સફેદ,1100,1060,1970
06/10/2025,102440,grain,Urad,અડદ,760,1020,1528
06/10/2025,102441,grain,Mung,મગ,370,1150,1814
06/10/2025,102442,grain,Val Deshi,વાલ દેશી,84,525,885
06/10/2025,102443,grain,Choli,ચોળી,120,700,1301
06/10/2025,102444,grain,Peas,વટાણા,52,950,1890
06/10/2025,102445,grain,Rajma,રાજમા,105,900,1600
06/10/2025,102446,grain,Groundnut Seed,સીંગદાણા,75,1250,1350
06/10/2025,102447,grain,Groundnut Big,મગફળી જાડી,2500,725,1065
06/10/2025,102448,grain,Groundnut Small,મગફળી જીણી,3200,805,1250
06/10/2025,102449,grain,Seasmum,તલી ,1900,1367,1942
06/10/2025,102450,grain,Sunflower,સુરજમુખી,8,851,851
06/10/2025,102451,grain,Castor seed,એરંડા,100,1200,1272
06/10/2025,102452,grain,Thymol,અજમો,20,900,1444
06/10/2025,102453,grain,Dil Seed,સુવા,3,1050,1250
06/10/2025,102454,grain,Soyabin,સોયાબીન,400,580,845
06/10/2025,102455,grain,Groundnut-Fada,સીંગફાડા,340,1000,1250
06/10/2025,102456,grain,Sesmum-Black,કાળા તલ ,500,3131,4040
06/10/2025,102457,grain,Garlic,લસણ,620,410,800
06/10/2025,102458,grain,Corriander,ધાણા,440,1310,1490
06/10/2025,102459,grain,Dhani,ધાણી,162,1350,1515
06/10/2025,102460,grain,Variyali,વરીયાળી,100,1000,1396
06/10/2025,102461,grain,Cummin,જીરૂ,1400,3250,3526
06/10/2025,102462,grain,Mustard,રાય,20,1200,1540
06/10/2025,102463,grain,Fenugreek,મેથી,250,800,1200
06/10/2025,102464,grain,Isabgul,ઇસબગુલ,15,900,1225
06/10/2025,102465,grain,Asario,અશેરીયો,75,975,1200
06/10/2025,102466,grain,kalonji,કલોંજી,55,2975,4300
06/10/2025,102467,grain,Mustard seed,રાયડો,80,1100,1250
06/10/2025,102468,grain,Rajkoo Bee,રજકાનું બી ,20,6400,7500
06/10/2025,102469,grain,Guvar Bee,ગુવારનું બી,70,850,909
07/10/2025,102504,grain,Cotton B.T.,કપાસ બી.ટી.,1700,1221,1560
07/10/2025,102505,grain,Wheat Lokvan,ઘઉં લોકવન,600,523,575
07/10/2025,102506,grain,Wheat Tukda,ઘઉં ટુકડા,1300,522,650
07/10/2025,102507,grain,Jowar White,જુવાર સફેદ,180,650,840
07/10/2025,102508,grain,Jowar Yellow,જુવાર પીળી ,12,350,460
07/10/2025,102509,grain,Bajri,બાજરી,60,300,391
07/10/2025,102510,grain,Tuver,તુવેર,410,960,1308
07/10/2025,102511,grain,Gram Yellow,ચણા પીળા,460,940,1105
07/10/2025,102512,grain,Gram White,ચણા સફેદ,1240,1070,1975
07/10/2025,102513,grain,Urad,અડદ,800,1050,1550
07/10/2025,102514,grain,Mung,મગ,430,1170,1716
07/10/2025,102515,grain,Val Deshi,વાલ દેશી,40,400,830
07/10/2025,102516,grain,Choli,ચોળી,110,721,980
07/10/2025,102517,grain,Peas,વટાણા,65,1020,1940
07/10/2025,102518,grain,Rajma,રાજમા,70,961,1451
07/10/2025,102519,grain,Groundnut Seed,સીંગદાણા,30,1180,1330
07/10/2025,102520,grain,Groundnut Big,મગફળી જાડી,1600,750,1090
07/10/2025,102521,grain,Groundnut Small,મગફળી જીણી,2600,940,1212
07/10/2025,102522,grain,Seasmum,તલી ,1100,1350,1927
07/10/2025,102523,grain,Castor seed,એરંડા,240,1200,1274
07/10/2025,102524,grain,Thymol,અજમો,23,950,1100
07/10/2025,102525,grain,Dil Seed,સુવા,62,970,1280
07/10/2025,102526,grain,Soyabin,સોયાબીન,500,580,880
07/10/2025,102527,grain,Groundnut-Fada,સીંગફાડા,400,940,1155
07/10/2025,102528,grain,Sesmum-Black,કાળા તલ ,460,3100,4001
07/10/2025,102529,grain,Garlic,લસણ,500,400,1050
07/10/2025,102530,grain,Corriander,ધાણા,180,1370,1473
07/10/2025,102531,grain,Dhani,ધાણી,40,1350,1494
07/10/2025,102532,grain,Variyali,વરીયાળી,50,800,1426
07/10/2025,102533,grain,Cummin,જીરૂ,740,3250,3535
07/10/2025,102534,grain,Mustard,રાય,18,1200,1550
07/10/2025,102535,grain,Fenugreek,મેથી,300,820,1260
07/10/2025,102536,grain,Isabgul,ઇસબગુલ,16,1100,1500
07/10/2025,102537,grain,Asario,અશેરીયો,37,1080,1175
07/10/2025,102538,grain,kalonji,કલોંજી,40,3900,4375
07/10/2025,102539,grain,Mustard seed,રાયડો,80,1100,1260
07/10/2025,102540,grain,Rajkoo Bee,રજકાનું બી ,50,6000,7600
07/10/2025,102541,grain,Guvar Bee,ગુવારનું બી,25,850,907
08/10/2025,102577,grain,Cotton B.T.,કપાસ બી.ટી.,2800,1245,1605
08/10/2025,102578,grain,Wheat Lokvan,ઘઉં લોકવન,600,521,580
08/10/2025,102579,grain,Wheat Tukda,ઘઉં ટુકડા,1600,519,650
08/10/2025,102580,grain,Jowar White,જુવાર સફેદ,70,600,848
08/10/2025,102581,grain,Jowar Red,જુવાર લાલ,6,500,875
08/10/2025,102582,grain,Bajri,બાજરી,80,305,384
08/10/2025,102583,grain,Tuver,તુવેર,304,950,1313
08/10/2025,102584,grain,Gram Yellow,ચણા પીળા,520,860,1110
08/10/2025,102585,grain,Gram White,ચણા સફેદ,1300,1080,1975
08/10/2025,102586,grain,Urad,અડદ,900,1050,1554
08/10/2025,102587,grain,Mung,મગ,465,1151,1780
08/10/2025,102588,grain,Val Deshi,વાલ દેશી,60,750,828
08/10/2025,102589,grain,Choli,ચોળી,75,800,1442
08/10/2025,102590,grain,Peas,વટાણા,17,1050,1600
08/10/2025,102591,grain,Rajma,રાજમા,110,981,1800
08/10/2025,102592,grain,Groundnut Seed,સીંગદાણા,15,1080,1350
08/10/2025,102593,grain,Groundnut Big,મગફળી જાડી,0,715,1070
08/10/2025,102594,grain,Groundnut Small,મગફળી જીણી,0,811,1220
08/10/2025,102595,grain,Seasmum,તલી ,1400,1400,2013
08/10/2025,102596,grain,Castor seed,એરંડા,180,1200,1279
08/10/2025,102597,grain,Thymol,અજમો,12,990,1840
08/10/2025,102598,grain,Soyabin,સોયાબીન,1200,600,875
08/10/2025,102599,grain,Groundnut-Fada,સીંગફાડા,800,900,1300
08/10/2025,102600,grain,Sesmum-Black,કાળા તલ ,375,3175,4060
08/10/2025,102601,grain,Garlic,લસણ,540,400,1000
08/10/2025,102602,grain,Corriander,ધાણા,150,1325,1490
08/10/2025,102603,grain,Dhani,ધાણી,40,1330,1521
08/10/2025,102604,grain,Variyali,વરીયાળી,26,980,1434
08/10/2025,102605,grain,Cummin,જીરૂ,1040,3200,3550
08/10/2025,102606,grain,Mustard,રાય,40,1350,1650
08/10/2025,102607,grain,Fenugreek,મેથી,540,800,1290
08/10/2025,102608,grain,Asario,અશેરીયો,30,1125,1175
08/10/2025,102609,grain,kalonji,કલોંજી,30,3000,4275
08/10/2025,102610,grain,Mustard seed,રાયડો,120,1120,1260
08/10/2025,102611,grain,Rajkoo Bee,રજકાનું બી ,40,6500,8000
08/10/2025,102612,grain,Guvar Bee,ગુવારનું બી,200,780,900
09/10/2025,102648,grain,Cotton B.T.,કપાસ બી.ટી.,2400,1235,1580
09/10/2025,102649,grain,Wheat Lokvan,ઘઉં લોકવન,800,519,570
09/10/2025,102650,grain,Wheat Tukda,ઘઉં ટુકડા,1800,520,651
09/10/2025,102651,grain,Jowar White,જુવાર સફેદ,190,600,834
09/10/2025,102652,grain,Jowar Red,જુવાર લાલ,10,700,828
09/10/2025,102653,grain,Bajri,બાજરી,81,360,422
09/10/2025,102654,grain,Tuver,તુવેર,304,950,1313
09/10/2025,102655,grain,Gram Yellow,ચણા પીળા,560,850,1115
09/10/2025,102656,grain,Gram White,ચણા સફેદ,1360,1080,1970
09/10/2025,102657,grain,Urad,અડદ,1020,1080,1556
09/10/2025,102658,grain,Mung,મગ,360,1170,1821
09/10/2025,102659,grain,Val Deshi,વાલ દેશી,50,550,1040
09/10/2025,102660,grain,Choli,ચોળી,80,750,1470
09/10/2025,102661,grain,Peas,વટાણા,37,1015,1680
09/10/2025,102662,grain,Kulthi,કળથી,35,550,650
09/10/2025,102663,grain,Rajma,રાજમા,80,1015,1505
09/10/2025,102664,grain,Groundnut Seed,સીંગદાણા,10,1020,1350
09/10/2025,102665,grain,Groundnut Big,મગફળી જાડી,1600,700,1045
09/10/2025,102666,grain,Groundnut Small,મગફળી જીણી,4100,815,1242
09/10/2025,102667,grain,Seasmum,તલી ,1020,1330,1986
09/10/2025,102668,grain,Castor seed,એરંડા,160,1200,1283
09/10/2025,102669,grain,Thymol,અજમો,10,940,2095
09/10/2025,102670,grain,Soyabin,સોયાબીન,1700,550,880
09/10/2025,102671,grain,Groundnut-Fada,સીંગફાડા,700,950,1310
09/10/2025,102672,grain,Sesmum-Black,કાળા તલ ,395,3030,3900
09/10/2025,102673,grain,Garlic,લસણ,660,410,1010
09/10/2025,102674,grain,Corriander,ધાણા,480,1330,1440
09/10/2025,102675,grain,Dhani,ધાણી,40,1330,1481
09/10/2025,102676,grain,Variyali,વરીયાળી,52,1050,1525
09/10/2025,102677,grain,Cummin,જીરૂ,1300,3250,3500
09/10/2025,102678,grain,Mustard,રાય,18,1300,1535
09/10/2025,102679,grain,Fenugreek,મેથી,500,790,1201
09/10/2025,102680,grain,Isabgul,ઇસબગુલ,4,950,1150
09/10/2025,102681,grain,Asario,અશેરીયો,18,1122,1182
09/10/2025,102682,grain,kalonji,કલોંજી,110,3050,4110
09/10/2025,102683,grain,Mustard seed,રાયડો,120,1150,1235
09/10/2025,102684,grain,Rajkoo Bee,રજકાનું બી ,60,6550,8015
10/10/2025,102720,grain,Cotton B.T.,કપાસ બી.ટી.,3100,1221,1560
10/10/2025,102721,grain,Wheat Lokvan,ઘઉં લોકવન,800,518,560
10/10/2025,102722,grain,Wheat Tukda,ઘઉં ટુકડા,1500,520,615
10/10/2025,102723,grain,Jowar White,જુવાર સફેદ,80,680,778
10/10/2025,102724,grain,Jowar Red,જુવાર લાલ,30,700,780
10/10/2025,102725,grain,Jowar Yellow,જુવાર પીળી ,20,380,460
10/10/2025,102726,grain,Bajri,બાજરી,120,350,420
10/10/2025,102727,grain,Tuver,તુવેર,304,950,1313
10/10/2025,102728,grain,Gram Yellow,ચણા પીળા,560,850,1110
10/10/2025,102729,grain,Gram White,ચણા સફેદ,1120,1060,1960
10/10/2025,102730,grain,Urad,અડદ,870,1050,1560
10/10/2025,102731,grain,Mung,મગ,430,1158,1800
10/10/2025,102732,grain,Val Deshi,વાલ દેશી,88,540,1071
10/10/2025,102733,grain,Choli,ચોળી,60,700,1400
10/10/2025,102734,grain,Peas,વટાણા,65,981,1550
10/10/2025,102735,grain,Rajma,રાજમા,160,1075,1601
10/10/2025,102736,grain,Groundnut Seed,સીંગદાણા,10,1235,1337
10/10/2025,102737,grain,Groundnut Big,મગફળી જાડી,0,700,1051
10/10/2025,102738,grain,Groundnut Small,મગફળી જીણી,0,750,1207
10/10/2025,102739,grain,Seasmum,તલી ,1400,1470,2013
10/10/2025,102740,grain,Castor seed,એરંડા,120,1200,1278
10/10/2025,102741,grain,Thymol,અજમો,26,900,2000
10/10/2025,102742,grain,Soyabin,સોયાબીન,2800,580,856
10/10/2025,102743,grain,Groundnut-Fada,સીંગફાડા,60,1130,1240
10/10/2025,102744,grain,Sesmum-Black,કાળા તલ ,460,3070,4100
10/10/2025,102745,grain,Garlic,લસણ,740,425,1100
10/10/2025,102746,grain,Corriander,ધાણા,300,1340,1480
10/10/2025,102747,grain,Dhani,ધાણી,70,1350,1593
10/10/2025,102748,grain,Variyali,વરીયાળી,60,940,1410
10/10/2025,102749,grain,Cummin,જીરૂ,1800,3150,3450
10/10/2025,102750,grain,Mustard,રાય,30,1300,1620
10/10/2025,102751,grain,Fenugreek,મેથી,500,800,1200
10/10/2025,102752,grain,kalonji,કલોંજી,40,4000,4600
10/10/2025,102753,grain,Mustard seed,રાયડો,160,1050,1230
10/10/2025,102754,grain,Rajkoo Bee,રજકાનું બી ,44,5500,8600
10/10/2025,102755,grain,Guvar Bee,ગુવારનું બી,20,840,900
11/10/2025,102791,grain,Cotton B.T.,કપાસ બી.ટી.,3800,1225,1595
11/10/2025,102792,grain,Wheat Lokvan,ઘઉં લોકવન,900,510,530
11/10/2025,102793,grain,Wheat Tukda,ઘઉં ટુકડા,1600,520,550
11/10/2025,102794,grain,Jowar White,જુવાર સફેદ,250,600,765
11/10/2025,102795,grain,Jowar Red,જુવાર લાલ,2,700,800
11/10/2025,102796,grain,Jowar Yellow,જુવાર પીળી ,12,350,448
11/10/2025,102797,grain,Bajri,બાજરી,80,354,420
11/10/2025,102798,grain,Tuver,તુવેર,300,951,1310
11/10/2025,102799,grain,Gram Yellow,ચણા પીળા,1200,1030,1115
11/10/2025,102800,grain,Gram White,ચણા સફેદ,1240,1350,2000
11/10/2025,102801,grain,Urad,અડદ,1000,1070,1556
11/10/2025,102802,grain,Mung,મગ,410,1120,1740
11/10/2025,102803,grain,Val Deshi,વાલ દેશી,40,525,994
11/10/2025,102804,grain,Choli,ચોળી,120,780,1290
11/10/2025,102805,grain,Peas,વટાણા,60,915,1880
11/10/2025,102806,grain,Rajma,રાજમા,220,1100,1850
11/10/2025,102807,grain,Groundnut Big,મગફળી જાડી,3400,705,1057
11/10/2025,102808,grain,Groundnut Small,મગફળી જીણી,6000,751,1251
11/10/2025,102809,grain,Seasmum,તલી ,1440,1550,1870
11/10/2025,102810,grain,Castor seed,એરંડા,60,1200,1275
11/10/2025,102811,grain,Thymol,અજમો,20,500,1390
11/10/2025,102812,grain,Dil Seed,સુવા,10,1020,1450
11/10/2025,102813,grain,Soyabin,સોયાબીન,3000,650,820
11/10/2025,102814,grain,Groundnut-Fada,સીંગફાડા,360,900,1250
11/10/2025,102815,grain,Sesmum-Black,કાળા તલ ,220,3000,4100
11/10/2025,102816,grain,Garlic,લસણ,620,390,1080
11/10/2025,102817,grain,Corriander,ધાણા,380,1300,1450
11/10/2025,102818,grain,Dhani,ધાણી,170,1350,1550
11/10/2025,102819,grain,Variyali,વરીયાળી,120,780,1312
11/10/2025,102820,grain,Cummin,જીરૂ,1080,3100,3440
11/10/2025,102821,grain,Mustard,રાય,18,1300,1550
11/10/2025,102822,grain,Fenugreek,મેથી,240,780,1180
11/10/2025,102823,grain,Isabgul,ઇસબગુલ,5,1500,1521
11/10/2025,102824,grain,Asario,અશેરીયો,15,1150,1150
11/10/2025,102825,grain,kalonji,કલોંજી,45,3600,4625
11/10/2025,102826,grain,Mustard seed,રાયડો,110,1080,1230
11/10/2025,102827,grain,Rajkoo Bee,રજકાનું બી ,20,5550,8600
11/10/2025,102828,grain,Guvar Bee,ગુવારનું બી,100,840,890
13/10/2025,102864,grain,Cotton B.T.,કપાસ બી.ટી.,6200,1231,1575
13/10/2025,102865,grain,Wheat Lokvan,ઘઉં લોકવન,300,505,527
13/10/2025,102866,grain,Wheat Tukda,ઘઉં ટુકડા,2800,521,555
13/10/2025,102867,grain,Jowar White,જુવાર સફેદ,150,600,740
13/10/2025,102868,grain,Jowar Yellow,જુવાર પીળી ,4,340,425
13/10/2025,102869,grain,Bajri,બાજરી,136,330,411
13/10/2025,102870,grain,Tuver,તુવેર,290,901,1310
13/10/2025,102871,grain,Gram Yellow,ચણા પીળા,640,930,1115
13/10/2025,102872,grain,Gram White,ચણા સફેદ,1160,1300,1911
13/10/2025,102873,grain,Urad,અડદ,1400,960,1554
13/10/2025,102874,grain,Mung,મગ,530,911,1676
13/10/2025,102875,grain,Val Deshi,વાલ દેશી,49,550,901
13/10/2025,102876,grain,Choli,ચોળી,60,800,1215
13/10/2025,102877,grain,Peas,વટાણા,50,961,1860
13/10/2025,102878,grain,Rajma,રાજમા,170,1140,1740
13/10/2025,102879,grain,Groundnut Seed,સીંગદાણા,15,1200,1400
13/10/2025,102880,grain,Groundnut Big,મગફળી જાડી,0,700,1080
13/10/2025,102881,grain,Groundnut Small,મગફળી જીણી,0,750,1278
13/10/2025,102882,grain,Seasmum,તલી ,2200,1550,1860
13/10/2025,102883,grain,Castor seed,એરંડા,120,1200,1275
13/10/2025,102884,grain,Thymol,અજમો,16,700,1395
13/10/2025,102885,grain,Dil Seed,સુવા,2,1000,1200
13/10/2025,102886,grain,Soyabin,સોયાબીન,6800,650,807
13/10/2025,102887,grain,Groundnut-Fada,સીંગફાડા,1300,900,1200
13/10/2025,102888,grain,Sesmum-Black,કાળા તલ ,640,3050,4075
13/10/2025,102889,grain,Garlic,લસણ,820,400,1100
13/10/2025,102890,grain,Corriander,ધાણા,400,1325,1440
13/10/2025,102891,grain,Dhani,ધાણી,200,1311,1500
13/10/2025,102892,grain,Variyali,વરીયાળી,80,800,1460
13/10/2025,102893,grain,Cummin,જીરૂ,1840,3150,3450
13/10/2025,102894,grain,Mustard,રાય,80,1350,1650
13/10/2025,102895,grain,Fenugreek,મેથી,700,780,1320
13/10/2025,102896,grain,Asario,અશેરીયો,13,1050,1050
13/10/2025,102897,grain,kalonji,કલોંજી,10,4100,4600
13/10/2025,102898,grain,Mustard seed,રાયડો,80,1100,1230
13/10/2025,102899,grain,Rajkoo Bee,રજકાનું બી ,30,6500,8600
13/10/2025,102900,grain,Guvar Bee,ગુવારનું બી,150,850,900
14/10/2025,102935,grain,Cotton B.T.,કપાસ બી.ટી.,4200,1221,1560
14/10/2025,102936,grain,Wheat Lokvan,ઘઉં લોકવન,220,506,528
14/10/2025,102937,grain,Wheat Tukda,ઘઉં ટુકડા,2000,525,560
14/10/2025,102938,grain,Jowar White,જુવાર સફેદ,100,650,750
14/10/2025,102939,grain,Jowar Red,જુવાર લાલ,12,650,750
14/10/2025,102940,grain,Jowar Yellow,જુવાર પીળી ,20,350,450
14/10/2025,102941,grain,Bajri,બાજરી,112,321,393
14/10/2025,102942,grain,Tuver,તુવેર,170,920,1311
14/10/2025,102943,grain,Gram Yellow,ચણા પીળા,480,920,1105
14/10/2025,102944,grain,Gram White,ચણા સફેદ,1140,1250,1970
14/10/2025,102945,grain,Urad,અડદ,1500,950,1601
14/10/2025,102946,grain,Mung,મગ,480,980,1735
14/10/2025,102947,grain,Val Deshi,વાલ દેશી,105,550,1040
14/10/2025,102948,grain,Choli,ચોળી,90,800,1312
14/10/2025,102949,grain,Peas,વટાણા,35,900,1670
14/10/2025,102950,grain,Kulthi,કળથી,5,625,625
14/10/2025,102951,grain,Rajma,રાજમા,110,1111,1800
14/10/2025,102952,grain,Groundnut Seed,સીંગદાણા,15,1250,1400
14/10/2025,102953,grain,Groundnut Big,મગફળી જાડી,5200,711,1082
14/10/2025,102954,grain,Groundnut Small,મગફળી જીણી,11600,721,1280
14/10/2025,102955,grain,Seasmum,તલી ,1020,1440,1950
14/10/2025,102956,grain,Castor seed,એરંડા,100,1200,1282
14/10/2025,102957,grain,Thymol,અજમો,20,800,1750
14/10/2025,102958,grain,Soyabin,સોયાબીન,6400,700,804
14/10/2025,102959,grain,Groundnut-Fada,સીંગફાડા,800,910,1325
14/10/2025,102960,grain,Sesmum-Black,કાળા તલ ,420,3050,4100
14/10/2025,102961,grain,Garlic,લસણ,740,380,1140
14/10/2025,102962,grain,Corriander,ધાણા,360,1311,1415
14/10/2025,102963,grain,Dhani,ધાણી,100,1351,1475
14/10/2025,102964,grain,Variyali,વરીયાળી,110,900,1380
14/10/2025,102965,grain,Cummin,જીરૂ,900,3100,3400
14/10/2025,102966,grain,Mustard,રાય,16,1300,1650
14/10/2025,102967,grain,Fenugreek,મેથી,500,800,1150
14/10/2025,102968,grain,Isabgul,ઇસબગુલ,4,700,1425
14/10/2025,102969,grain,Asario,અશેરીયો,13,1000,1000
14/10/2025,102970,grain,kalonji,કલોંજી,20,4000,4615
14/10/2025,102971,grain,Mustard seed,રાયડો,20,1020,1230
14/10/2025,102972,grain,Rajkoo Bee,રજકાનું બી ,30,7000,8550
14/10/2025,102973,grain,Guvar Bee,ગુવારનું બી,80,880,930
15/10/2025,103007,grain,Cotton B.T.,કપાસ બી.ટી.,5000,1215,1520
15/10/2025,103008,grain,Jowar White,જુવાર સફેદ,100,500,764
15/10/2025,103009,grain,Bajri,બાજરી,114,350,394
15/10/2025,103010,grain,Tuver,તુવેર,130,931,1311
15/10/2025,103011,grain,Mung,મગ,390,970,1710
15/10/2025,103012,grain,Val Deshi,વાલ દેશી,60,550,878
15/10/2025,103013,grain,Peas,વટાણા,45,971,1700
15/10/2025,103014,grain,Rajma,રાજમા,80,1010,1475
15/10/2025,103015,grain,Groundnut Big,મગફળી જાડી,0,700,1121
15/10/2025,103016,grain,Groundnut Small,મગફળી જીણી,0,725,1225
15/10/2025,103017,grain,Seasmum,તલી ,1000,1450,1986
15/10/2025,103018,grain,Castor seed,એરંડા,240,1200,1276
15/10/2025,103019,grain,Garlic,લસણ,900,400,1150
15/10/2025,103020,grain,Mustard,રાય,19,1300,1600
15/10/2025,103021,grain,Fenugreek,મેથી,400,850,1250
15/10/2025,103022,grain,Mustard seed,રાયડો,35,1020,1230
16/10/2025,103057,grain,Cotton B.T.,કપાસ બી.ટી.,0,1211,1535
16/10/2025,103058,grain,Wheat Lokvan,ઘઉં લોકવન,80,516,542
16/10/2025,103059,grain,Wheat Tukda,ઘઉં ટુકડા,920,515,660
16/10/2025,103060,grain,Bajri,બાજરી,0,350,391
16/10/2025,103061,grain,Tuver,તુવેર,0,900,1363
16/10/2025,103062,grain,Gram Yellow,ચણા પીળા,600,910,1110
16/10/2025,103063,grain,Gram White,ચણા સફેદ,2200,1240,1950
16/10/2025,103064,grain,Urad,અડદ,1900,920,1550
16/10/2025,103065,grain,Mung,મગ,0,985,1545
16/10/2025,103066,grain,Choli,ચોળી,140,840,1290
16/10/2025,103067,grain,Peas,વટાણા,0,900,900
16/10/2025,103068,grain,Rajma,રાજમા,0,850,1200
16/10/2025,103069,grain,Groundnut Seed,સીંગદાણા,20,1210,1410
16/10/2025,103070,grain,Groundnut Big,મગફળી જાડી,0,731,1221
16/10/2025,103071,grain,Groundnut Small,મગફળી જીણી,0,711,1138
16/10/2025,103072,grain,Seasmum,તલી ,0,1400,1890
16/10/2025,103073,grain,Castor seed,એરંડા,0,1200,1277
16/10/2025,103074,grain,Thymol,અજમો,20,850,1490
16/10/2025,103075,grain,Dil Seed,સુવા,30,1050,1100
16/10/2025,103076,grain,Soyabin,સોયાબીન,0,790,835
16/10/2025,103077,grain,Groundnut-Fada,સીંગફાડા,1200,950,1300
16/10/2025,103078,grain,Sesmum-Black,કાળા તલ ,900,3100,4175
16/10/2025,103079,grain,Garlic,લસણ,360,400,1200
16/10/2025,103080,grain,Corriander,ધાણા,240,1325,1435
16/10/2025,103081,grain,Dhani,ધાણી,160,1300,1545
16/10/2025,103082,grain,Variyali,વરીયાળી,80,800,1400
16/10/2025,103083,grain,Cummin,જીરૂ,780,3150,3450
16/10/2025,103084,grain,Mustard,રાય,0,1300,1690
16/10/2025,103085,grain,Fenugreek,મેથી,0,950,1270
16/10/2025,103086,grain,Isabgul,ઇસબગુલ,2,1100,1380
16/10/2025,103087,grain,kalonji,કલોંજી,30,4100,4635
16/10/2025,103088,grain,Mustard seed,રાયડો,0,1025,1225
16/10/2025,103089,grain,Rajkoo Bee,રજકાનું બી ,40,5900,7750
16/10/2025,103090,grain,Guvar Bee,ગુવારનું બી,100,860,900
17/10/2025,103123,grain,Cotton B.T.,કપાસ બી.ટી.,7400,1231,1520
17/10/2025,103124,grain,Wheat Lokvan,ઘઉં લોકવન,500,515,585
17/10/2025,103125,grain,Wheat Tukda,ઘઉં ટુકડા,1400,519,650
17/10/2025,103126,grain,Jowar White,જુવાર સફેદ,40,501,762
17/10/2025,103127,grain,Jowar Yellow,જુવાર પીળી ,4,375,450
17/10/2025,103128,grain,Bajri,બાજરી,110,350,402
17/10/2025,103129,grain,Tuver,તુવેર,120,950,1361
17/10/2025,103130,grain,Gram Yellow,ચણા પીળા,400,920,1105
17/10/2025,103131,grain,Gram White,ચણા સફેદ,1600,1250,1954
17/10/2025,103132,grain,Urad,અડદ,0,930,1425
17/10/2025,103133,grain,Mung,મગ,700,970,1630
17/10/2025,103134,grain,Val Deshi,વાલ દેશી,16,550,1030
17/10/2025,103135,grain,Choli,ચોળી,100,850,1300
17/10/2025,103136,grain,Peas,વટાણા,200,960,1780
17/10/2025,103137,grain,Kulthi,કળથી,21,600,600
17/10/2025,103138,grain,Rajma,રાજમા,55,1080,1500
17/10/2025,103139,grain,Groundnut Seed,સીંગદાણા,10,1300,1400
17/10/2025,103140,grain,Seasmum,તલી ,600,1450,1964
17/10/2025,103141,grain,Castor seed,એરંડા,160,1240,1281
17/10/2025,103142,grain,Thymol,અજમો,6,1700,1700
17/10/2025,103143,grain,Dil Seed,સુવા,2,1111,1111
17/10/2025,103144,grain,Soyabin,સોયાબીન,12000,780,844
17/10/2025,103145,grain,Groundnut-Fada,સીંગફાડા,1120,960,1200
17/10/2025,103146,grain,Sesmum-Black,કાળા તલ ,300,3150,4242
17/10/2025,103147,grain,Garlic,લસણ,1040,425,1170
17/10/2025,103148,grain,Corriander,ધાણા,400,1311,1410
17/10/2025,103149,grain,Dhani,ધાણી,140,1280,1509
17/10/2025,103150,grain,Variyali,વરીયાળી,49,900,1345
17/10/2025,103151,grain,Cummin,જીરૂ,300,3150,3470
17/10/2025,103152,grain,Mustard,રાય,80,1350,1690
17/10/2025,103153,grain,Fenugreek,મેથી,600,810,1240
17/10/2025,103154,grain,Isabgul,ઇસબગુલ,15,1200,1411
17/10/2025,103155,grain,Asario,અશેરીયો,15,851,1150
17/10/2025,103156,grain,kalonji,કલોંજી,23,4250,4859
17/10/2025,103157,grain,Mustard seed,રાયડો,60,1050,1270
17/10/2025,103158,grain,Rajkoo Bee,રજકાનું બી ,30,5000,8000
18/10/2025,103191,grain,Cotton B.T.,કપાસ બી.ટી.,0,1200,1530
18/10/2025,103192,grain,Tuver,તુવેર,0,830,1201
18/10/2025,103193,grain,Urad,અડદ,0,901,1370
18/10/2025,103194,grain,Mung,મગ,0,900,1745
18/10/2025,103195,grain,Choli,ચોળી,0,550,900
18/10/2025,103196,grain,Peas,વટાણા,0,785,1250
18/10/2025,103197,grain,Seasmum,તલી ,0,1450,1880
18/10/2025,103198,grain,Dil Seed,સુવા,0,1000,1051
18/10/2025,103199,grain,Soyabin,સોયાબીન,0,795,845
18/10/2025,103200,grain,Sesmum-Black,કાળા તલ ,0,2800,3250
18/10/2025,103201,grain,Garlic,લસણ,0,470,1100
18/10/2025,103202,grain,Corriander,ધાણા,0,1100,1435
18/10/2025,103203,grain,Cummin,જીરૂ,0,3150,3449
18/10/2025,103204,grain,Fenugreek,મેથી,0,800,1220
18/10/2025,103205,grain,Isabgul,ઇસબગુલ,0,500,1525
27/10/2025,103239,grain,Cotton B.T.,કપાસ બી.ટી.,2300,1350,1565
27/10/2025,103240,grain,Wheat Lokvan,ઘઉં લોકવન,40,516,529
27/10/2025,103241,grain,Wheat Tukda,ઘઉં ટુકડા,800,519,581
27/10/2025,103242,grain,Jowar White,જુવાર સફેદ,130,648,900
27/10/2025,103243,grain,Jowar Red,જુવાર લાલ,3,500,700
27/10/2025,103244,grain,Bajri,બાજરી,130,300,391
27/10/2025,103245,grain,Maize,મકાઇ,2,351,421
27/10/2025,103246,grain,Tuver,તુવેર,360,1000,1365
27/10/2025,103247,grain,Gram Yellow,ચણા પીળા,340,930,1121
27/10/2025,103248,grain,Gram White,ચણા સફેદ,600,1200,1900
27/10/2025,103249,grain,Urad,અડદ,1800,1130,1435
27/10/2025,103250,grain,Mung,મગ,1800,911,1560
27/10/2025,103251,grain,Val Deshi,વાલ દેશી,10,611,971
27/10/2025,103252,grain,Choli,ચોળી,7,610,1251
27/10/2025,103253,grain,Math,મઠ,5,1000,1880
27/10/2025,103254,grain,Peas,વટાણા,20,750,1700
27/10/2025,103255,grain,Kulthi,કળથી,22,540,675
27/10/2025,103256,grain,Rajma,રાજમા,65,1015,1400
27/10/2025,103257,grain,Groundnut Big,મગફળી જાડી,3500,950,1180
27/10/2025,103258,grain,Groundnut Small,મગફળી જીણી,3500,850,1140
27/10/2025,103259,grain,Seasmum,તલી ,1000,1410,1961
27/10/2025,103260,grain,Castor seed,એરંડા,195,1230,1286
27/10/2025,103261,grain,Thymol,અજમો,2,1151,1151
27/10/2025,103262,grain,Dil Seed,સુવા,2,1000,1000
27/10/2025,103263,grain,Soyabin,સોયાબીન,4200,750,849
27/10/2025,103264,grain,Groundnut-Fada,સીંગફાડા,1260,1000,1260
27/10/2025,103265,grain,Sesmum-Black,કાળા તલ ,180,2900,4100
27/10/2025,103266,grain,Garlic,લસણ,300,450,720
27/10/2025,103267,grain,Corriander,ધાણા,80,1200,1404
27/10/2025,103268,grain,Chillies,મરચા સુકા ,3,3100,3100
27/10/2025,103269,grain,Dhani,ધાણી,40,1225,1425
27/10/2025,103270,grain,Variyali,વરીયાળી,30,850,1280
27/10/2025,103271,grain,Cummin,જીરૂ,480,3150,3613
27/10/2025,103272,grain,Mustard,રાય,40,1350,1680
27/10/2025,103273,grain,Fenugreek,મેથી,500,820,1275
27/10/2025,103274,grain,Mustard seed,રાયડો,50,1050,1270
27/10/2025,103275,grain,Rajkoo Bee,રજકાનું બી ,10,5000,8350
27/10/2025,103276,grain,Guvar Bee,ગુવારનું બી,70,800,860
28/10/2025,103311,grain,Cotton B.T.,કપાસ બી.ટી.,2100,1400,1545
28/10/2025,103312,grain,Wheat Lokvan,ઘઉં લોકવન,30,505,530
28/10/2025,103313,grain,Wheat Tukda,ઘઉં ટુકડા,340,520,577
28/10/2025,103314,grain,Jowar White,જુવાર સફેદ,74,550,881
28/10/2025,103315,grain,Jowar Red,જુવાર લાલ,5,480,700
28/10/2025,103316,grain,Jowar Yellow,જુવાર પીળી ,5,300,450
28/10/2025,103317,grain,Bajri,બાજરી,24,314,400
28/10/2025,103318,grain,Tuver,તુવેર,106,910,1387
28/10/2025,103319,grain,Gram Yellow,ચણા પીળા,260,890,1125
28/10/2025,103320,grain,Gram White,ચણા સફેદ,400,1250,1912
28/10/2025,103321,grain,Urad,અડદ,0,970,1447
28/10/2025,103322,grain,Mung,મગ,2500,960,1690
28/10/2025,103323,grain,Choli,ચોળી,40,850,1060
28/10/2025,103324,grain,Peas,વટાણા,35,950,1850
28/10/2025,103325,grain,Rajma,રાજમા,40,950,1400
28/10/2025,103326,grain,Groundnut Seed,સીંગદાણા,10,1300,1400
28/10/2025,103327,grain,Groundnut Big,મગફળી જાડી,0,841,1151
28/10/2025,103328,grain,Groundnut Small,મગફળી જીણી,0,921,1155
28/10/2025,103329,grain,Seasmum,તલી ,830,1650,1943
28/10/2025,103330,grain,Castor seed,એરંડા,100,1200,1299
28/10/2025,103331,grain,Thymol,અજમો,1,1850,1850
28/10/2025,103332,grain,Groundnut-Fada,સીંગફાડા,1120,1050,1325
28/10/2025,103333,grain,Sesmum-Black,કાળા તલ ,150,2800,4180
28/10/2025,103334,grain,Garlic,લસણ,160,450,750
28/10/2025,103335,grain,Corriander,ધાણા,80,1240,1430
28/10/2025,103336,grain,Chillies,મરચા સુકા ,1,2500,2500
28/10/2025,103337,grain,Dhani,ધાણી,40,1250,1445
28/10/2025,103338,grain,Cummin,જીરૂ,300,3200,3750
28/10/2025,103339,grain,Mustard,રાય,10,1400,1650
28/10/2025,103340,grain,Fenugreek,મેથી,400,825,1295
28/10/2025,103341,grain,Isabgul,ઇસબગુલ,8,1280,1280
28/10/2025,103342,grain,Mustard seed,રાયડો,200,1050,1234
29/10/2025,103378,grain,Cotton B.T.,કપાસ બી.ટી.,2400,1411,1565
29/10/2025,103379,grain,Wheat Lokvan,ઘઉં લોકવન,137,519,535
29/10/2025,103380,grain,Wheat Tukda,ઘઉં ટુકડા,690,523,587
29/10/2025,103381,grain,Jowar White,જુવાર સફેદ,70,684,1012
29/10/2025,103382,grain,Jowar Red,જુવાર લાલ,5,600,760
29/10/2025,103383,grain,Bajri,બાજરી,42,310,412
29/10/2025,103384,grain,Tuver,તુવેર,110,1001,1400
29/10/2025,103385,grain,Gram Yellow,ચણા પીળા,500,930,1115
29/10/2025,103386,grain,Gram White,ચણા સફેદ,640,1200,1850
29/10/2025,103387,grain,Urad,અડદ,1500,950,1488
29/10/2025,103388,grain,Mung,મગ,1700,850,1670
29/10/2025,103389,grain,Val Deshi,વાલ દેશી,40,740,1049
29/10/2025,103390,grain,Choli,ચોળી,42,750,1399
29/10/2025,103391,grain,Peas,વટાણા,6,980,1880
29/10/2025,103392,grain,Kulthi,કળથી,14,651,651
29/10/2025,103393,grain,Rajma,રાજમા,100,1040,1300
29/10/2025,103394,grain,Groundnut Big,મગફળી જાડી,1800,825,1171
29/10/2025,103395,grain,Groundnut Small,મગફળી જીણી,1600,911,1192
29/10/2025,103396,grain,Seasmum,તલી ,460,1390,1906
29/10/2025,103397,grain,Castor seed,એરંડા,13,1201,1278
29/10/2025,103398,grain,Thymol,અજમો,2,1850,1850
29/10/2025,103399,grain,Soyabin,સોયાબીન,3800,781,851
29/10/2025,103400,grain,Groundnut-Fada,સીંગફાડા,700,1000,1325
29/10/2025,103401,grain,Sesmum-Black,કાળા તલ ,240,2900,4294
29/10/2025,103402,grain,Garlic,લસણ,360,425,780
29/10/2025,103403,grain,Corriander,ધાણા,100,1225,1461
29/10/2025,103404,grain,Dhani,ધાણી,80,1200,1485
29/10/2025,103405,grain,Cummin,જીરૂ,700,3150,3720
29/10/2025,103406,grain,Mustard,રાય,8,1450,1738
29/10/2025,103407,grain,Fenugreek,મેથી,300,820,1300
29/10/2025,103408,grain,kalonji,કલોંજી,20,4000,5125
29/10/2025,103409,grain,Mustard seed,રાયડો,208,1060,1250
29/10/2025,103410,grain,Rajkoo Bee,રજકાનું બી ,10,6000,8100
29/10/2025,103411,grain,Guvar Bee,ગુવારનું બી,20,800,880
30/10/2025,103447,grain,Cotton B.T.,કપાસ બી.ટી.,4000,1415,1545
30/10/2025,103448,grain,Wheat Lokvan,ઘઉં લોકવન,30,521,535
30/10/2025,103449,grain,Wheat Tukda,ઘઉં ટુકડા,760,518,585
30/10/2025,103450,grain,Jowar White,જુવાર સફેદ,190,650,930
30/10/2025,103451,grain,Jowar Yellow,જુવાર પીળી ,60,325,410
30/10/2025,103452,grain,Bajri,બાજરી,30,290,405
30/10/2025,103453,grain,Tuver,તુવેર,220,950,1400
30/10/2025,103454,grain,Gram Yellow,ચણા પીળા,200,940,1120
30/10/2025,103455,grain,Gram White,ચણા સફેદ,1000,1250,1910
30/10/2025,103456,grain,Urad,અડદ,0,920,1488
30/10/2025,103457,grain,Mung,મગ,1300,950,1675
30/10/2025,103458,grain,Val Deshi,વાલ દેશી,30,882,1030
30/10/2025,103459,grain,Choli,ચોળી,70,800,1375
30/10/2025,103460,grain,Math,મઠ,10,1000,1908
30/10/2025,103461,grain,Peas,વટાણા,20,900,2000
30/10/2025,103462,grain,Kulthi,કળથી,27,540,725
30/10/2025,103463,grain,Rajma,રાજમા,40,820,1900
30/10/2025,103464,grain,Groundnut Big,મગફળી જાડી,1300,821,1171
30/10/2025,103465,grain,Groundnut Small,મગફળી જીણી,1100,931,1271
30/10/2025,103466,grain,Seasmum,તલી ,400,1576,2006
30/10/2025,103467,grain,Castor seed,એરંડા,50,1200,1312
30/10/2025,103468,grain,Thymol,અજમો,1,680,680
30/10/2025,103469,grain,Dil Seed,સુવા,1,1200,1200
30/10/2025,103470,grain,Soyabin,સોયાબીન,4000,800,845
30/10/2025,103471,grain,Groundnut-Fada,સીંગફાડા,1400,980,1335
30/10/2025,103472,grain,Sesmum-Black,કાળા તલ ,320,3000,4300
30/10/2025,103473,grain,Garlic,લસણ,240,411,850
30/10/2025,103474,grain,Corriander,ધાણા,120,1250,1400
30/10/2025,103475,grain,Dhani,ધાણી,60,1220,1475
30/10/2025,103476,grain,Variyali,વરીયાળી,52,900,1300
30/10/2025,103477,grain,Cummin,જીરૂ,730,3100,3700
30/10/2025,103478,grain,Mustard,રાય,40,1250,1680
30/10/2025,103479,grain,Fenugreek,મેથી,500,850,1276
30/10/2025,103480,grain,Isabgul,ઇસબગુલ,1,1180,1180
30/10/2025,103481,grain,kalonji,કલોંજી,20,4200,5000
30/10/2025,103482,grain,Mustard seed,રાયડો,140,1100,1260
30/10/2025,103483,grain,Rajkoo Bee,રજકાનું બી ,15,6000,7300
30/10/2025,103484,grain,Guvar Bee,ગુવારનું બી,15,800,860
31/10/2025,103519,grain,Cotton B.T.,કપાસ બી.ટી.,1800,1380,1560
31/10/2025,103520,grain,Wheat Lokvan,ઘઉં લોકવન,40,515,546
31/10/2025,103521,grain,Wheat Tukda,ઘઉં ટુકડા,840,525,611
31/10/2025,103522,grain,Jowar White,જુવાર સફેદ,150,655,836
31/10/2025,103523,grain,Jowar Red,જુવાર લાલ,7,620,750
31/10/2025,103524,grain,Bajri,બાજરી,38,320,384
31/10/2025,103525,grain,Tuver,તુવેર,240,980,1400
31/10/2025,103526,grain,Gram Yellow,ચણા પીળા,360,920,1110
31/10/2025,103527,grain,Gram White,ચણા સફેદ,700,1200,1960
31/10/2025,103528,grain,Urad,અડદ,1600,950,1444
31/10/2025,103529,grain,Mung,મગ,1260,940,1565
31/10/2025,103530,grain,Val Deshi,વાલ દેશી,30,388,1030
31/10/2025,103531,grain,Choli,ચોળી,70,900,1437
31/10/2025,103532,grain,Math,મઠ,7,1000,1900
31/10/2025,103533,grain,Peas,વટાણા,75,860,1775
31/10/2025,103534,grain,Rajma,રાજમા,40,945,1520
31/10/2025,103535,grain,Groundnut Big,મગફળી જાડી,1400,850,1215
31/10/2025,103536,grain,Groundnut Small,મગફળી જીણી,1800,925,1300
31/10/2025,103537,grain,Seasmum,તલી ,900,1550,2098
31/10/2025,103538,grain,Castor seed,એરંડા,100,1200,1325
31/10/2025,103539,grain,Dil Seed,સુવા,3,1210,1270
31/10/2025,103540,grain,Soyabin,સોયાબીન,4200,811,871
31/10/2025,103541,grain,Groundnut-Fada,સીંગફાડા,1260,1000,1350
31/10/2025,103542,grain,Sesmum-Black,કાળા તલ ,500,3100,4370
31/10/2025,103543,grain,Garlic,લસણ,420,450,860
31/10/2025,103544,grain,Corriander,ધાણા,60,1250,1400
31/10/2025,103545,grain,Dhani,ધાણી,40,1250,1450
31/10/2025,103546,grain,Cummin,જીરૂ,420,3250,3801
31/10/2025,103547,grain,Mustard,રાય,60,1240,1675
31/10/2025,103548,grain,Fenugreek,મેથી,540,830,1270
31/10/2025,103549,grain,Mustard seed,રાયડો,220,1215,1265
31/10/2025,103550,grain,Rajkoo Bee,રજકાનું બી ,5,6000,7200
31/10/2025,103551,grain,Guvar Bee,ગુવારનું બી,10,800,875
01/11/2025,103586,grain,Cotton B.T.,કપાસ બી.ટી.,2600,1350,1560
01/11/2025,103587,grain,Wheat Lokvan,ઘઉં લોકવન,24,518,548
01/11/2025,103588,grain,Wheat Tukda,ઘઉં ટુકડા,860,526,622
01/11/2025,103589,grain,Jowar White,જુવાર સફેદ,180,830,934
01/11/2025,103590,grain,Bajri,બાજરી,82,349,396
01/11/2025,103591,grain,Tuver,તુવેર,264,1110,1424
01/11/2025,103592,grain,Gram Yellow,ચણા પીળા,400,921,1110
01/11/2025,103593,grain,Gram White,ચણા સફેદ,1000,1211,2000
01/11/2025,103594,grain,Urad,અડદ,1500,1160,1556
01/11/2025,103595,grain,Mung,મગ,1080,950,1564
01/11/2025,103596,grain,Val Deshi,વાલ દેશી,80,680,850
01/11/2025,103597,grain,Choli,ચોળી,10,725,834
01/11/2025,103598,grain,Math,મઠ,25,1000,2070
01/11/2025,103599,grain,Peas,વટાણા,60,950,2000
01/11/2025,103600,grain,Rajma,રાજમા,60,1000,1486
01/11/2025,103601,grain,Groundnut Big,મગફળી જાડી,3000,850,1180
01/11/2025,103602,grain,Groundnut Small,મગફળી જીણી,3000,920,1325
01/11/2025,103603,grain,Seasmum,તલી ,1100,1600,2200
01/11/2025,103604,grain,Castor seed,એરંડા,130,1250,1325
01/11/2025,103605,grain,Soyabin,સોયાબીન,4200,806,873
01/11/2025,103606,grain,Groundnut-Fada,સીંગફાડા,1700,1000,1335
01/11/2025,103607,grain,Sesmum-Black,કાળા તલ ,322,3430,4444
01/11/2025,103608,grain,Garlic,લસણ,500,478,865
01/11/2025,103609,grain,Corriander,ધાણા,110,1360,1600
01/11/2025,103610,grain,Dhani,ધાણી,130,1380,1540
01/11/2025,103611,grain,Variyali,વરીયાળી,8,900,1100
01/11/2025,103612,grain,Cummin,જીરૂ,600,3300,3780
01/11/2025,103613,grain,Mustard,રાય,70,1260,1634
01/11/2025,103614,grain,Fenugreek,મેથી,1040,810,1267
01/11/2025,103615,grain,kalonji,કલોંજી,50,4200,4910
01/11/2025,103616,grain,Mustard seed,રાયડો,210,1200,1271
01/11/2025,103617,grain,Rajkoo Bee,રજકાનું બી ,6,6200,8410
01/11/2025,103618,grain,Guvar Bee,ગુવારનું બી,35,800,880
03/11/2025,103654,grain,Cotton B.T.,કપાસ બી.ટી.,3600,1300,1571
03/11/2025,103655,grain,Wheat Lokvan,ઘઉં લોકવન,50,519,547
03/11/2025,103656,grain,Wheat Tukda,ઘઉં ટુકડા,1240,514,611
03/11/2025,103657,grain,Jowar White,જુવાર સફેદ,50,824,917
03/11/2025,103658,grain,Bajri,બાજરી,72,270,472
03/11/2025,103659,grain,Maize,મકાઇ,13,300,410
03/11/2025,103660,grain,Tuver,તુવેર,294,1070,1434
03/11/2025,103661,grain,Gram Yellow,ચણા પીળા,640,925,1111
03/11/2025,103662,grain,Gram White,ચણા સફેદ,1300,1151,1990
03/11/2025,103663,grain,Urad,અડદ,2243,1050,1420
03/11/2025,103664,grain,Mung,મગ,1040,900,1550
03/11/2025,103665,grain,Val Deshi,વાલ દેશી,65,450,1040
03/11/2025,103666,grain,Choli,ચોળી,22,820,954
03/11/2025,103667,grain,Math,મઠ,5,1000,2000
03/11/2025,103668,grain,Peas,વટાણા,40,900,1950
03/11/2025,103669,grain,Rajma,રાજમા,260,1050,1751
03/11/2025,103670,grain,Groundnut Big,મગફળી જાડી,2400,840,1175
03/11/2025,103671,grain,Groundnut Small,મગફળી જીણી,2400,920,1320
03/11/2025,103672,grain,Seasmum,તલી ,3000,1850,2300
03/11/2025,103673,grain,Castor seed,એરંડા,200,1250,1324
03/11/2025,103674,grain,Thymol,અજમો,2,1025,1500
03/11/2025,103675,grain,Dil Seed,સુવા,1,1000,1250
03/11/2025,103676,grain,Soyabin,સોયાબીન,3800,811,890
03/11/2025,103677,grain,Groundnut-Fada,સીંગફાડા,1820,975,1375
03/11/2025,103678,grain,Sesmum-Black,કાળા તલ ,520,3425,4650
03/11/2025,103679,grain,Garlic,લસણ,1403,415,900
03/11/2025,103680,grain,Corriander,ધાણા,60,1250,1400
03/11/2025,103681,grain,Chillies,મરચા સુકા ,4,2000,3000
03/11/2025,103682,grain,Dhani,ધાણી,40,1250,1450
03/11/2025,103683,grain,Variyali,વરીયાળી,12,1035,1500
03/11/2025,103684,grain,Cummin,જીરૂ,720,3320,3800
03/11/2025,103685,grain,Mustard,રાય,3,1715,1715
03/11/2025,103686,grain,Fenugreek,મેથી,260,1030,1340
03/11/2025,103687,grain,Isabgul,ઇસબગુલ,10,800,1500
03/11/2025,103688,grain,kalonji,કલોંજી,60,3000,4747
03/11/2025,103689,grain,Mustard seed,રાયડો,40,1280,1287
03/11/2025,103690,grain,Rajkoo Bee,રજકાનું બી ,10,6550,7650
03/11/2025,103691,grain,Guvar Bee,ગુવારનું બી,25,800,875
04/11/2025,103727,grain,Cotton B.T.,કપાસ બી.ટી.,4600,1340,1560
04/11/2025,103728,grain,Wheat Lokvan,ઘઉં લોકવન,50,518,541
04/11/2025,103729,grain,Wheat Tukda,ઘઉં ટુકડા,1220,520,621
04/11/2025,103730,grain,Jowar White,જુવાર સફેદ,150,650,935
04/11/2025,103731,grain,Bajri,બાજરી,74,270,397
04/11/2025,103732,grain,Tuver,તુવેર,205,1200,1433
04/11/2025,103733,grain,Gram Yellow,ચણા પીળા,400,931,1115
04/11/2025,103734,grain,Gram White,ચણા સફેદ,1800,1175,2021
04/11/2025,103735,grain,Urad,અડદ,0,1050,1382
04/11/2025,103736,grain,Mung,મગ,540,950,1700
04/11/2025,103737,grain,Val Deshi,વાલ દેશી,80,751,1071
04/11/2025,103738,grain,Choli,ચોળી,30,800,1300
04/11/2025,103739,grain,Math,મઠ,5,1000,1800
04/11/2025,103740,grain,Peas,વટાણા,60,900,2190
04/11/2025,103741,grain,Kulthi,કળથી,9,640,640
04/11/2025,103742,grain,Rajma,રાજમા,280,900,1550
04/11/2025,103743,grain,Groundnut Big,મગફળી જાડી,2300,860,1208
04/11/2025,103744,grain,Groundnut Small,મગફળી જીણી,2400,940,1280
04/11/2025,103745,grain,Seasmum,તલી ,2500,1880,2350
04/11/2025,103746,grain,Castor seed,એરંડા,111,1250,1317
04/11/2025,103747,grain,Thymol,અજમો,10,621,900
04/11/2025,103748,grain,Dil Seed,સુવા,2,1096,1330
04/11/2025,103749,grain,Soyabin,સોયાબીન,3200,808,885
04/11/2025,103750,grain,Groundnut-Fada,સીંગફાડા,1400,950,1320
04/11/2025,103751,grain,Sesmum-Black,કાળા તલ ,690,3505,4650
04/11/2025,103752,grain,Garlic,લસણ,1140,480,990
04/11/2025,103753,grain,Corriander,ધાણા,100,1340,1505
04/11/2025,103754,grain,Dhani,ધાણી,130,1330,1544
04/11/2025,103755,grain,Variyali,વરીયાળી,15,1020,1400
04/11/2025,103756,grain,Cummin,જીરૂ,600,3375,3900
04/11/2025,103757,grain,Mustard,રાય,10,1400,1750
04/11/2025,103758,grain,Fenugreek,મેથી,260,990,1300
04/11/2025,103759,grain,kalonji,કલોંજી,14,3800,4750
04/11/2025,103760,grain,Mustard seed,રાયડો,90,1080,1264
04/11/2025,103761,grain,Rajkoo Bee,રજકાનું બી ,10,5210,7900
04/11/2025,103762,grain,Guvar Bee,ગુવારનું બી,13,800,890
05/11/2025,103798,grain,Cotton B.T.,કપાસ બી.ટી.,4400,1350,1550
05/11/2025,103799,grain,Wheat Lokvan,ઘઉં લોકવન,60,520,540
05/11/2025,103800,grain,Wheat Tukda,ઘઉં ટુકડા,2300,517,632
05/11/2025,103801,grain,Jowar White,જુવાર સફેદ,350,611,932
05/11/2025,103802,grain,Jowar Yellow,જુવાર પીળી ,20,200,400
05/11/2025,103803,grain,Bajri,બાજરી,55,350,507
05/11/2025,103804,grain,Tuver,તુવેર,322,1120,1434
05/11/2025,103805,grain,Gram Yellow,ચણા પીળા,400,925,1110
05/11/2025,103806,grain,Gram White,ચણા સફેદ,1700,1161,1975
05/11/2025,103807,grain,Urad,અડદ,2000,930,1450
05/11/2025,103808,grain,Mung,મગ,610,1000,1750
05/11/2025,103809,grain,Val Deshi,વાલ દેશી,80,700,1070
05/11/2025,103810,grain,Choli,ચોળી,32,751,1300
05/11/2025,103811,grain,Math,મઠ,5,1000,1800
05/11/2025,103812,grain,Peas,વટાણા,140,1200,1950
05/11/2025,103813,grain,Rajma,રાજમા,60,900,1651
05/11/2025,103814,grain,Groundnut Big,મગફળી જાડી,2100,860,1220
05/11/2025,103815,grain,Groundnut Small,મગફળી જીણી,2100,910,1258
05/11/2025,103816,grain,Seasmum,તલી ,3000,1890,2250
05/11/2025,103817,grain,Castor seed,એરંડા,600,1270,1299
05/11/2025,103818,grain,Thymol,અજમો,12,1000,2001
05/11/2025,103819,grain,Dil Seed,સુવા,1,1011,1550
05/11/2025,103820,grain,Soyabin,સોયાબીન,3900,810,871
05/11/2025,103821,grain,Groundnut-Fada,સીંગફાડા,2240,980,1325
05/11/2025,103822,grain,Sesmum-Black,કાળા તલ ,700,3450,4611
05/11/2025,103823,grain,Garlic,લસણ,1400,435,1000
05/11/2025,103824,grain,Corriander,ધાણા,110,1340,1525
05/11/2025,103825,grain,Chillies,મરચા સુકા ,2,1800,1800
05/11/2025,103826,grain,Dhani,ધાણી,120,1350,1540
05/11/2025,103827,grain,Variyali,વરીયાળી,18,1234,1460
05/11/2025,103828,grain,Cummin,જીરૂ,1100,3370,3870
05/11/2025,103829,grain,Mustard,રાય,60,1350,1734
05/11/2025,103830,grain,Fenugreek,મેથી,200,940,1220
05/11/2025,103831,grain,Isabgul,ઇસબગુલ,1,811,1250
05/11/2025,103832,grain,kalonji,કલોંજી,6,3300,4500
05/11/2025,103833,grain,Mustard seed,રાયડો,20,1050,1234
05/11/2025,103834,grain,Rajkoo Bee,રજકાનું બી ,12,6060,8500
05/11/2025,103835,grain,Guvar Bee,ગુવારનું બી,15,805,875
06/11/2025,103871,grain,Cotton B.T.,કપાસ બી.ટી.,5000,1350,1550
06/11/2025,103872,grain,Wheat Lokvan,ઘઉં લોકવન,60,517,530
06/11/2025,103873,grain,Wheat Tukda,ઘઉં ટુકડા,1380,523,621
06/11/2025,103874,grain,Jowar White,જુવાર સફેદ,200,600,936
06/11/2025,103875,grain,Jowar Yellow,જુવાર પીળી ,15,344,400
06/11/2025,103876,grain,Bajri,બાજરી,64,250,490
06/11/2025,103877,grain,Tuver,તુવેર,460,1000,1400
06/11/2025,103878,grain,Gram Yellow,ચણા પીળા,340,911,1110
06/11/2025,103879,grain,Gram White,ચણા સફેદ,1600,1161,1952
06/11/2025,103880,grain,Urad,અડદ,0,1030,1551
06/11/2025,103881,grain,Mung,મગ,1000,850,1735
06/11/2025,103882,grain,Val Deshi,વાલ દેશી,150,800,1500
06/11/2025,103883,grain,Choli,ચોળી,110,890,1251
06/11/2025,103884,grain,Math,મઠ,8,1000,2000
06/11/2025,103885,grain,Peas,વટાણા,120,900,1950
06/11/2025,103886,grain,Kulthi,કળથી,17,610,725
06/11/2025,103887,grain,Rajma,રાજમા,160,900,1640
06/11/2025,103888,grain,Groundnut Big,મગફળી જાડી,6000,950,1230
06/11/2025,103889,grain,Groundnut Small,મગફળી જીણી,6000,900,1260
06/11/2025,103890,grain,Seasmum,તલી ,1800,1890,2225
06/11/2025,103891,grain,Castor seed,એરંડા,360,1240,1290
06/11/2025,103892,grain,Thymol,અજમો,2,1000,1690
06/11/2025,103893,grain,Dil Seed,સુવા,1,1000,1295
06/11/2025,103894,grain,Soyabin,સોયાબીન,5400,808,868
06/11/2025,103895,grain,Groundnut-Fada,સીંગફાડા,1400,970,1345
06/11/2025,103896,grain,Sesmum-Black,કાળા તલ ,600,3500,4680
06/11/2025,103897,grain,Garlic,લસણ,1300,465,1010
06/11/2025,103898,grain,Corriander,ધાણા,170,1330,1560
06/11/2025,103899,grain,Dhani,ધાણી,150,1360,1622
06/11/2025,103900,grain,Variyali,વરીયાળી,50,1071,1332
06/11/2025,103901,grain,Cummin,જીરૂ,420,3400,3870
06/11/2025,103902,grain,Mustard,રાય,50,1240,1735
06/11/2025,103903,grain,Fenugreek,મેથી,220,960,1280
06/11/2025,103904,grain,Isabgul,ઇસબગુલ,1,1050,1395
06/11/2025,103905,grain,kalonji,કલોંજી,6,3900,4640
06/11/2025,103906,grain,Mustard seed,રાયડો,6,900,1260
06/11/2025,103907,grain,Rajkoo Bee,રજકાનું બી ,10,5700,7800
06/11/2025,103908,grain,Guvar Bee,ગુવારનું બી,70,810,885
07/11/2025,103944,grain,Cotton B.T.,કપાસ બી.ટી.,5000,1340,1515
07/11/2025,103945,grain,Wheat Lokvan,ઘઉં લોકવન,50,518,547
07/11/2025,103946,grain,Wheat Tukda,ઘઉં ટુકડા,950,524,650
07/11/2025,103947,grain,Jowar White,જુવાર સફેદ,130,700,934
07/11/2025,103948,grain,Bajri,બાજરી,70,330,470
07/11/2025,103949,grain,Tuver,તુવેર,400,1180,1400
07/11/2025,103950,grain,Gram Yellow,ચણા પીળા,350,900,1120
07/11/2025,103951,grain,Gram White,ચણા સફેદ,1620,1150,1800
07/11/2025,103952,grain,Urad,અડદ,0,980,1530
07/11/2025,103953,grain,Mung,મગ,900,950,1620
07/11/2025,103954,grain,Val Deshi,વાલ દેશી,200,740,1211
07/11/2025,103955,grain,Choli,ચોળી,30,1000,1315
07/11/2025,103956,grain,Peas,વટાણા,40,1100,1900
07/11/2025,103957,grain,Rajma,રાજમા,120,1025,1575
07/11/2025,103958,grain,Groundnut Big,મગફળી જાડી,0,840,1225
07/11/2025,103959,grain,Groundnut Small,મગફળી જીણી,0,900,1250
07/11/2025,103960,grain,Seasmum,તલી ,1800,1800,2550
07/11/2025,103961,grain,Castor seed,એરંડા,180,1250,1293
07/11/2025,103962,grain,Thymol,અજમો,4,1000,1800
07/11/2025,103963,grain,Soyabin,સોયાબીન,3600,803,880
07/11/2025,103964,grain,Groundnut-Fada,સીંગફાડા,0,970,1315
07/11/2025,103965,grain,Sesmum-Black,કાળા તલ ,700,3350,4890
07/11/2025,103966,grain,Garlic,લસણ,1000,460,1000
07/11/2025,103967,grain,Corriander,ધાણા,120,1350,1555
07/11/2025,103968,grain,Chillies,મરચા સુકા ,480,1250,4050
07/11/2025,103969,grain,Dhani,ધાણી,150,1380,1650
07/11/2025,103970,grain,Variyali,વરીયાળી,40,1082,1431
07/11/2025,103971,grain,Cummin,જીરૂ,800,3430,3850
07/11/2025,103972,grain,Mustard,રાય,4,1244,1740
07/11/2025,103973,grain,Fenugreek,મેથી,500,1050,1278
07/11/2025,103974,grain,Isabgul,ઇસબગુલ,12,1050,1370
07/11/2025,103975,grain,Asario,અશેરીયો,22,800,950
07/11/2025,103976,grain,kalonji,કલોંજી,3,3500,4650
07/11/2025,103977,grain,Mustard seed,રાયડો,500,900,1280
07/11/2025,103978,grain,Rajkoo Bee,રજકાનું બી ,24,6200,8530
07/11/2025,103979,grain,Guvar Bee,ગુવારનું બી,40,800,860
08/11/2025,104014,grain,Cotton B.T.,કપાસ બી.ટી.,4600,1335,1540
08/11/2025,104015,grain,Wheat Lokvan,ઘઉં લોકવન,28,517,525
08/11/2025,104016,grain,Wheat Tukda,ઘઉં ટુકડા,680,521,650
08/11/2025,104017,grain,Jowar White,જુવાર સફેદ,125,690,943
08/11/2025,104018,grain,Bajri,બાજરી,90,320,409
08/11/2025,104019,grain,Tuver,તુવેર,320,1111,1431
08/11/2025,104020,grain,Gram Yellow,ચણા પીળા,300,900,1125
08/11/2025,104021,grain,Gram White,ચણા સફેદ,1700,1100,1899
08/11/2025,104022,grain,Urad,અડદ,2600,1000,1386
08/11/2025,104023,grain,Mung,મગ,850,850,1711
08/11/2025,104024,grain,Val Deshi,વાલ દેશી,125,700,1111
08/11/2025,104025,grain,Choli,ચોળી,50,980,1281
08/11/2025,104026,grain,Math,મઠ,150,1000,1550
08/11/2025,104027,grain,Peas,વટાણા,50,1115,2195
08/11/2025,104028,grain,Rajma,રાજમા,42,1000,1601
08/11/2025,104029,grain,Groundnut Big,મગફળી જાડી,5500,860,1250
08/11/2025,104030,grain,Groundnut Small,મગફળી જીણી,5500,915,1265
08/11/2025,104031,grain,Seasmum,તલી ,1800,1850,2310
08/11/2025,104032,grain,Castor seed,એરંડા,280,1250,1300
08/11/2025,104033,grain,Thymol,અજમો,5,1300,2050
08/11/2025,104034,grain,Soyabin,સોયાબીન,4300,813,874
08/11/2025,104035,grain,Groundnut-Fada,સીંગફાડા,0,966,1335
08/11/2025,104036,grain,Sesmum-Black,કાળા તલ ,840,3560,5200
08/11/2025,104037,grain,Garlic,લસણ,700,446,954
08/11/2025,104038,grain,Corriander,ધાણા,140,1340,1550
08/11/2025,104039,grain,Chillies,મરચા સુકા ,32,1500,3500
08/11/2025,104040,grain,Dhani,ધાણી,120,1370,1650
08/11/2025,104041,grain,Variyali,વરીયાળી,20,1050,1438
08/11/2025,104042,grain,Cummin,જીરૂ,500,3420,3880
08/11/2025,104043,grain,Mustard,રાય,85,1300,1750
08/11/2025,104044,grain,Fenugreek,મેથી,340,990,1250
08/11/2025,104045,grain,kalonji,કલોંજી,10,3500,4845
08/11/2025,104046,grain,Mustard seed,રાયડો,140,980,1277
08/11/2025,104047,grain,Rajkoo Bee,રજકાનું બી ,3,4350,7200
08/11/2025,104048,grain,Guvar Bee,ગુવારનું બી,50,800,880
10/11/2025,104084,grain,Cotton B.T.,કપાસ બી.ટી.,0,1340,1525
10/11/2025,104085,grain,Wheat Lokvan,ઘઉં લોકવન,90,517,571
10/11/2025,104086,grain,Wheat Tukda,ઘઉં ટુકડા,2200,526,624
10/11/2025,104087,grain,Jowar White,જુવાર સફેદ,275,700,968
10/11/2025,104088,grain,Jowar Red,જુવાર લાલ,12,600,988
10/11/2025,104089,grain,Jowar Yellow,જુવાર પીળી ,40,400,472
10/11/2025,104090,grain,Bajri,બાજરી,60,300,460
10/11/2025,104091,grain,Maize,મકાઇ,12,341,400
10/11/2025,104092,grain,Tuver,તુવેર,380,1050,1358
10/11/2025,104093,grain,Gram Yellow,ચણા પીળા,240,950,1111
10/11/2025,104094,grain,Gram White,ચણા સફેદ,1200,1100,1850
10/11/2025,104095,grain,Urad,અડદ,0,980,1386
10/11/2025,104096,grain,Mung,મગ,960,801,1740
10/11/2025,104097,grain,Val Deshi,વાલ દેશી,50,870,1180
10/11/2025,104098,grain,Choli,ચોળી,70,800,1269
10/11/2025,104099,grain,Peas,વટાણા,50,1111,2291
10/11/2025,104100,grain,Rajma,રાજમા,120,1051,1520
10/11/2025,104101,grain,Groundnut Big,મગફળી જાડી,0,900,1290
10/11/2025,104102,grain,Groundnut Small,મગફળી જીણી,0,920,1286
10/11/2025,104103,grain,Seasmum,તલી ,3800,1900,2350
10/11/2025,104104,grain,Castor seed,એરંડા,60,1235,1296
10/11/2025,104105,grain,Thymol,અજમો,6,1100,2111
10/11/2025,104106,grain,Soyabin,સોયાબીન,5000,830,870
10/11/2025,104107,grain,Groundnut-Fada,સીંગફાડા,0,960,1390
10/11/2025,104108,grain,Sesmum-Black,કાળા તલ ,1100,3600,5400
10/11/2025,104109,grain,Garlic,લસણ,720,455,1000
10/11/2025,104110,grain,Corriander,ધાણા,280,1330,1540
10/11/2025,104111,grain,Chillies,મરચા સુકા ,50,1200,3500
10/11/2025,104112,grain,Dhani,ધાણી,320,1360,1630
10/11/2025,104113,grain,Variyali,વરીયાળી,18,1035,1211
10/11/2025,104114,grain,Cummin,જીરૂ,480,3300,3751
10/11/2025,104115,grain,Mustard,રાય,5,1340,1790
10/11/2025,104116,grain,Fenugreek,મેથી,200,975,1191
10/11/2025,104117,grain,Asario,અશેરીયો,20,1071,1136
10/11/2025,104118,grain,Mustard seed,રાયડો,22,1120,1277
10/11/2025,104119,grain,Rajkoo Bee,રજકાનું બી ,10,6300,7200
10/11/2025,104120,grain,Guvar Bee,ગુવારનું બી,50,878,878
11/11/2025,104156,grain,Cotton B.T.,કપાસ બી.ટી.,6400,1365,1500
11/11/2025,104157,grain,Wheat Lokvan,ઘઉં લોકવન,60,511,558
11/11/2025,104158,grain,Wheat Tukda,ઘઉં ટુકડા,1160,519,658
11/11/2025,104159,grain,Jowar White,જુવાર સફેદ,114,490,900
11/11/2025,104160,grain,Bajri,બાજરી,110,250,380
11/11/2025,104161,grain,Tuver,તુવેર,260,1050,1360
11/11/2025,104162,grain,Gram Yellow,ચણા પીળા,300,900,1120
11/11/2025,104163,grain,Gram White,ચણા સફેદ,1300,1250,1805
11/11/2025,104164,grain,Urad,અડદ,0,1080,1425
11/11/2025,104165,grain,Mung,મગ,850,811,1724
11/11/2025,104166,grain,Val Deshi,વાલ દેશી,140,850,1675
11/11/2025,104167,grain,Choli,ચોળી,48,800,1220
11/11/2025,104168,grain,Math,મઠ,50,1000,1500
11/11/2025,104169,grain,Peas,વટાણા,40,1111,2380
11/11/2025,104170,grain,Kulthi,કળથી,45,450,750
11/11/2025,104171,grain,Rajma,રાજમા,30,1025,1400
11/11/2025,104172,grain,Groundnut Big,મગફળી જાડી,5800,910,1311
11/11/2025,104173,grain,Groundnut Small,મગફળી જીણી,7600,920,1270
11/11/2025,104174,grain,Seasmum,તલી ,1400,1990,2330
11/11/2025,104175,grain,Castor seed,એરંડા,230,1240,1304
11/11/2025,104176,grain,Thymol,અજમો,4,1530,2030
11/11/2025,104177,grain,Soyabin,સોયાબીન,3800,830,925
11/11/2025,104178,grain,Groundnut-Fada,સીંગફાડા,2200,928,1353
11/11/2025,104179,grain,Sesmum-Black,કાળા તલ ,440,3450,5353
11/11/2025,104180,grain,Garlic,લસણ,540,500,1011
11/11/2025,104181,grain,Corriander,ધાણા,80,1340,1550
11/11/2025,104182,grain,Chillies,મરચા સુકા ,60,1240,3450
11/11/2025,104183,grain,Dhani,ધાણી,100,1320,1580
11/11/2025,104184,grain,Variyali,વરીયાળી,30,1100,1580
11/11/2025,104185,grain,Cummin,જીરૂ,440,3360,3760
11/11/2025,104186,grain,Mustard,રાય,6,1580,1760
11/11/2025,104187,grain,Fenugreek,મેથી,380,1061,1430
11/11/2025,104188,grain,Isabgul,ઇસબગુલ,2,1100,1250
11/11/2025,104189,grain,Asario,અશેરીયો,18,850,1080
11/11/2025,104190,grain,kalonji,કલોંજી,40,3540,4940
11/11/2025,104191,grain,Mustard seed,રાયડો,48,1130,1270
11/11/2025,104192,grain,Rajkoo Bee,રજકાનું બી ,11,6275,7885
11/11/2025,104193,grain,Guvar Bee,ગુવારનું બી,50,825,860
12/11/2025,104229,grain,Cotton B.T.,કપાસ બી.ટી.,0,1355,1515
12/11/2025,104230,grain,Wheat Lokvan,ઘઉં લોકવન,60,517,540
12/11/2025,104231,grain,Wheat Tukda,ઘઉં ટુકડા,1140,518,632
12/11/2025,104232,grain,Jowar White,જુવાર સફેદ,300,700,971
12/11/2025,104233,grain,Jowar Red,જુવાર લાલ,12,800,951
12/11/2025,104234,grain,Bajri,બાજરી,60,272,400
12/11/2025,104235,grain,Tuver,તુવેર,270,1170,1396
12/11/2025,104236,grain,Gram Yellow,ચણા પીળા,300,911,1110
12/11/2025,104237,grain,Gram White,ચણા સફેદ,1300,1241,1795
12/11/2025,104238,grain,Urad,અડદ,2400,1020,1455
12/11/2025,104239,grain,Mung,મગ,860,1200,1800
12/11/2025,104240,grain,Val Deshi,વાલ દેશી,65,771,1112
12/11/2025,104241,grain,Choli,ચોળી,110,810,1273
12/11/2025,104242,grain,Math,મઠ,70,1000,1575
12/11/2025,104243,grain,Peas,વટાણા,500,1200,2500
12/11/2025,104244,grain,Kulthi,કળથી,40,450,825
12/11/2025,104245,grain,Rajma,રાજમા,40,1030,1660
12/11/2025,104246,grain,Groundnut Big,મગફળી જાડી,0,910,1292
12/11/2025,104247,grain,Groundnut Small,મગફળી જીણી,0,950,1267
12/11/2025,104248,grain,Seasmum,તલી ,1500,1880,2250
12/11/2025,104249,grain,Castor seed,એરંડા,300,1245,1300
12/11/2025,104250,grain,Thymol,અજમો,2,1800,1800
12/11/2025,104251,grain,Soyabin,સોયાબીન,3800,880,940
12/11/2025,104252,grain,Groundnut-Fada,સીંગફાડા,0,990,1384
12/11/2025,104253,grain,Sesmum-Black,કાળા તલ ,400,3434,5400
12/11/2025,104254,grain,Garlic,લસણ,1000,497,1030
12/11/2025,104255,grain,Corriander,ધાણા,200,1335,1560
12/11/2025,104256,grain,Chillies,મરચા સુકા ,30,1150,3440
12/11/2025,104257,grain,Dhani,ધાણી,160,1340,1600
12/11/2025,104258,grain,Variyali,વરીયાળી,50,1100,1350
12/11/2025,104259,grain,Cummin,જીરૂ,420,3300,3780
12/11/2025,104260,grain,Mustard,રાય,5,1670,1800
12/11/2025,104261,grain,Fenugreek,મેથી,380,1090,1310
12/11/2025,104262,grain,Asario,અશેરીયો,7,950,1050
12/11/2025,104263,grain,kalonji,કલોંજી,2,3840,4790
12/11/2025,104264,grain,Mustard seed,રાયડો,140,1211,1309
12/11/2025,104265,grain,Rajkoo Bee,રજકાનું બી ,12,6500,8750
12/11/2025,104266,grain,Guvar Bee,ગુવારનું બી,20,800,850
13/11/2025,104302,grain,Cotton B.T.,કપાસ બી.ટી.,8200,1360,1510
13/11/2025,104303,grain,Wheat Lokvan,ઘઉં લોકવન,50,517,548
13/11/2025,104304,grain,Wheat Tukda,ઘઉં ટુકડા,1440,519,631
13/11/2025,104305,grain,Jowar White,જુવાર સફેદ,140,740,975
13/11/2025,104306,grain,Bajri,બાજરી,80,351,487
13/11/2025,104307,grain,Tuver,તુવેર,340,1033,1375
13/11/2025,104308,grain,Gram Yellow,ચણા પીળા,380,900,1100
13/11/2025,104309,grain,Gram White,ચણા સફેદ,1380,1240,1660
13/11/2025,104310,grain,Urad,અડદ,0,1005,1475
13/11/2025,104311,grain,Mung,મગ,800,1200,1825
13/11/2025,104312,grain,Val Deshi,વાલ દેશી,88,870,1152
13/11/2025,104313,grain,Choli,ચોળી,70,815,1276
13/11/2025,104314,grain,Math,મઠ,100,1000,1650
13/11/2025,104315,grain,Peas,વટાણા,80,900,2420
13/11/2025,104316,grain,Rajma,રાજમા,140,900,1550
13/11/2025,104317,grain,Groundnut Big,મગફળી જાડી,0,930,1360
13/11/2025,104318,grain,Groundnut Small,મગફળી જીણી,0,1000,1305
13/11/2025,104319,grain,Seasmum,તલી ,1200,1950,2384
13/11/2025,104320,grain,Castor seed,એરંડા,360,1250,1320
13/11/2025,104321,grain,Thymol,અજમો,6,1130,2000
13/11/2025,104322,grain,Dil Seed,સુવા,1,1225,1225
13/11/2025,104323,grain,Soyabin,સોયાબીન,3600,860,952
13/11/2025,104324,grain,Groundnut-Fada,સીંગફાડા,0,970,1385
13/11/2025,104325,grain,Sesmum-Black,કાળા તલ ,340,3250,5199
13/11/2025,104326,grain,Garlic,લસણ,960,500,1050
13/11/2025,104327,grain,Corriander,ધાણા,160,1330,1560
13/11/2025,104328,grain,Chillies,મરચા સુકા ,32,1210,3700
13/11/2025,104329,grain,Dhani,ધાણી,70,1345,1606
13/11/2025,104330,grain,Variyali,વરીયાળી,40,1200,1461
13/11/2025,104331,grain,Cummin,જીરૂ,800,3300,3880
13/11/2025,104332,grain,Mustard,રાય,5,1640,1800
13/11/2025,104333,grain,Fenugreek,મેથી,440,1200,1450
13/11/2025,104334,grain,Isabgul,ઇસબગુલ,1,1025,1025
13/11/2025,104335,grain,Asario,અશેરીયો,13,1075,1150
13/11/2025,104336,grain,kalonji,કલોંજી,6,4000,4761
13/11/2025,104337,grain,Mustard seed,રાયડો,20,1151,1300
13/11/2025,104338,grain,Rajkoo Bee,રજકાનું બી ,6,4500,7000
13/11/2025,104339,grain,Guvar Bee,ગુવારનું બી,12,800,860
14/11/2025,104375,grain,Cotton B.T.,કપાસ બી.ટી.,0,1345,1500
14/11/2025,104376,grain,Wheat Lokvan,ઘઉં લોકવન,100,516,547
14/11/2025,104377,grain,Wheat Tukda,ઘઉં ટુકડા,900,520,610
14/11/2025,104378,grain,Jowar White,જુવાર સફેદ,265,800,988
14/11/2025,104379,grain,Jowar Yellow,જુવાર પીળી ,44,340,450
14/11/2025,104380,grain,Bajri,બાજરી,30,361,372
14/11/2025,104381,grain,Tuver,તુવેર,250,1070,1401
14/11/2025,104382,grain,Gram Yellow,ચણા પીળા,300,980,1110
14/11/2025,104383,grain,Gram White,ચણા સફેદ,1300,1200,1810
14/11/2025,104384,grain,Urad,અડદ,0,1075,1430
14/11/2025,104385,grain,Mung,મગ,600,1200,1700
14/11/2025,104386,grain,Val Deshi,વાલ દેશી,75,700,1400
14/11/2025,104387,grain,Choli,ચોળી,70,950,1265
14/11/2025,104388,grain,Math,મઠ,60,1000,1500
14/11/2025,104389,grain,Peas,વટાણા,90,900,2300
14/11/2025,104390,grain,Kulthi,કળથી,40,550,750
14/11/2025,104391,grain,Rajma,રાજમા,142,900,1540
14/11/2025,104392,grain,Groundnut Big,મગફળી જાડી,0,930,1350
14/11/2025,104393,grain,Groundnut Small,મગફળી જીણી,0,1020,1285
14/11/2025,104394,grain,Seasmum,તલી ,1900,1985,2290
14/11/2025,104395,grain,Castor seed,એરંડા,500,1250,1319
14/11/2025,104396,grain,Thymol,અજમો,10,1050,1750
14/11/2025,104397,grain,Soyabin,સોયાબીન,3400,880,954
14/11/2025,104398,grain,Groundnut-Fada,સીંગફાડા,2200,950,1400
14/11/2025,104399,grain,Sesmum-Black,કાળા તલ ,370,3400,5211
14/11/2025,104400,grain,Garlic,લસણ,950,550,1080
14/11/2025,104401,grain,Corriander,ધાણા,130,1325,1571
14/11/2025,104402,grain,Chillies,મરચા સુકા ,40,1150,3750
14/11/2025,104403,grain,Dhani,ધાણી,80,1350,1631
14/11/2025,104404,grain,Variyali,વરીયાળી,13,1100,1470
14/11/2025,104405,grain,Cummin,જીરૂ,720,3400,3890
14/11/2025,104406,grain,Mustard,રાય,4,1400,1824
14/11/2025,104407,grain,Fenugreek,મેથી,400,1070,1470
14/11/2025,104408,grain,Asario,અશેરીયો,25,1050,1150
14/11/2025,104409,grain,kalonji,કલોંજી,12,3800,4860
14/11/2025,104410,grain,Mustard seed,રાયડો,42,1300,1324
14/11/2025,104411,grain,Rajkoo Bee,રજકાનું બી ,2,8000,8000
14/11/2025,104412,grain,Guvar Bee,ગુવારનું બી,25,790,855
15/11/2025,104448,grain,Cotton B.T.,કપાસ બી.ટી.,6200,1325,1520
15/11/2025,104449,grain,Wheat Lokvan,ઘઉં લોકવન,90,517,544
15/11/2025,104450,grain,Wheat Tukda,ઘઉં ટુકડા,820,520,656
15/11/2025,104451,grain,Jowar White,જુવાર સફેદ,520,890,980
15/11/2025,104452,grain,Jowar Yellow,જુવાર પીળી ,24,425,505
15/11/2025,104453,grain,Bajri,બાજરી,50,200,433
15/11/2025,104454,grain,Maize,મકાઇ,12,280,370
15/11/2025,104455,grain,Tuver,તુવેર,180,1090,1340
15/11/2025,104456,grain,Gram Yellow,ચણા પીળા,360,950,1109
15/11/2025,104457,grain,Gram White,ચણા સફેદ,1150,1211,1815
15/11/2025,104458,grain,Urad,અડદ,2500,990,1404
15/11/2025,104459,grain,Mung,મગ,1300,1250,1735
15/11/2025,104460,grain,Val Deshi,વાલ દેશી,65,820,1020
15/11/2025,104461,grain,Choli,ચોળી,60,941,1275
15/11/2025,104462,grain,Math,મઠ,120,1000,1600
15/11/2025,104463,grain,Peas,વટાણા,100,950,2310
15/11/2025,104464,grain,Kulthi,કળથી,200,350,725
15/11/2025,104465,grain,Rajma,રાજમા,160,900,1595
15/11/2025,104466,grain,Groundnut Big,મગફળી જાડી,11200,930,1340
15/11/2025,104467,grain,Groundnut Small,મગફળી જીણી,11200,1040,1320
15/11/2025,104468,grain,Seasmum,તલી ,1300,1975,2250
15/11/2025,104469,grain,Castor seed,એરંડા,360,1245,1309
15/11/2025,104470,grain,Thymol,અજમો,8,1180,2350
15/11/2025,104471,grain,Dil Seed,સુવા,4,1025,1170
15/11/2025,104472,grain,Soyabin,સોયાબીન,2600,860,930
15/11/2025,104473,grain,Groundnut-Fada,સીંગફાડા,1040,950,1411
15/11/2025,104474,grain,Sesmum-Black,કાળા તલ ,390,3450,5145
15/11/2025,104475,grain,Garlic,લસણ,1100,580,1085
15/11/2025,104476,grain,Corriander,ધાણા,140,1340,1554
15/11/2025,104477,grain,Chillies,મરચા સુકા ,24,1150,3700
15/11/2025,104478,grain,Dhani,ધાણી,60,1344,1606
15/11/2025,104479,grain,Variyali,વરીયાળી,12,1200,1525
15/11/2025,104480,grain,Cummin,જીરૂ,780,3460,3925
15/11/2025,104481,grain,Mustard,રાય,5,1350,1830
15/11/2025,104482,grain,Fenugreek,મેથી,556,1080,1270
15/11/2025,104483,grain,Isabgul,ઇસબગુલ,19,1031,1600
15/11/2025,104484,grain,Asario,અશેરીયો,40,1050,1170
15/11/2025,104485,grain,Mustard seed,રાયડો,44,1290,1340
15/11/2025,104486,grain,Rajkoo Bee,રજકાનું બી ,34,5000,8160
15/11/2025,104487,grain,Guvar Bee,ગુવારનું બી,10,800,850
17/11/2025,104523,grain,Cotton B.T.,કપાસ બી.ટી.,1400,1366,1492
17/11/2025,104524,grain,Wheat Lokvan,ઘઉં લોકવન,50,517,545
17/11/2025,104525,grain,Wheat Tukda,ઘઉં ટુકડા,1220,518,628
17/11/2025,104526,grain,Jowar White,જુવાર સફેદ,560,650,1021
17/11/2025,104527,grain,Bajri,બાજરી,54,325,464
17/11/2025,104528,grain,Maize,મકાઇ,95,250,412
17/11/2025,104529,grain,Tuver,તુવેર,220,1000,1412
17/11/2025,104530,grain,Gram Yellow,ચણા પીળા,540,930,1120
17/11/2025,104531,grain,Gram White,ચણા સફેદ,800,1100,1875
17/11/2025,104532,grain,Urad,અડદ,0,1060,1434
17/11/2025,104533,grain,Mung,મગ,1000,1200,1789
17/11/2025,104534,grain,Val Deshi,વાલ દેશી,90,700,910
17/11/2025,104535,grain,Choli,ચોળી,90,890,1240
17/11/2025,104536,grain,Math,મઠ,30,900,1500
17/11/2025,104537,grain,Peas,વટાણા,40,900,2350
17/11/2025,104538,grain,Kulthi,કળથી,270,450,850
17/11/2025,104539,grain,Rajma,રાજમા,170,1000,1505
17/11/2025,104540,grain,Groundnut Big,મગફળી જાડી,0,950,1363
17/11/2025,104541,grain,Groundnut Small,મગફળી જીણી,0,1060,1321
17/11/2025,104542,grain,Seasmum,તલી ,1800,1950,2330
17/11/2025,104543,grain,Castor seed,એરંડા,700,1240,1318
17/11/2025,104544,grain,Thymol,અજમો,16,1100,1933
17/11/2025,104545,grain,Dil Seed,સુવા,1,1280,1280
17/11/2025,104546,grain,Soyabin,સોયાબીન,3300,856,936
17/11/2025,104547,grain,Groundnut-Fada,સીંગફાડા,1960,953,1435
17/11/2025,104548,grain,Sesmum-Black,કાળા તલ ,1000,3460,5250
17/11/2025,104549,grain,Garlic,લસણ,880,600,1100
17/11/2025,104550,grain,Corriander,ધાણા,120,1350,1560
17/11/2025,104551,grain,Chillies,મરચા સુકા ,375,1170,3900
17/11/2025,104552,grain,Dhani,ધાણી,80,1400,1585
17/11/2025,104553,grain,Variyali,વરીયાળી,12,1200,1550
17/11/2025,104554,grain,Cummin,જીરૂ,780,3500,4065
17/11/2025,104555,grain,Mustard,રાય,4,1380,1908
17/11/2025,104556,grain,Fenugreek,મેથી,450,1100,1515
17/11/2025,104557,grain,Isabgul,ઇસબગુલ,1,1000,1000
17/11/2025,104558,grain,Asario,અશેરીયો,20,975,1125
17/11/2025,104559,grain,kalonji,કલોંજી,15,3500,4876
17/11/2025,104560,grain,Mustard seed,રાયડો,30,1280,1330
17/11/2025,104561,grain,Rajkoo Bee,રજકાનું બી ,3,5125,6925
17/11/2025,104562,grain,Guvar Bee,ગુવારનું બી,40,800,875
18/11/2025,104598,grain,Cotton B.T.,કપાસ બી.ટી.,7800,1320,1475
18/11/2025,104599,grain,Wheat Lokvan,ઘઉં લોકવન,100,517,541
18/11/2025,104600,grain,Wheat Tukda,ઘઉં ટુકડા,1000,520,641
18/11/2025,104601,grain,Jowar White,જુવાર સફેદ,360,650,979
18/11/2025,104602,grain,Bajri,બાજરી,135,302,570
18/11/2025,104603,grain,Tuver,તુવેર,120,900,1326
18/11/2025,104604,grain,Gram Yellow,ચણા પીળા,600,921,1110
18/11/2025,104605,grain,Gram White,ચણા સફેદ,900,1121,1775
18/11/2025,104606,grain,Urad,અડદ,0,1085,1428
18/11/2025,104607,grain,Mung,મગ,1100,1100,1550
18/11/2025,104608,grain,Val Deshi,વાલ દેશી,40,810,1010
18/11/2025,104609,grain,Choli,ચોળી,50,835,1337
18/11/2025,104610,grain,Math,મઠ,100,1000,1550
18/11/2025,104611,grain,Peas,વટાણા,60,1400,2200
18/11/2025,104612,grain,Kulthi,કળથી,270,450,900
18/11/2025,104613,grain,Rajma,રાજમા,160,900,1500
18/11/2025,104614,grain,Groundnut Big,મગફળી જાડી,0,955,1350
18/11/2025,104615,grain,Groundnut Small,મગફળી જીણી,0,1065,1365
18/11/2025,104616,grain,Seasmum,તલી ,1200,1951,2330
18/11/2025,104617,grain,Castor seed,એરંડા,400,1240,1322
18/11/2025,104618,grain,Thymol,અજમો,8,1000,1962
18/11/2025,104619,grain,Soyabin,સોયાબીન,2800,850,926
18/11/2025,104620,grain,Groundnut-Fada,સીંગફાડા,1200,960,1375
18/11/2025,104621,grain,Sesmum-Black,કાળા તલ ,460,3450,5201
18/11/2025,104622,grain,Garlic,લસણ,940,615,1111
18/11/2025,104623,grain,Corriander,ધાણા,100,1350,1578
18/11/2025,104624,grain,Chillies,મરચા સુકા ,26,1100,3600
18/11/2025,104625,grain,Dhani,ધાણી,90,1450,1550
18/11/2025,104626,grain,Variyali,વરીયાળી,25,875,1438
18/11/2025,104627,grain,Cummin,જીરૂ,1000,3500,4100
18/11/2025,104628,grain,Mustard,રાય,30,1434,1930
18/11/2025,104629,grain,Fenugreek,મેથી,620,1200,1481
18/11/2025,104630,grain,Asario,અશેરીયો,18,1050,1225
18/11/2025,104631,grain,Mustard seed,રાયડો,40,1280,1370
18/11/2025,104632,grain,Rajkoo Bee,રજકાનું બી ,4,6200,8225
18/11/2025,104633,grain,Guvar Bee,ગુવારનું બી,30,800,885
19/11/2025,104669,grain,Cotton B.T.,કપાસ બી.ટી.,0,1340,1468
19/11/2025,104670,grain,Wheat Lokvan,ઘઉં લોકવન,44,518,554
19/11/2025,104671,grain,Wheat Tukda,ઘઉં ટુકડા,900,520,688
19/11/2025,104672,grain,Jowar White,જુવાર સફેદ,245,650,986
19/11/2025,104673,grain,Bajri,બાજરી,70,300,482
19/11/2025,104674,grain,Tuver,તુવેર,220,1030,1350
19/11/2025,104675,grain,Gram Yellow,ચણા પીળા,760,901,1109
19/11/2025,104676,grain,Gram White,ચણા સફેદ,1200,1171,1800
19/11/2025,104677,grain,Urad,અડદ,0,1000,1500
19/11/2025,104678,grain,Mung,મગ,0,1100,1560
19/11/2025,104679,grain,Val Deshi,વાલ દેશી,18,800,950
19/11/2025,104680,grain,Choli,ચોળી,102,800,1319
19/11/2025,104681,grain,Math,મઠ,130,1000,1500
19/11/2025,104682,grain,Peas,વટાણા,60,1200,2200
19/11/2025,104683,grain,Kulthi,કળથી,150,350,525
19/11/2025,104684,grain,Rajma,રાજમા,140,1200,1570
19/11/2025,104685,grain,Groundnut Big,મગફળી જાડી,0,970,1340
19/11/2025,104686,grain,Groundnut Small,મગફળી જીણી,0,1075,1365
19/11/2025,104687,grain,Seasmum,તલી ,1300,1940,2284
19/11/2025,104688,grain,Sunflower,સુરજમુખી,14,1500,1500
19/11/2025,104689,grain,Castor seed,એરંડા,420,1235,1322
19/11/2025,104690,grain,Thymol,અજમો,1,1850,1850
19/11/2025,104691,grain,Dil Seed,સુવા,1,1300,1300
19/11/2025,104692,grain,Soyabin,સોયાબીન,2200,885,930
19/11/2025,104693,grain,Groundnut-Fada,સીંગફાડા,1800,952,1439
19/11/2025,104694,grain,Sesmum-Black,કાળા તલ ,380,3425,5225
19/11/2025,104695,grain,Garlic,લસણ,900,600,1000
19/11/2025,104696,grain,Corriander,ધાણા,50,1350,1550
19/11/2025,104697,grain,Chillies,મરચા સુકા ,20,1150,4000
19/11/2025,104698,grain,Dhani,ધાણી,50,1370,1730
19/11/2025,104699,grain,Variyali,વરીયાળી,90,1150,1525
19/11/2025,104700,grain,Cummin,જીરૂ,1000,3520,4025
19/11/2025,104701,grain,Mustard,રાય,40,1820,1950
19/11/2025,104702,grain,Fenugreek,મેથી,590,1280,1400
19/11/2025,104703,grain,Asario,અશેરીયો,25,1050,1175
19/11/2025,104704,grain,kalonji,કલોંજી,30,3800,4850
19/11/2025,104705,grain,Mustard seed,રાયડો,5,1300,1350
20/11/2025,104708,grain,Cotton B.T.,કપાસ બી.ટી.,7400,1340,1485
20/11/2025,104709,grain,Wheat Lokvan,ઘઉં લોકવન,64,517,546
20/11/2025,104710,grain,Wheat Tukda,ઘઉં ટુકડા,1200,520,620
20/11/2025,104711,grain,Jowar White,જુવાર સફેદ,420,600,972
20/11/2025,104712,grain,Bajri,બાજરી,130,274,423
20/11/2025,104713,grain,Tuver,તુવેર,100,1160,1366
20/11/2025,104714,grain,Gram Yellow,ચણા પીળા,840,915,1090
20/11/2025,104715,grain,Gram White,ચણા સફેદ,1360,1151,1785
20/11/2025,104716,grain,Urad,અડદ,2800,1030,1441
20/11/2025,104717,grain,Mung,મગ,720,1250,1830
20/11/2025,104718,grain,Val Deshi,વાલ દેશી,70,700,1041
20/11/2025,104719,grain,Choli,ચોળી,120,870,1300
20/11/2025,104720,grain,Math,મઠ,200,700,1550
20/11/2025,104721,grain,Peas,વટાણા,80,1500,2120
20/11/2025,104722,grain,Kulthi,કળથી,270,450,925
20/11/2025,104723,grain,Rajma,રાજમા,140,900,1500
20/11/2025,104724,grain,Groundnut Big,મગફળી જાડી,0,990,1337
20/11/2025,104725,grain,Groundnut Small,મગફળી જીણી,0,1075,1380
20/11/2025,104726,grain,Seasmum,તલી ,1250,1960,2260
20/11/2025,104727,grain,Castor seed,એરંડા,640,1245,1326
20/11/2025,104728,grain,Thymol,અજમો,4,1000,1720
20/11/2025,104729,grain,Dil Seed,સુવા,4,1100,1265
20/11/2025,104730,grain,Soyabin,સોયાબીન,2800,875,915
20/11/2025,104731,grain,Groundnut-Fada,સીંગફાડા,1000,925,1474
20/11/2025,104732,grain,Sesmum-Black,કાળા તલ ,500,3450,5175
20/11/2025,104733,grain,Garlic,લસણ,900,650,1000
20/11/2025,104734,grain,Corriander,ધાણા,70,1340,1600
20/11/2025,104735,grain,Chillies,મરચા સુકા ,52,900,1750
20/11/2025,104736,grain,Dhani,ધાણી,60,1380,1700
20/11/2025,104737,grain,Variyali,વરીયાળી,35,1150,1600
20/11/2025,104738,grain,Cummin,જીરૂ,660,3550,4100
20/11/2025,104739,grain,Mustard,રાય,10,1750,1945
20/11/2025,104740,grain,Fenugreek,મેથી,590,1150,1370
20/11/2025,104741,grain,Asario,અશેરીયો,10,1236,1236
20/11/2025,104742,grain,kalonji,કલોંજી,30,4000,4840
20/11/2025,104743,grain,Mustard seed,રાયડો,40,1340,1380
20/11/2025,104744,grain,Rajkoo Bee,રજકાનું બી ,5,7000,10000
20/11/2025,104745,grain,Guvar Bee,ગુવારનું બી,20,800,860
21/11/2025,104780,grain,Cotton B.T.,કપાસ બી.ટી.,0,1350,1470
21/11/2025,104781,grain,Wheat Lokvan,ઘઉં લોકવન,100,515,535
21/11/2025,104782,grain,Wheat Tukda,ઘઉં ટુકડા,800,520,625
21/11/2025,104783,grain,Jowar White,જુવાર સફેદ,60,650,951
21/11/2025,104784,grain,Bajri,બાજરી,34,346,462
21/11/2025,104785,grain,Tuver,તુવેર,80,800,1314
21/11/2025,104786,grain,Gram Yellow,ચણા પીળા,400,901,1088
21/11/2025,104787,grain,Gram White,ચણા સફેદ,900,1151,1800
21/11/2025,104788,grain,Urad,અડદ,0,980,1445
21/11/2025,104789,grain,Mung,મગ,660,1200,1570
21/11/2025,104790,grain,Val Deshi,વાલ દેશી,30,600,1054
21/11/2025,104791,grain,Choli,ચોળી,100,800,1231
21/11/2025,104792,grain,Math,મઠ,250,900,1500
21/11/2025,104793,grain,Peas,વટાણા,60,1500,2100
21/11/2025,104794,grain,Kulthi,કળથી,135,375,720
21/11/2025,104795,grain,Rajma,રાજમા,150,900,1521
21/11/2025,104796,grain,Groundnut Big,મગફળી જાડી,22000,1010,1385
21/11/2025,104797,grain,Groundnut Small,મગફળી જીણી,18800,1095,1390
21/11/2025,104798,grain,Linseed,અળશી,5,1400,1600
21/11/2025,104799,grain,Seasmum,તલી ,820,1950,2257
21/11/2025,104800,grain,Castor seed,એરંડા,320,1250,1328
21/11/2025,104801,grain,Dil Seed,સુવા,1,1280,1280
21/11/2025,104802,grain,Soyabin,સોયાબીન,2000,876,916
21/11/2025,104803,grain,Groundnut-Fada,સીંગફાડા,1120,950,1444
21/11/2025,104804,grain,Sesmum-Black,કાળા તલ ,520,3460,5150
21/11/2025,104805,grain,Garlic,લસણ,640,650,1025
21/11/2025,104806,grain,Corriander,ધાણા,130,1350,1605
21/11/2025,104807,grain,Chillies,મરચા સુકા ,30,1200,4050
21/11/2025,104808,grain,Dhani,ધાણી,116,1390,1720
21/11/2025,104809,grain,Variyali,વરીયાળી,125,1150,1550
21/11/2025,104810,grain,Cummin,જીરૂ,720,3550,4075
21/11/2025,104811,grain,Mustard,રાય,20,1650,1987
21/11/2025,104812,grain,Fenugreek,મેથી,440,1000,1450
21/11/2025,104813,grain,Mustard seed,રાયડો,140,1300,1360
21/11/2025,104814,grain,Rajkoo Bee,રજકાનું બી ,5,5400,8700
21/11/2025,104815,grain,Guvar Bee,ગુવારનું બી,30,800,855
22/11/2025,104851,grain,Cotton B.T.,કપાસ બી.ટી.,5400,1310,1480
22/11/2025,104852,grain,Wheat Lokvan,ઘઉં લોકવન,102,517,537
22/11/2025,104853,grain,Wheat Tukda,ઘઉં ટુકડા,1260,522,610
22/11/2025,104854,grain,Jowar White,જુવાર સફેદ,200,650,978
22/11/2025,104855,grain,Jowar Red,જુવાર લાલ,4,850,1007
22/11/2025,104856,grain,Bajri,બાજરી,40,243,423
22/11/2025,104857,grain,Maize,મકાઇ,75,250,400
22/11/2025,104858,grain,Tuver,તુવેર,140,1000,1251
22/11/2025,104859,grain,Gram Yellow,ચણા પીળા,460,905,1100
22/11/2025,104860,grain,Gram White,ચણા સફેદ,1020,1111,1811
22/11/2025,104861,grain,Urad,અડદ,0,1000,1410
22/11/2025,104862,grain,Mung,મગ,0,1250,1825
22/11/2025,104863,grain,Val Deshi,વાલ દેશી,15,625,800
22/11/2025,104864,grain,Choli,ચોળી,44,890,1350
22/11/2025,104865,grain,Math,મઠ,100,800,1600
22/11/2025,104866,grain,Peas,વટાણા,50,1500,2110
22/11/2025,104867,grain,Kulthi,કળથી,110,450,630
22/11/2025,104868,grain,Rajma,રાજમા,140,900,1520
22/11/2025,104869,grain,Groundnut Big,મગફળી જાડી,0,1030,1400
22/11/2025,104870,grain,Groundnut Small,મગફળી જીણી,0,1050,1380
22/11/2025,104871,grain,Seasmum,તલી ,1200,1990,2275
22/11/2025,104872,grain,Castor seed,એરંડા,400,1230,1323
22/11/2025,104873,grain,Thymol,અજમો,1,1200,2481
22/11/2025,104874,grain,Soyabin,સોયાબીન,1900,863,910
22/11/2025,104875,grain,Groundnut-Fada,સીંગફાડા,840,984,1498
22/11/2025,104876,grain,Sesmum-Black,કાળા તલ ,300,3450,5180
22/11/2025,104877,grain,Garlic,લસણ,540,600,1015
22/11/2025,104878,grain,Corriander,ધાણા,60,1360,1660
22/11/2025,104879,grain,Chillies,મરચા સુકા ,75,1150,4150
22/11/2025,104880,grain,Dhani,ધાણી,60,1380,1744
22/11/2025,104881,grain,Variyali,વરીયાળી,60,1270,1650
22/11/2025,104882,grain,Cummin,જીરૂ,640,3530,4125
22/11/2025,104883,grain,Mustard,રાય,16,1650,1820
22/11/2025,104884,grain,Fenugreek,મેથી,268,1115,1400
22/11/2025,104885,grain,Asario,અશેરીયો,5,1050,1225
22/11/2025,104886,grain,Mustard seed,રાયડો,300,1324,1360
22/11/2025,104887,grain,Rajkoo Bee,રજકાનું બી ,4,7000,9830
24/11/2025,104924,grain,Cotton B.T.,કપાસ બી.ટી.,0,1345,1485
24/11/2025,104925,grain,Wheat Lokvan,ઘઉં લોકવન,90,517,561
24/11/2025,104926,grain,Wheat Tukda,ઘઉં ટુકડા,1700,518,637
24/11/2025,104927,grain,Jowar White,જુવાર સફેદ,160,650,948
24/11/2025,104928,grain,Bajri,બાજરી,18,365,384
24/11/2025,104929,grain,Maize,મકાઇ,2,300,300
24/11/2025,104930,grain,Tuver,તુવેર,100,1020,1264
24/11/2025,104931,grain,Gram Yellow,ચણા પીળા,440,915,1100
24/11/2025,104932,grain,Gram White,ચણા સફેદ,800,1141,1822
24/11/2025,104933,grain,Urad,અડદ,0,950,1350
24/11/2025,104934,grain,Mung,મગ,700,1100,1650
24/11/2025,104935,grain,Val Deshi,વાલ દેશી,50,720,1040
24/11/2025,104936,grain,Choli,ચોળી,60,800,1250
24/11/2025,104937,grain,Math,મઠ,300,1000,1700
24/11/2025,104938,grain,Peas,વટાણા,70,1500,2100
24/11/2025,104939,grain,Kulthi,કળથી,175,360,630
24/11/2025,104940,grain,Rajma,રાજમા,30,950,1550
24/11/2025,104941,grain,Groundnut Big,મગફળી જાડી,0,1030,1416
24/11/2025,104942,grain,Groundnut Small,મગફળી જીણી,0,1040,1390
24/11/2025,104943,grain,Seasmum,તલી ,1250,1975,2251
24/11/2025,104944,grain,Castor seed,એરંડા,320,1265,1321
24/11/2025,104945,grain,Thymol,અજમો,20,1500,2400
24/11/2025,104946,grain,Dil Seed,સુવા,4,1100,1621
24/11/2025,104947,grain,Soyabin,સોયાબીન,1640,862,905
24/11/2025,104948,grain,Groundnut-Fada,સીંગફાડા,2000,995,1480
24/11/2025,104949,grain,Sesmum-Black,કાળા તલ ,600,3460,5134
24/11/2025,104950,grain,Garlic,લસણ,440,611,1011
24/11/2025,104951,grain,Corriander,ધાણા,80,1360,1700
24/11/2025,104952,grain,Chillies,મરચા સુકા ,40,1100,4100
24/11/2025,104953,grain,Dhani,ધાણી,60,1390,1770
24/11/2025,104954,grain,Variyali,વરીયાળી,45,1190,1581
24/11/2025,104955,grain,Cummin,જીરૂ,740,3570,4061
24/11/2025,104956,grain,Mustard,રાય,6,1680,1960
24/11/2025,104957,grain,Fenugreek,મેથી,245,950,1170
24/11/2025,104958,grain,Isabgul,ઇસબગુલ,2,1000,1850
24/11/2025,104959,grain,Asario,અશેરીયો,13,1260,1260
24/11/2025,104960,grain,Mustard seed,રાયડો,50,1210,1367
24/11/2025,104961,grain,Rajkoo Bee,રજકાનું બી ,2,7025,9000
24/11/2025,104962,grain,Guvar Bee,ગુવારનું બી,20,800,850
25/11/2025,104999,grain,Cotton B.T.,કપાસ બી.ટી.,8000,1335,1500
25/11/2025,105000,grain,Wheat Lokvan,ઘઉં લોકવન,100,518,560
25/11/2025,105001,grain,Wheat Tukda,ઘઉં ટુકડા,1300,520,601
25/11/2025,105002,grain,Jowar White,જુવાર સફેદ,30,675,931
25/11/2025,105003,grain,Bajri,બાજરી,20,325,419
25/11/2025,105004,grain,Maize,મકાઇ,100,340,380
25/11/2025,105005,grain,Tuver,તુવેર,96,950,1234
25/11/2025,105006,grain,Gram Yellow,ચણા પીળા,500,900,1090
25/11/2025,105007,grain,Gram White,ચણા સફેદ,700,1110,1775
25/11/2025,105008,grain,Urad,અડદ,1500,970,1407
25/11/2025,105009,grain,Mung,મગ,600,1250,1750
25/11/2025,105010,grain,Val Deshi,વાલ દેશી,46,700,1050
25/11/2025,105011,grain,Choli,ચોળી,70,850,1090
25/11/2025,105012,grain,Math,મઠ,120,900,1800
25/11/2025,105013,grain,Peas,વટાણા,40,1500,2000
25/11/2025,105014,grain,Kulthi,કળથી,250,423,675
25/11/2025,105015,grain,Rajma,રાજમા,20,900,1550
25/11/2025,105016,grain,Groundnut Big,મગફળી જાડી,0,1035,1415
25/11/2025,105017,grain,Groundnut Small,મગફળી જીણી,0,1020,1360
25/11/2025,105018,grain,Seasmum,તલી ,840,1980,2250
25/11/2025,105019,grain,Castor seed,એરંડા,400,1275,1322
25/11/2025,105020,grain,Thymol,અજમો,4,1050,1425
25/11/2025,105021,grain,Dil Seed,સુવા,2,1000,1295
25/11/2025,105022,grain,Soyabin,સોયાબીન,1500,860,926
25/11/2025,105023,grain,Groundnut-Fada,સીંગફાડા,1120,931,1472
25/11/2025,105024,grain,Sesmum-Black,કાળા તલ ,200,3450,5170
25/11/2025,105025,grain,Garlic,લસણ,700,626,944
25/11/2025,105026,grain,Corriander,ધાણા,40,1370,1735
25/11/2025,105027,grain,Chillies,મરચા સુકા ,30,1100,4100
25/11/2025,105028,grain,Dhani,ધાણી,40,1400,2000
25/11/2025,105029,grain,Variyali,વરીયાળી,40,1100,1525
25/11/2025,105030,grain,Cummin,જીરૂ,540,3500,4050
25/11/2025,105031,grain,Mustard,રાય,18,1570,1930
25/11/2025,105032,grain,Fenugreek,મેથી,150,1125,1520
25/11/2025,105033,grain,Isabgul,ઇસબગુલ,7,1320,2150
25/11/2025,105034,grain,Asario,અશેરીયો,17,1245,1245
25/11/2025,105035,grain,kalonji,કલોંજી,40,4000,4795
25/11/2025,105036,grain,Mustard seed,રાયડો,26,1150,1360
25/11/2025,105037,grain,Rajkoo Bee,રજકાનું બી ,5,8800,10000
25/11/2025,105038,grain,Guvar Bee,ગુવારનું બી,20,810,875
26/11/2025,105075,grain,Cotton B.T.,કપાસ બી.ટી.,0,1365,1480
26/11/2025,105076,grain,Wheat Lokvan,ઘઉં લોકવન,100,517,535
26/11/2025,105077,grain,Wheat Tukda,ઘઉં ટુકડા,1210,518,665
26/11/2025,105078,grain,Jowar White,જુવાર સફેદ,130,800,967
26/11/2025,105079,grain,Bajri,બાજરી,40,251,512
26/11/2025,105080,grain,Tuver,તુવેર,120,900,1270
26/11/2025,105081,grain,Gram Yellow,ચણા પીળા,600,905,1092
26/11/2025,105082,grain,Gram White,ચણા સફેદ,900,1110,1780
26/11/2025,105083,grain,Urad,અડદ,0,1100,1490
26/11/2025,105084,grain,Mung,મગ,900,1250,1760
26/11/2025,105085,grain,Val Deshi,વાલ દેશી,350,800,1034
26/11/2025,105086,grain,Choli,ચોળી,60,900,1315
26/11/2025,105087,grain,Math,મઠ,280,1000,1800
26/11/2025,105088,grain,Peas,વટાણા,50,1500,2023
26/11/2025,105089,grain,Kulthi,કળથી,180,360,475
26/11/2025,105090,grain,Rajma,રાજમા,30,900,1500
26/11/2025,105091,grain,Groundnut Big,મગફળી જાડી,0,1040,1425
26/11/2025,105092,grain,Groundnut Small,મગફળી જીણી,0,1025,1405
26/11/2025,105093,grain,Seasmum,તલી ,840,1990,2260
26/11/2025,105094,grain,Sunflower,સુરજમુખી,25,540,1260
26/11/2025,105095,grain,Castor seed,એરંડા,640,1240,1318
26/11/2025,105096,grain,Dil Seed,સુવા,6,950,1150
26/11/2025,105097,grain,Soyabin,સોયાબીન,1100,867,910
26/11/2025,105098,grain,Groundnut-Fada,સીંગફાડા,1260,944,1507
26/11/2025,105099,grain,Sesmum-Black,કાળા તલ ,160,3460,5130
26/11/2025,105100,grain,Garlic,લસણ,500,625,950
26/11/2025,105101,grain,Corriander,ધાણા,40,1380,1730
26/11/2025,105102,grain,Chillies,મરચા સુકા ,36,1200,4250
26/11/2025,105103,grain,Dhani,ધાણી,40,1405,1870
26/11/2025,105104,grain,Cummin,જીરૂ,660,3500,4000
26/11/2025,105105,grain,Mustard,રાય,4,1600,1935
26/11/2025,105106,grain,Fenugreek,મેથી,320,1144,1500
26/11/2025,105107,grain,Isabgul,ઇસબગુલ,20,1200,2153
26/11/2025,105108,grain,kalonji,કલોંજી,10,3900,4600
26/11/2025,105109,grain,Mustard seed,રાયડો,50,1250,1350
26/11/2025,105110,grain,Rajkoo Bee,રજકાનું બી ,7,7699,10250
26/11/2025,105111,grain,Guvar Bee,ગુવારનું બી,20,800,860
27/11/2025,105148,grain,Cotton B.T.,કપાસ બી.ટી.,7000,1335,1500
27/11/2025,105149,grain,Wheat Lokvan,ઘઉં લોકવન,60,515,545
27/11/2025,105150,grain,Wheat Tukda,ઘઉં ટુકડા,1100,518,641
27/11/2025,105151,grain,Jowar White,જુવાર સફેદ,140,700,941
27/11/2025,105152,grain,Bajri,બાજરી,20,360,394
27/11/2025,105153,grain,Tuver,તુવેર,120,970,1219
27/11/2025,105154,grain,Gram Yellow,ચણા પીળા,500,915,1095
27/11/2025,105155,grain,Gram White,ચણા સફેદ,800,1121,1850
27/11/2025,105156,grain,Urad,અડદ,0,1030,1506
27/11/2025,105157,grain,Mung,મગ,620,1200,1781
27/11/2025,105158,grain,Choli,ચોળી,72,770,1215
27/11/2025,105159,grain,Math,મઠ,200,1040,1700
27/11/2025,105160,grain,Peas,વટાણા,40,1400,2050
27/11/2025,105161,grain,Kulthi,કળથી,45,360,900
27/11/2025,105162,grain,Rajma,રાજમા,50,900,1540
27/11/2025,105163,grain,Groundnut Big,મગફળી જાડી,0,1035,1410
27/11/2025,105164,grain,Groundnut Small,મગફળી જીણી,0,1020,1411
27/11/2025,105165,grain,Seasmum,તલી ,1400,1950,2300
27/11/2025,105166,grain,Castor seed,એરંડા,700,1250,1326
27/11/2025,105167,grain,Thymol,અજમો,2,1200,2200
27/11/2025,105168,grain,Dil Seed,સુવા,8,960,1300
27/11/2025,105169,grain,Soyabin,સોયાબીન,1300,868,901
27/11/2025,105170,grain,Groundnut-Fada,સીંગફાડા,2200,925,1481
27/11/2025,105171,grain,Sesmum-Black,કાળા તલ ,300,3500,5240
27/11/2025,105172,grain,Garlic,લસણ,420,650,940
27/11/2025,105173,grain,Corriander,ધાણા,80,1360,1870
27/11/2025,105174,grain,Chillies,મરચા સુકા ,20,1000,4160
27/11/2025,105175,grain,Dhani,ધાણી,80,1420,1880
27/11/2025,105176,grain,Variyali,વરીયાળી,60,1100,1461
27/11/2025,105177,grain,Cummin,જીરૂ,600,3500,4021
27/11/2025,105178,grain,Mustard,રાય,15,1700,1984
27/11/2025,105179,grain,Fenugreek,મેથી,500,1090,1425
27/11/2025,105180,grain,Isabgul,ઇસબગુલ,32,1225,2150
27/11/2025,105181,grain,kalonji,કલોંજી,30,4250,4590
27/11/2025,105182,grain,Mustard seed,રાયડો,75,1274,1340
27/11/2025,105183,grain,Rajkoo Bee,રજકાનું બી ,6,7775,10500
27/11/2025,105184,grain,Guvar Bee,ગુવારનું બી,75,820,860
28/11/2025,105221,grain,Cotton B.T.,કપાસ બી.ટી.,0,1324,1485
28/11/2025,105222,grain,Wheat Lokvan,ઘઉં લોકવન,100,517,576
28/11/2025,105223,grain,Wheat Tukda,ઘઉં ટુકડા,900,523,605
28/11/2025,105224,grain,Jowar White,જુવાર સફેદ,50,790,910
28/11/2025,105225,grain,Bajri,બાજરી,40,312,562
28/11/2025,105226,grain,Maize,મકાઇ,20,390,440
28/11/2025,105227,grain,Tuver,તુવેર,180,1080,1351
28/11/2025,105228,grain,Gram Yellow,ચણા પીળા,400,911,1090
28/11/2025,105229,grain,Gram White,ચણા સફેદ,600,1125,1830
28/11/2025,105230,grain,Urad,અડદ,1300,915,1443
28/11/2025,105231,grain,Mung,મગ,610,1200,1761
28/11/2025,105232,grain,Val Deshi,વાલ દેશી,75,650,900
28/11/2025,105233,grain,Choli,ચોળી,50,920,1324
28/11/2025,105234,grain,Math,મઠ,260,900,1800
28/11/2025,105235,grain,Peas,વટાણા,60,1400,2040
28/11/2025,105236,grain,Kulthi,કળથી,75,425,540
28/11/2025,105237,grain,Rajma,રાજમા,40,900,1500
28/11/2025,105238,grain,Groundnut Big,મગફળી જાડી,0,1035,1411
28/11/2025,105239,grain,Groundnut Small,મગફળી જીણી,0,1010,1370
28/11/2025,105240,grain,Seasmum,તલી ,890,1970,2284
28/11/2025,105241,grain,Castor seed,એરંડા,500,1241,1326
28/11/2025,105242,grain,Thymol,અજમો,12,1270,1935
28/11/2025,105243,grain,Dil Seed,સુવા,8,1150,1675
28/11/2025,105244,grain,Soyabin,સોયાબીન,1000,855,885
28/11/2025,105245,grain,Groundnut-Fada,સીંગફાડા,1200,950,1440
28/11/2025,105246,grain,Sesmum-Black,કાળા તલ ,500,3520,5170
28/11/2025,105247,grain,Garlic,લસણ,400,630,960
28/11/2025,105248,grain,Corriander,ધાણા,80,1400,2001
28/11/2025,105249,grain,Chillies,મરચા સુકા ,32,1000,3800
28/11/2025,105250,grain,Dhani,ધાણી,60,1440,1960
28/11/2025,105251,grain,Cummin,જીરૂ,900,3560,4100
28/11/2025,105252,grain,Mustard,રાય,3,1650,1915
28/11/2025,105253,grain,Fenugreek,મેથી,565,1120,1300
28/11/2025,105254,grain,Isabgul,ઇસબગુલ,18,1250,2120
28/11/2025,105255,grain,Asario,અશેરીયો,5,1150,1150
28/11/2025,105256,grain,Mustard seed,રાયડો,300,1250,1350
28/11/2025,105257,grain,Rajkoo Bee,રજકાનું બી ,3,7400,9705
28/11/2025,105258,grain,Guvar Bee,ગુવારનું બી,25,810,920
29/11/2025,105294,grain,Cotton B.T.,કપાસ બી.ટી.,5500,1336,1500
29/11/2025,105295,grain,Wheat Lokvan,ઘઉં લોકવન,60,515,542
29/11/2025,105296,grain,Wheat Tukda,ઘઉં ટુકડા,1240,518,600
29/11/2025,105297,grain,Jowar White,જુવાર સફેદ,50,817,966
29/11/2025,105298,grain,Bajri,બાજરી,16,350,418
29/11/2025,105299,grain,Tuver,તુવેર,300,930,1325
29/11/2025,105300,grain,Gram Yellow,ચણા પીળા,360,904,1092
29/11/2025,105301,grain,Gram White,ચણા સફેદ,600,1101,1875
29/11/2025,105302,grain,Urad,અડદ,0,925,1500
29/11/2025,105303,grain,Mung,મગ,600,1190,1652
29/11/2025,105304,grain,Val Deshi,વાલ દેશી,75,650,900
29/11/2025,105305,grain,Choli,ચોળી,72,990,1338
29/11/2025,105306,grain,Math,મઠ,168,900,1622
29/11/2025,105307,grain,Peas,વટાણા,60,1300,1792
29/11/2025,105308,grain,Kulthi,કળથી,65,375,925
29/11/2025,105309,grain,Rajma,રાજમા,80,1078,1600
29/11/2025,105310,grain,Groundnut Big,મગફળી જાડી,20000,1010,1370
29/11/2025,105311,grain,Groundnut Small,મગફળી જીણી,25000,980,1390
29/11/2025,105312,grain,Seasmum,તલી ,850,1900,2271
29/11/2025,105313,grain,Castor seed,એરંડા,700,1250,1328
29/11/2025,105314,grain,Thymol,અજમો,10,1100,2120
29/11/2025,105315,grain,Soyabin,સોયાબીન,1000,835,880
29/11/2025,105316,grain,Groundnut-Fada,સીંગફાડા,0,939,1464
29/11/2025,105317,grain,Sesmum-Black,કાળા તલ ,500,3520,5170
29/11/2025,105318,grain,Garlic,લસણ,300,525,935
29/11/2025,105319,grain,Corriander,ધાણા,90,1410,2020
29/11/2025,105320,grain,Chillies,મરચા સુકા ,80,1000,3485
29/11/2025,105321,grain,Dhani,ધાણી,70,1450,2060
29/11/2025,105322,grain,Variyali,વરીયાળી,15,1035,1550
29/11/2025,105323,grain,Cummin,જીરૂ,840,3581,4090
29/11/2025,105324,grain,Mustard,રાય,5,1450,1900
29/11/2025,105325,grain,Fenugreek,મેથી,250,1000,1440
29/11/2025,105326,grain,Isabgul,ઇસબગુલ,50,1400,2200
29/11/2025,105327,grain,Asario,અશેરીયો,7,1245,1245
29/11/2025,105328,grain,kalonji,કલોંજી,20,3050,4470
29/11/2025,105329,grain,Mustard seed,રાયડો,40,1300,1336
29/11/2025,105330,grain,Rajkoo Bee,રજકાનું બી ,5,6700,7760
29/11/2025,105331,grain,Guvar Bee,ગુવારનું બી,35,750,850
01/12/2025,105369,grain,Cotton B.T.,કપાસ બી.ટી.,8000,1290,1519
01/12/2025,105370,grain,Wheat Lokvan,ઘઉં લોકવન,200,516,545
01/12/2025,105371,grain,Wheat Tukda,ઘઉં ટુકડા,1600,518,590
01/12/2025,105372,grain,Jowar White,જુવાર સફેદ,134,700,916
01/12/2025,105373,grain,Jowar Red,જુવાર લાલ,4,750,990
01/12/2025,105374,grain,Bajri,બાજરી,30,325,512
01/12/2025,105375,grain,Maize,મકાઇ,3,280,380
01/12/2025,105376,grain,Tuver,તુવેર,340,980,1313
01/12/2025,105377,grain,Gram Yellow,ચણા પીળા,700,940,1092
01/12/2025,105378,grain,Gram White,ચણા સફેદ,400,1400,1940
01/12/2025,105379,grain,Urad,અડદ,0,900,1485
01/12/2025,105380,grain,Mung,મગ,340,1181,1671
01/12/2025,105381,grain,Val Deshi,વાલ દેશી,200,700,1004
01/12/2025,105382,grain,Choli,ચોળી,50,800,1373
01/12/2025,105383,grain,Math,મઠ,340,900,1750
01/12/2025,105384,grain,Peas,વટાણા,50,1250,1730
01/12/2025,105385,grain,Kulthi,કળથી,90,440,725
01/12/2025,105386,grain,Rajma,રાજમા,90,1101,1560
01/12/2025,105387,grain,Groundnut Big,મગફળી જાડી,0,1025,1390
01/12/2025,105388,grain,Groundnut Small,મગફળી જીણી,0,1000,1370
01/12/2025,105389,grain,Seasmum,તલી ,720,1910,2351
01/12/2025,105390,grain,Castor seed,એરંડા,1120,1130,1328
01/12/2025,105391,grain,Thymol,અજમો,7,901,1650
01/12/2025,105392,grain,Dil Seed,સુવા,2,1050,1130
01/12/2025,105393,grain,Soyabin,સોયાબીન,1000,840,909
01/12/2025,105394,grain,Groundnut-Fada,સીંગફાડા,3200,960,1490
01/12/2025,105395,grain,Sesmum-Black,કાળા તલ ,340,3450,5100
01/12/2025,105396,grain,Garlic,લસણ,600,680,1075
01/12/2025,105397,grain,Corriander,ધાણા,160,1450,2031
01/12/2025,105398,grain,Chillies,મરચા સુકા ,95,1500,3650
01/12/2025,105399,grain,Dhani,ધાણી,160,1700,1950
01/12/2025,105400,grain,Variyali,વરીયાળી,36,1100,1550
01/12/2025,105401,grain,Cummin,જીરૂ,1080,3550,3975
01/12/2025,105402,grain,Mustard,રાય,16,1425,1865
01/12/2025,105403,grain,Fenugreek,મેથી,500,950,1320
01/12/2025,105404,grain,Isabgul,ઇસબગુલ,30,1350,2225
01/12/2025,105405,grain,Asario,અશેરીયો,37,1150,1231
01/12/2025,105406,grain,kalonji,કલોંજી,30,4200,4680
01/12/2025,105407,grain,Mustard seed,રાયડો,20,1250,1325
01/12/2025,105408,grain,Rajkoo Bee,રજકાનું બી ,4,7000,8900
01/12/2025,105409,grain,Guvar Bee,ગુવારનું બી,100,800,905
02/12/2025,105446,grain,Cotton B.T.,કપાસ બી.ટી.,0,1230,1503
02/12/2025,105447,grain,Wheat Lokvan,ઘઉં લોકવન,100,510,528
02/12/2025,105448,grain,Wheat Tukda,ઘઉં ટુકડા,900,514,590
02/12/2025,105449,grain,Jowar White,જુવાર સફેદ,70,711,938
02/12/2025,105450,grain,Jowar Red,જુવાર લાલ,10,736,950
02/12/2025,105451,grain,Bajri,બાજરી,18,340,405
02/12/2025,105452,grain,Tuver,તુવેર,234,800,1321
02/12/2025,105453,grain,Gram Yellow,ચણા પીળા,400,955,1092
02/12/2025,105454,grain,Gram White,ચણા સફેદ,600,1425,1970
02/12/2025,105455,grain,Urad,અડદ,2100,980,1481
02/12/2025,105456,grain,Mung,મગ,200,1180,1780
02/12/2025,105457,grain,Val Deshi,વાલ દેશી,60,750,1850
02/12/2025,105458,grain,Choli,ચોળી,60,900,1314
02/12/2025,105459,grain,Math,મઠ,200,910,1700
02/12/2025,105460,grain,Peas,વટાણા,40,1200,1800
02/12/2025,105461,grain,Kulthi,કળથી,30,450,575
02/12/2025,105462,grain,Rajma,રાજમા,100,1100,1700
02/12/2025,105463,grain,Groundnut Big,મગફળી જાડી,0,1000,1381
02/12/2025,105464,grain,Groundnut Small,મગફળી જીણી,0,990,1360
02/12/2025,105465,grain,Seasmum,તલી ,440,1900,2320
02/12/2025,105466,grain,Castor seed,એરંડા,520,1100,1324
02/12/2025,105467,grain,Thymol,અજમો,8,1450,1915
02/12/2025,105468,grain,Soyabin,સોયાબીન,0,830,910
02/12/2025,105469,grain,Groundnut-Fada,સીંગફાડા,0,961,1515
02/12/2025,105470,grain,Sesmum-Black,કાળા તલ ,300,3450,5176
02/12/2025,105471,grain,Garlic,લસણ,340,682,1070
02/12/2025,105472,grain,Corriander,ધાણા,120,1480,2013
02/12/2025,105473,grain,Chillies,મરચા સુકા ,180,1000,3415
02/12/2025,105474,grain,Dhani,ધાણી,120,1450,1990
02/12/2025,105475,grain,Variyali,વરીયાળી,18,1115,1410
02/12/2025,105476,grain,Cummin,જીરૂ,600,3500,3989
02/12/2025,105477,grain,Mustard,રાય,60,1401,1972
02/12/2025,105478,grain,Fenugreek,મેથી,370,921,1235
02/12/2025,105479,grain,Isabgul,ઇસબગુલ,1,1790,1790
02/12/2025,105480,grain,Asario,અશેરીયો,13,1050,1170
02/12/2025,105481,grain,Mustard seed,રાયડો,15,1221,1290
02/12/2025,105482,grain,Rajkoo Bee,રજકાનું બી ,1,8900,9550
03/12/2025,105519,grain,Cotton B.T.,કપાસ બી.ટી.,7600,1290,1505
03/12/2025,105520,grain,Wheat Lokvan,ઘઉં લોકવન,60,510,531
03/12/2025,105521,grain,Wheat Tukda,ઘઉં ટુકડા,1080,511,625
03/12/2025,105522,grain,Jowar White,જુવાર સફેદ,60,721,940
03/12/2025,105523,grain,Jowar Red,જુવાર લાલ,3,731,915
03/12/2025,105524,grain,Jowar Yellow,જુવાર પીળી ,4,300,480
03/12/2025,105525,grain,Bajri,બાજરી,13,365,450
03/12/2025,105526,grain,Maize,મકાઇ,4,255,440
03/12/2025,105527,grain,Tuver,તુવેર,275,900,1300
03/12/2025,105528,grain,Gram Yellow,ચણા પીળા,600,970,1098
03/12/2025,105529,grain,Gram White,ચણા સફેદ,800,1440,1940
03/12/2025,105530,grain,Urad,અડદ,0,950,1470
03/12/2025,105531,grain,Mung,મગ,500,1150,1785
03/12/2025,105532,grain,Val Deshi,વાલ દેશી,120,650,954
03/12/2025,105533,grain,Choli,ચોળી,64,801,1190
03/12/2025,105534,grain,Math,મઠ,300,800,1600
03/12/2025,105535,grain,Peas,વટાણા,60,1400,1800
03/12/2025,105536,grain,Kulthi,કળથી,60,441,780
03/12/2025,105537,grain,Rajma,રાજમા,280,1100,1566
03/12/2025,105538,grain,Groundnut Big,મગફળી જાડી,0,1015,1370
03/12/2025,105539,grain,Groundnut Small,મગફળી જીણી,0,1005,1350
03/12/2025,105540,grain,Seasmum,તલી ,1500,1910,2300
03/12/2025,105541,grain,Sunflower,સુરજમુખી,25,630,1260
03/12/2025,105542,grain,Castor seed,એરંડા,600,1000,1340
03/12/2025,105543,grain,Thymol,અજમો,5,901,2430
03/12/2025,105544,grain,Dil Seed,સુવા,1,1200,1200
03/12/2025,105545,grain,Soyabin,સોયાબીન,1300,801,921
03/12/2025,105546,grain,Groundnut-Fada,સીંગફાડા,0,880,1471
03/12/2025,105547,grain,Sesmum-Black,કાળા તલ ,600,3450,5171
03/12/2025,105548,grain,Garlic,લસણ,700,691,940
03/12/2025,105549,grain,Corriander,ધાણા,160,1450,1989
03/12/2025,105550,grain,Chillies,મરચા સુકા ,60,1500,3400
03/12/2025,105551,grain,Dhani,ધાણી,200,1440,1935
03/12/2025,105552,grain,Variyali,વરીયાળી,20,700,1360
03/12/2025,105553,grain,Cummin,જીરૂ,600,3540,4000
03/12/2025,105554,grain,Mustard,રાય,8,1410,1926
03/12/2025,105555,grain,Fenugreek,મેથી,330,911,1249
03/12/2025,105556,grain,Isabgul,ઇસબગુલ,1,1242,1242
03/12/2025,105557,grain,kalonji,કલોંજી,5,3760,4146
03/12/2025,105558,grain,Mustard seed,રાયડો,14,1200,1344
03/12/2025,105559,grain,Rajkoo Bee,રજકાનું બી ,3,8000,9650
03/12/2025,105560,grain,Guvar Bee,ગુવારનું બી,15,850,910
04/12/2025,105597,grain,Cotton B.T.,કપાસ બી.ટી.,0,1300,1521
04/12/2025,105598,grain,Wheat Lokvan,ઘઉં લોકવન,40,505,528
04/12/2025,105599,grain,Wheat Tukda,ઘઉં ટુકડા,760,504,569
04/12/2025,105600,grain,Jowar White,જુવાર સફેદ,80,750,936
04/12/2025,105601,grain,Jowar Red,જુવાર લાલ,5,660,1021
04/12/2025,105602,grain,Bajri,બાજરી,9,340,372
04/12/2025,105603,grain,Tuver,તુવેર,190,860,1290
04/12/2025,105604,grain,Gram Yellow,ચણા પીળા,500,950,1080
04/12/2025,105605,grain,Gram White,ચણા સફેદ,740,1400,1814
04/12/2025,105606,grain,Urad,અડદ,0,900,1430
04/12/2025,105607,grain,Mung,મગ,610,1150,1780
04/12/2025,105608,grain,Val Deshi,વાલ દેશી,100,550,811
04/12/2025,105609,grain,Choli,ચોળી,70,840,1230
04/12/2025,105610,grain,Math,મઠ,300,900,1700
04/12/2025,105611,grain,Peas,વટાણા,20,1100,1700
04/12/2025,105612,grain,Kulthi,કળથી,90,375,720
04/12/2025,105613,grain,Rajma,રાજમા,80,900,1480
04/12/2025,105614,grain,Groundnut Big,મગફળી જાડી,0,1020,1400
04/12/2025,105615,grain,Groundnut Small,મગફળી જીણી,0,1000,1380
04/12/2025,105616,grain,Seasmum,તલી ,800,1850,2300
04/12/2025,105617,grain,Castor seed,એરંડા,260,1060,1355
04/12/2025,105618,grain,Thymol,અજમો,12,1500,2050
04/12/2025,105619,grain,Soyabin,સોયાબીન,1200,760,971
04/12/2025,105620,grain,Groundnut-Fada,સીંગફાડા,0,981,1444
04/12/2025,105621,grain,Sesmum-Black,કાળા તલ ,440,3700,5200
04/12/2025,105622,grain,Garlic,લસણ,900,695,980
04/12/2025,105623,grain,Corriander,ધાણા,100,1420,1880
04/12/2025,105624,grain,Chillies,મરચા સુકા ,25,1290,3600
04/12/2025,105625,grain,Dhani,ધાણી,100,1430,2048
04/12/2025,105626,grain,Variyali,વરીયાળી,15,751,1400
04/12/2025,105627,grain,Cummin,જીરૂ,600,3575,4030
04/12/2025,105628,grain,Mustard,રાય,90,1401,1982
04/12/2025,105629,grain,Fenugreek,મેથી,150,904,1485
04/12/2025,105630,grain,Isabgul,ઇસબગુલ,5,1140,1230
04/12/2025,105631,grain,Asario,અશેરીયો,50,1150,1250
04/12/2025,105632,grain,kalonji,કલોંજી,8,3200,4650
04/12/2025,105633,grain,Mustard seed,રાયડો,90,1205,1325
04/12/2025,105634,grain,Rajkoo Bee,રજકાનું બી ,2,5000,9080
04/12/2025,105635,grain,Guvar Bee,ગુવારનું બી,60,800,860
05/12/2025,105672,grain,Cotton B.T.,કપાસ બી.ટી.,7200,1310,1521
05/12/2025,105673,grain,Wheat Lokvan,ઘઉં લોકવન,50,500,530
05/12/2025,105674,grain,Wheat Tukda,ઘઉં ટુકડા,850,505,607
05/12/2025,105675,grain,Jowar White,જુવાર સફેદ,120,800,950
05/12/2025,105676,grain,Jowar Red,જુવાર લાલ,4,760,875
05/12/2025,105677,grain,Jowar Yellow,જુવાર પીળી ,6,350,450
05/12/2025,105678,grain,Bajri,બાજરી,50,371,450
05/12/2025,105679,grain,Tuver,તુવેર,200,751,1275
05/12/2025,105680,grain,Gram Yellow,ચણા પીળા,520,930,1080
05/12/2025,105681,grain,Gram White,ચણા સફેદ,760,1400,1880
05/12/2025,105682,grain,Urad,અડદ,1600,950,1450
05/12/2025,105683,grain,Mung,મગ,500,1200,1800
05/12/2025,105684,grain,Val Deshi,વાલ દેશી,80,555,940
05/12/2025,105685,grain,Choli,ચોળી,110,900,1150
05/12/2025,105686,grain,Math,મઠ,280,950,1716
05/12/2025,105687,grain,Peas,વટાણા,30,1150,1707
05/12/2025,105688,grain,Kulthi,કળથી,70,360,720
05/12/2025,105689,grain,Rajma,રાજમા,90,950,1550
05/12/2025,105690,grain,Groundnut Big,મગફળી જાડી,0,1021,1396
05/12/2025,105691,grain,Groundnut Small,મગફળી જીણી,0,1010,1375
05/12/2025,105692,grain,Seasmum,તલી ,1000,1835,2270
05/12/2025,105693,grain,Sunflower,સુરજમુખી,5,1200,1500
05/12/2025,105694,grain,Castor seed,એરંડા,460,1030,1336
05/12/2025,105695,grain,Soyabin,સોયાબીન,640,750,914
05/12/2025,105696,grain,Groundnut-Fada,સીંગફાડા,4400,926,1514
05/12/2025,105697,grain,Sesmum-Black,કાળા તલ ,250,3720,5180
05/12/2025,105698,grain,Garlic,લસણ,600,500,1000
05/12/2025,105699,grain,Corriander,ધાણા,200,1400,1920
05/12/2025,105700,grain,Chillies,મરચા સુકા ,100,1300,3100
05/12/2025,105701,grain,Dhani,ધાણી,220,1450,2000
05/12/2025,105702,grain,Variyali,વરીયાળી,20,900,1805
05/12/2025,105703,grain,Cummin,જીરૂ,660,3575,4000
05/12/2025,105704,grain,Mustard,રાય,60,1410,1978
05/12/2025,105705,grain,Fenugreek,મેથી,360,911,1510
05/12/2025,105706,grain,Asario,અશેરીયો,45,1125,1250
05/12/2025,105707,grain,kalonji,કલોંજી,4,3351,4600
05/12/2025,105708,grain,Mustard seed,રાયડો,76,1201,1365
05/12/2025,105709,grain,Rajkoo Bee,રજકાનું બી ,4,6000,7600
05/12/2025,105710,grain,Guvar Bee,ગુવારનું બી,40,825,875
06/12/2025,105747,grain,Cotton B.T.,કપાસ બી.ટી.,0,1250,1550
06/12/2025,105748,grain,Wheat Lokvan,ઘઉં લોકવન,40,500,546
06/12/2025,105749,grain,Wheat Tukda,ઘઉં ટુકડા,860,504,634
06/12/2025,105750,grain,Jowar White,જુવાર સફેદ,50,730,900
06/12/2025,105751,grain,Bajri,બાજરી,8,300,370
06/12/2025,105752,grain,Tuver,તુવેર,260,850,1289
06/12/2025,105753,grain,Gram Yellow,ચણા પીળા,200,970,1075
06/12/2025,105754,grain,Gram White,ચણા સફેદ,500,1300,1825
06/12/2025,105755,grain,Urad,અડદ,0,925,1481
06/12/2025,105756,grain,Mung,મગ,600,1200,1750
06/12/2025,105757,grain,Val Deshi,વાલ દેશી,40,500,855
06/12/2025,105758,grain,Choli,ચોળી,30,800,1055
06/12/2025,105759,grain,Math,મઠ,240,900,1600
06/12/2025,105760,grain,Peas,વટાણા,40,1200,2124
06/12/2025,105761,grain,Kulthi,કળથી,60,450,575
06/12/2025,105762,grain,Rajma,રાજમા,80,900,1500
06/12/2025,105763,grain,Groundnut Big,મગફળી જાડી,0,1025,1400
06/12/2025,105764,grain,Groundnut Small,મગફળી જીણી,0,1011,1385
06/12/2025,105765,grain,Seasmum,તલી ,800,1821,2250
06/12/2025,105766,grain,Castor seed,એરંડા,220,1000,1344
06/12/2025,105767,grain,Thymol,અજમો,8,1400,1970
06/12/2025,105768,grain,Dil Seed,સુવા,1,1200,1200
06/12/2025,105769,grain,Soyabin,સોયાબીન,700,830,931
06/12/2025,105770,grain,Groundnut-Fada,સીંગફાડા,0,975,1540
06/12/2025,105771,grain,Sesmum-Black,કાળા તલ ,340,3710,5200
06/12/2025,105772,grain,Garlic,લસણ,320,685,1050
06/12/2025,105773,grain,Corriander,ધાણા,120,1420,1934
06/12/2025,105774,grain,Chillies,મરચા સુકા ,26,1400,3100
06/12/2025,105775,grain,Dhani,ધાણી,80,1450,1950
06/12/2025,105776,grain,Variyali,વરીયાળી,16,700,1330
06/12/2025,105777,grain,Cummin,જીરૂ,500,3525,3944
06/12/2025,105778,grain,Mustard,રાય,5,1425,1795
06/12/2025,105779,grain,Fenugreek,મેથી,100,900,1476
06/12/2025,105780,grain,Isabgul,ઇસબગુલ,15,1400,2340
06/12/2025,105781,grain,kalonji,કલોંજી,1,4500,4500
06/12/2025,105782,grain,Mustard seed,રાયડો,170,1175,1351
06/12/2025,105783,grain,Guvar Bee,ગુવારનું બી,20,800,900
08/12/2025,105820,grain,Cotton B.T.,કપાસ બી.ટી.,4600,1325,1548
08/12/2025,105821,grain,Wheat Lokvan,ઘઉં લોકવન,40,500,535
08/12/2025,105822,grain,Wheat Tukda,ઘઉં ટુકડા,760,509,621
08/12/2025,105823,grain,Jowar White,જુવાર સફેદ,120,770,950
08/12/2025,105824,grain,Bajri,બાજરી,40,350,436
08/12/2025,105825,grain,Tuver,તુવેર,360,950,1300
08/12/2025,105826,grain,Gram Yellow,ચણા પીળા,440,970,1070
08/12/2025,105827,grain,Gram White,ચણા સફેદ,960,1350,1890
08/12/2025,105828,grain,Urad,અડદ,0,800,1450
08/12/2025,105829,grain,Mung,મગ,780,1200,1800
08/12/2025,105830,grain,Val Deshi,વાલ દેશી,32,551,1040
08/12/2025,105831,grain,Choli,ચોળી,112,890,1344
08/12/2025,105832,grain,Math,મઠ,340,880,1540
08/12/2025,105833,grain,Peas,વટાણા,60,1200,1900
08/12/2025,105834,grain,Kulthi,કળથી,45,450,540
08/12/2025,105835,grain,Rajma,રાજમા,80,700,1500
08/12/2025,105836,grain,Groundnut Big,મગફળી જાડી,28000,1025,1390
08/12/2025,105837,grain,Groundnut Small,મગફળી જીણી,14000,1010,1365
08/12/2025,105838,grain,Seasmum,તલી ,760,1800,2250
08/12/2025,105839,grain,Castor seed,એરંડા,300,1050,1330
08/12/2025,105840,grain,Soyabin,સોયાબીન,1260,830,875
08/12/2025,105841,grain,Groundnut-Fada,સીંગફાડા,3600,960,1510
08/12/2025,105842,grain,Sesmum-Black,કાળા તલ ,1000,3650,5200
08/12/2025,105843,grain,Garlic,લસણ,640,660,980
08/12/2025,105844,grain,Corriander,ધાણા,80,1430,1850
08/12/2025,105845,grain,Chillies,મરચા સુકા ,50,1300,3300
08/12/2025,105846,grain,Dhani,ધાણી,160,1450,1940
08/12/2025,105847,grain,Variyali,વરીયાળી,35,911,1600
08/12/2025,105848,grain,Cummin,જીરૂ,720,3500,3960
08/12/2025,105849,grain,Mustard,રાય,24,1401,1950
08/12/2025,105850,grain,Fenugreek,મેથી,100,911,1351
08/12/2025,105851,grain,kalonji,કલોંજી,2,4000,4500
08/12/2025,105852,grain,Mustard seed,રાયડો,6,1150,1320
08/12/2025,105853,grain,Rajkoo Bee,રજકાનું બી ,1,10200,10200
08/12/2025,105854,grain,Guvar Bee,ગુવારનું બી,15,850,975
09/12/2025,105891,grain,Cotton B.T.,કપાસ બી.ટી.,5200,1280,1568
09/12/2025,105892,grain,Wheat Lokvan,ઘઉં લોકવન,60,501,529
09/12/2025,105893,grain,Wheat Tukda,ઘઉં ટુકડા,1200,500,690
09/12/2025,105894,grain,Jowar White,જુવાર સફેદ,30,751,940
09/12/2025,105895,grain,Bajri,બાજરી,180,371,450
09/12/2025,105896,grain,Maize,મકાઇ,15,374,430
09/12/2025,105897,grain,Tuver,તુવેર,250,941,1288
09/12/2025,105898,grain,Gram Yellow,ચણા પીળા,600,930,1070
09/12/2025,105899,grain,Gram White,ચણા સફેદ,800,1420,1850
09/12/2025,105900,grain,Urad,અડદ,1600,841,1370
09/12/2025,105901,grain,Mung,મગ,240,1000,1700
09/12/2025,105902,grain,Val Deshi,વાલ દેશી,40,521,1000
09/12/2025,105903,grain,Choli,ચોળી,120,900,1205
09/12/2025,105904,grain,Math,મઠ,300,800,1562
09/12/2025,105905,grain,Peas,વટાણા,50,1050,1830
09/12/2025,105906,grain,Kulthi,કળથી,75,350,525
09/12/2025,105907,grain,Rajma,રાજમા,20,1100,1500
09/12/2025,105908,grain,Groundnut Big,મગફળી જાડી,0,1000,1380
09/12/2025,105909,grain,Groundnut Small,મગફળી જીણી,0,990,1360
09/12/2025,105910,grain,Seasmum,તલી ,700,1811,2176
09/12/2025,105911,grain,Castor seed,એરંડા,310,1080,1333
09/12/2025,105912,grain,Thymol,અજમો,1,1301,1301
09/12/2025,105913,grain,Soyabin,સોયાબીન,900,820,870
09/12/2025,105914,grain,Groundnut-Fada,સીંગફાડા,0,980,1480
09/12/2025,105915,grain,Sesmum-Black,કાળા તલ ,288,3640,5250
09/12/2025,105916,grain,Garlic,લસણ,800,680,1054
09/12/2025,105917,grain,Corriander,ધાણા,80,1440,1800
09/12/2025,105918,grain,Chillies,મરચા સુકા ,32,1300,3100
09/12/2025,105919,grain,Dhani,ધાણી,60,1460,1850
09/12/2025,105920,grain,Variyali,વરીયાળી,5,1543,2252
09/12/2025,105921,grain,Cummin,જીરૂ,500,3450,3930
09/12/2025,105922,grain,Mustard,રાય,35,1411,1942
09/12/2025,105923,grain,Fenugreek,મેથી,180,900,1340
09/12/2025,105924,grain,Asario,અશેરીયો,45,945,1175
09/12/2025,105925,grain,kalonji,કલોંજી,2,4341,4450
09/12/2025,105926,grain,Mustard seed,રાયડો,15,1141,1300
10/12/2025,105963,grain,Cotton B.T.,કપાસ બી.ટી.,4500,1270,1551
10/12/2025,105964,grain,Wheat Lokvan,ઘઉં લોકવન,40,502,530
10/12/2025,105965,grain,Wheat Tukda,ઘઉં ટુકડા,960,500,594
10/12/2025,105966,grain,Jowar White,જુવાર સફેદ,50,870,1012
10/12/2025,105967,grain,Jowar Yellow,જુવાર પીળી ,4,391,421
10/12/2025,105968,grain,Bajri,બાજરી,20,335,494
10/12/2025,105969,grain,Maize,મકાઇ,100,294,400
10/12/2025,105970,grain,Tuver,તુવેર,220,1000,1300
10/12/2025,105971,grain,Gram Yellow,ચણા પીળા,600,935,1065
10/12/2025,105972,grain,Gram White,ચણા સફેદ,800,1375,1875
10/12/2025,105973,grain,Urad,અડદ,0,900,1450
10/12/2025,105974,grain,Mung,મગ,500,1250,1800
10/12/2025,105975,grain,Val Deshi,વાલ દેશી,80,500,932
10/12/2025,105976,grain,Choli,ચોળી,56,1050,1330
10/12/2025,105977,grain,Math,મઠ,220,900,1400
10/12/2025,105978,grain,Peas,વટાણા,80,1300,1930
10/12/2025,105979,grain,Kulthi,કળથી,45,450,550
10/12/2025,105980,grain,Rajma,રાજમા,30,950,1475
10/12/2025,105981,grain,Groundnut Big,મગફળી જાડી,0,1000,1370
10/12/2025,105982,grain,Groundnut Small,મગફળી જીણી,0,980,1350
10/12/2025,105983,grain,Seasmum,તલી ,800,1840,2225
10/12/2025,105984,grain,Castor seed,એરંડા,450,1050,1305
10/12/2025,105985,grain,Thymol,અજમો,1,1000,1000
10/12/2025,105986,grain,Dil Seed,સુવા,1,1552,1552
10/12/2025,105987,grain,Soyabin,સોયાબીન,840,800,885
10/12/2025,105988,grain,Groundnut-Fada,સીંગફાડા,3200,935,1492
10/12/2025,105989,grain,Sesmum-Black,કાળા તલ ,300,3630,5005
10/12/2025,105990,grain,Garlic,લસણ,680,675,1065
10/12/2025,105991,grain,Corriander,ધાણા,240,1450,1862
10/12/2025,105992,grain,Chillies,મરચા સુકા ,72,1400,3250
10/12/2025,105993,grain,Dhani,ધાણી,200,1400,1963
10/12/2025,105994,grain,Variyali,વરીયાળી,80,1141,1470
10/12/2025,105995,grain,Cummin,જીરૂ,420,3475,3930
10/12/2025,105996,grain,Mustard,રાય,4,1401,1870
10/12/2025,105997,grain,Fenugreek,મેથી,290,911,1520
10/12/2025,105998,grain,Isabgul,ઇસબગુલ,17,1200,1895
10/12/2025,105999,grain,Asario,અશેરીયો,7,1179,1179
10/12/2025,106000,grain,kalonji,કલોંજી,10,4000,4950
10/12/2025,106001,grain,Mustard seed,રાયડો,3,1121,1200
10/12/2025,106002,grain,Rajkoo Bee,રજકાનું બી ,10,6000,10700
10/12/2025,106003,grain,Guvar Bee,ગુવારનું બી,50,800,905
12/12/2025,106040,grain,Cotton B.T.,કપાસ બી.ટી.,3600,1260,1552
12/12/2025,106041,grain,Wheat Lokvan,ઘઉં લોકવન,70,500,529
12/12/2025,106042,grain,Wheat Tukda,ઘઉં ટુકડા,710,502,609
12/12/2025,106043,grain,Jowar White,જુવાર સફેદ,85,846,966
12/12/2025,106044,grain,Bajri,બાજરી,8,382,481
12/12/2025,106045,grain,Maize,મકાઇ,17,340,430
12/12/2025,106046,grain,Tuver,તુવેર,120,900,1430
12/12/2025,106047,grain,Gram Yellow,ચણા પીળા,300,930,1075
12/12/2025,106048,grain,Gram White,ચણા સફેદ,600,1380,1810
12/12/2025,106049,grain,Urad,અડદ,1500,1100,1476
12/12/2025,106050,grain,Mung,મગ,520,1200,1770
12/12/2025,106051,grain,Val Deshi,વાલ દેશી,32,500,925
12/12/2025,106052,grain,Choli,ચોળી,39,930,1160
12/12/2025,106053,grain,Math,મઠ,360,800,1550
12/12/2025,106054,grain,Peas,વટાણા,35,1200,1860
12/12/2025,106055,grain,Kulthi,કળથી,45,450,575
12/12/2025,106056,grain,Rajma,રાજમા,30,900,1450
12/12/2025,106057,grain,Groundnut Big,મગફળી જાડી,0,1015,1380
12/12/2025,106058,grain,Groundnut Small,મગફળી જીણી,0,1000,1350
12/12/2025,106059,grain,Seasmum,તલી ,600,1751,2065
12/12/2025,106060,grain,Castor seed,એરંડા,340,1000,1300
12/12/2025,106061,grain,Thymol,અજમો,8,1220,1380
12/12/2025,106062,grain,Dil Seed,સુવા,2,1220,1550
12/12/2025,106063,grain,Soyabin,સોયાબીન,600,800,860
12/12/2025,106064,grain,Groundnut-Fada,સીંગફાડા,3500,944,1448
12/12/2025,106065,grain,Sesmum-Black,કાળા તલ ,200,3650,5170
12/12/2025,106066,grain,Garlic,લસણ,740,770,1300
12/12/2025,106067,grain,Corriander,ધાણા,80,1350,1844
12/12/2025,106068,grain,Chillies,મરચા સુકા ,110,1400,3400
12/12/2025,106069,grain,Dhani,ધાણી,60,1430,1911
12/12/2025,106070,grain,Variyali,વરીયાળી,80,1160,1625
12/12/2025,106071,grain,Cummin,જીરૂ,540,3500,3940
12/12/2025,106072,grain,Mustard,રાય,48,1351,2015
12/12/2025,106073,grain,Fenugreek,મેથી,200,905,1450
12/12/2025,106074,grain,Isabgul,ઇસબગુલ,8,1000,2125
12/12/2025,106075,grain,Asario,અશેરીયો,35,1125,1225
12/12/2025,106076,grain,kalonji,કલોંજી,150,4000,4400
12/12/2025,106077,grain,Mustard seed,રાયડો,4,1075,1300
12/12/2025,106078,grain,Rajkoo Bee,રજકાનું બી ,1,8600,8600
12/12/2025,106079,grain,Guvar Bee,ગુવારનું બી,20,800,900
13/12/2025,106116,grain,Cotton B.T.,કપાસ બી.ટી.,3000,1250,1528
13/12/2025,106117,grain,Wheat Lokvan,ઘઉં લોકવન,60,500,535
13/12/2025,106118,grain,Wheat Tukda,ઘઉં ટુકડા,740,502,668
13/12/2025,106119,grain,Jowar White,જુવાર સફેદ,100,725,980
13/12/2025,106120,grain,Jowar Red,જુવાર લાલ,4,811,930
13/12/2025,106121,grain,Jowar Yellow,જુવાર પીળી ,6,400,550
13/12/2025,106122,grain,Bajri,બાજરી,11,378,411
13/12/2025,106123,grain,Maize,મકાઇ,2,300,340
13/12/2025,106124,grain,Tuver,તુવેર,104,960,1340
13/12/2025,106125,grain,Gram Yellow,ચણા પીળા,300,960,1110
13/12/2025,106126,grain,Gram White,ચણા સફેદ,500,1300,1750
13/12/2025,106127,grain,Urad,અડદ,0,980,1450
13/12/2025,106128,grain,Mung,મગ,760,1250,1750
13/12/2025,106129,grain,Val Deshi,વાલ દેશી,47,525,965
13/12/2025,106130,grain,Choli,ચોળી,240,935,1340
13/12/2025,106131,grain,Math,મઠ,200,850,1500
13/12/2025,106132,grain,Peas,વટાણા,60,1300,1816
13/12/2025,106133,grain,Kulthi,કળથી,75,441,531
13/12/2025,106134,grain,Rajma,રાજમા,16,900,1400
13/12/2025,106135,grain,Groundnut Big,મગફળી જાડી,0,1000,1335
13/12/2025,106136,grain,Groundnut Small,મગફળી જીણી,0,1020,1328
13/12/2025,106137,grain,Seasmum,તલી ,570,1700,2045
13/12/2025,106138,grain,Castor seed,એરંડા,530,1000,1325
13/12/2025,106139,grain,Thymol,અજમો,5,1525,2050
13/12/2025,106140,grain,Soyabin,સોયાબીન,420,815,868
13/12/2025,106141,grain,Groundnut-Fada,સીંગફાડા,0,930,1496
13/12/2025,106142,grain,Sesmum-Black,કાળા તલ ,160,3600,5180
13/12/2025,106143,grain,Garlic,લસણ,2500,790,1310
13/12/2025,106144,grain,Corriander,ધાણા,40,1400,1815
13/12/2025,106145,grain,Chillies,મરચા સુકા ,20,995,3140
13/12/2025,106146,grain,Dhani,ધાણી,40,1400,1850
13/12/2025,106147,grain,Variyali,વરીયાળી,30,1175,1580
13/12/2025,106148,grain,Cummin,જીરૂ,500,3510,3990
13/12/2025,106149,grain,Mustard,રાય,36,1370,1944
13/12/2025,106150,grain,Fenugreek,મેથી,220,900,1390
13/12/2025,106151,grain,Isabgul,ઇસબગુલ,12,1245,2160
13/12/2025,106152,grain,Asario,અશેરીયો,5,1141,1300
13/12/2025,106153,grain,kalonji,કલોંજી,2,2500,4500
13/12/2025,106154,grain,Mustard seed,રાયડો,3,1050,1250
13/12/2025,106155,grain,Rajkoo Bee,રજકાનું બી ,2,7000,8150
13/12/2025,106156,grain,Guvar Bee,ગુવારનું બી,5,810,911
15/12/2025,106193,grain,Cotton B.T.,કપાસ બી.ટી.,4800,1260,1538
15/12/2025,106194,grain,Wheat Lokvan,ઘઉં લોકવન,100,500,535
15/12/2025,106195,grain,Wheat Tukda,ઘઉં ટુકડા,1000,503,608
15/12/2025,106196,grain,Jowar White,જુવાર સફેદ,230,830,994
15/12/2025,106197,grain,Jowar Yellow,જુવાર પીળી ,15,350,460
15/12/2025,106198,grain,Bajri,બાજરી,60,321,438
15/12/2025,106199,grain,Maize,મકાઇ,3,250,350
15/12/2025,106200,grain,Tuver,તુવેર,164,900,1330
15/12/2025,106201,grain,Gram Yellow,ચણા પીળા,400,970,1080
15/12/2025,106202,grain,Gram White,ચણા સફેદ,600,1425,1851
15/12/2025,106203,grain,Urad,અડદ,1100,950,1426
15/12/2025,106204,grain,Mung,મગ,840,1100,1890
15/12/2025,106205,grain,Val Deshi,વાલ દેશી,50,500,890
15/12/2025,106206,grain,Choli,ચોળી,160,905,1330
15/12/2025,106207,grain,Math,મઠ,380,900,1516
15/12/2025,106208,grain,Peas,વટાણા,80,1200,1800
15/12/2025,106209,grain,Kulthi,કળથી,70,440,511
15/12/2025,106210,grain,Rajma,રાજમા,10,800,1440
15/12/2025,106211,grain,Groundnut Big,મગફળી જાડી,0,1020,1342
15/12/2025,106212,grain,Groundnut Small,મગફળી જીણી,0,1000,1335
15/12/2025,106213,grain,Seasmum,તલી ,580,1710,2090
15/12/2025,106214,grain,Castor seed,એરંડા,400,1000,1300
15/12/2025,106215,grain,Dil Seed,સુવા,2,980,1201
15/12/2025,106216,grain,Soyabin,સોયાબીન,1000,800,872
15/12/2025,106217,grain,Groundnut-Fada,સીંગફાડા,2200,950,1499
15/12/2025,106218,grain,Sesmum-Black,કાળા તલ ,280,3750,4699
15/12/2025,106219,grain,Garlic,લસણ,400,800,1560
15/12/2025,106220,grain,Corriander,ધાણા,80,1375,1856
15/12/2025,106221,grain,Chillies,મરચા સુકા ,110,1200,3575
15/12/2025,106222,grain,Dhani,ધાણી,80,1400,1870
15/12/2025,106223,grain,Variyali,વરીયાળી,28,1151,1851
15/12/2025,106224,grain,Cummin,જીરૂ,420,3500,3934
15/12/2025,106225,grain,Mustard,રાય,50,1351,1950
15/12/2025,106226,grain,Fenugreek,મેથી,150,905,1455
15/12/2025,106227,grain,Isabgul,ઇસબગુલ,3,1250,1500
15/12/2025,106228,grain,Asario,અશેરીયો,25,1080,1150
15/12/2025,106229,grain,Mustard seed,રાયડો,40,1041,1295
15/12/2025,106230,grain,Rajkoo Bee,રજકાનું બી ,5,4150,7950
15/12/2025,106231,grain,Guvar Bee,ગુવારનું બી,75,850,990
16/12/2025,106268,grain,Cotton B.T.,કપાસ બી.ટી.,2000,1240,1532
16/12/2025,106269,grain,Wheat Lokvan,ઘઉં લોકવન,40,500,536
16/12/2025,106270,grain,Wheat Tukda,ઘઉં ટુકડા,660,504,609
16/12/2025,106271,grain,Jowar White,જુવાર સફેદ,50,801,900
16/12/2025,106272,grain,Bajri,બાજરી,40,333,418
16/12/2025,106273,grain,Tuver,તુવેર,160,972,1452
16/12/2025,106274,grain,Gram Yellow,ચણા પીળા,440,975,1115
16/12/2025,106275,grain,Gram White,ચણા સફેદ,660,1390,1975
16/12/2025,106276,grain,Urad,અડદ,600,960,1400
16/12/2025,106277,grain,Mung,મગ,800,1150,1812
16/12/2025,106278,grain,Val Deshi,વાલ દેશી,56,555,990
16/12/2025,106279,grain,Choli,ચોળી,40,940,1291
16/12/2025,106280,grain,Math,મઠ,250,930,1630
16/12/2025,106281,grain,Peas,વટાણા,30,750,1700
16/12/2025,106282,grain,Kulthi,કળથી,45,450,720
16/12/2025,106283,grain,Rajma,રાજમા,120,1000,1450
16/12/2025,106284,grain,Groundnut Big,મગફળી જાડી,22000,1021,1375
16/12/2025,106285,grain,Groundnut Small,મગફળી જીણી,14000,1000,1345
16/12/2025,106286,grain,Seasmum,તલી ,500,1725,2121
16/12/2025,106287,grain,Castor seed,એરંડા,450,1000,1290
16/12/2025,106288,grain,Thymol,અજમો,10,1100,1800
16/12/2025,106289,grain,Soyabin,સોયાબીન,720,801,875
16/12/2025,106290,grain,Groundnut-Fada,સીંગફાડા,0,956,1470
16/12/2025,106291,grain,Sesmum-Black,કાળા તલ ,144,3700,5021
16/12/2025,106292,grain,Garlic,લસણ,560,951,2125
16/12/2025,106293,grain,Corriander,ધાણા,60,1400,1834
16/12/2025,106294,grain,Chillies,મરચા સુકા ,60,1300,3400
16/12/2025,106295,grain,Dhani,ધાણી,40,1440,1934
16/12/2025,106296,grain,Variyali,વરીયાળી,240,1115,1485
16/12/2025,106297,grain,Cummin,જીરૂ,600,3475,3900
16/12/2025,106298,grain,Mustard,રાય,65,1375,2040
16/12/2025,106299,grain,Fenugreek,મેથી,190,775,1540
16/12/2025,106300,grain,Asario,અશેરીયો,75,1035,1175
16/12/2025,106301,grain,kalonji,કલોંજી,10,3800,4600
16/12/2025,106302,grain,Mustard seed,રાયડો,6,1040,1265
16/12/2025,106303,grain,Rajkoo Bee,રજકાનું બી ,5,10405,10999
16/12/2025,106304,grain,Guvar Bee,ગુવારનું બી,15,900,975
17/12/2025,106341,grain,Cotton B.T.,કપાસ બી.ટી.,3800,1270,1544
17/12/2025,106342,grain,Wheat Lokvan,ઘઉં લોકવન,50,505,546
17/12/2025,106343,grain,Wheat Tukda,ઘઉં ટુકડા,1150,507,618
17/12/2025,106344,grain,Jowar White,જુવાર સફેદ,36,790,890
17/12/2025,106345,grain,Bajri,બાજરી,56,300,416
17/12/2025,106346,grain,Tuver,તુવેર,140,900,1404
17/12/2025,106347,grain,Gram Yellow,ચણા પીળા,800,900,1100
17/12/2025,106348,grain,Gram White,ચણા સફેદ,600,1100,1950
17/12/2025,106349,grain,Urad,અડદ,700,900,1466
17/12/2025,106350,grain,Mung,મગ,0,1100,1800
17/12/2025,106351,grain,Val Deshi,વાલ દેશી,120,575,1001
17/12/2025,106352,grain,Choli,ચોળી,110,900,1120
17/12/2025,106353,grain,Math,મઠ,220,940,1600
17/12/2025,106354,grain,Peas,વટાણા,40,700,1650
17/12/2025,106355,grain,Kulthi,કળથી,55,425,504
17/12/2025,106356,grain,Rajma,રાજમા,140,900,1460
17/12/2025,106357,grain,Groundnut Big,મગફળી જાડી,0,1025,1395
17/12/2025,106358,grain,Groundnut Small,મગફળી જીણી,0,1015,1371
17/12/2025,106359,grain,Seasmum,તલી ,560,1750,2150
17/12/2025,106360,grain,Castor seed,એરંડા,530,950,1310
17/12/2025,106361,grain,Thymol,અજમો,14,1700,2500
17/12/2025,106362,grain,Soyabin,સોયાબીન,700,815,886
17/12/2025,106363,grain,Groundnut-Fada,સીંગફાડા,1800,920,1479
17/12/2025,106364,grain,Sesmum-Black,કાળા તલ ,200,3710,5030
17/12/2025,106365,grain,Garlic,લસણ,1120,1050,2105
17/12/2025,106366,grain,Corriander,ધાણા,180,1420,1880
17/12/2025,106367,grain,Chillies,મરચા સુકા ,80,1310,3600
17/12/2025,106368,grain,Dhani,ધાણી,100,1450,1930
17/12/2025,106369,grain,Variyali,વરીયાળી,50,1121,1590
17/12/2025,106370,grain,Cummin,જીરૂ,600,3500,3940
17/12/2025,106371,grain,Mustard,રાય,40,1350,1940
17/12/2025,106372,grain,Fenugreek,મેથી,160,750,1280
17/12/2025,106373,grain,Asario,અશેરીયો,13,945,1125
17/12/2025,106374,grain,kalonji,કલોંજી,3,3800,4450
17/12/2025,106375,grain,Mustard seed,રાયડો,8,1025,1275
17/12/2025,106376,grain,Rajkoo Bee,રજકાનું બી ,7,7500,10900
17/12/2025,106377,grain,Guvar Bee,ગુવારનું બી,12,965,965
18/12/2025,106414,grain,Cotton B.T.,કપાસ બી.ટી.,4200,1290,1561
18/12/2025,106415,grain,Wheat Lokvan,ઘઉં લોકવન,60,500,531
18/12/2025,106416,grain,Wheat Tukda,ઘઉં ટુકડા,740,504,700
18/12/2025,106417,grain,Jowar White,જુવાર સફેદ,60,792,905
18/12/2025,106418,grain,Jowar Red,જુવાર લાલ,5,805,920
18/12/2025,106419,grain,Jowar Yellow,જુવાર પીળી ,3,380,550
18/12/2025,106420,grain,Bajri,બાજરી,70,299,435
18/12/2025,106421,grain,Tuver,તુવેર,200,800,1320
18/12/2025,106422,grain,Gram Yellow,ચણા પીળા,600,955,1068
18/12/2025,106423,grain,Gram White,ચણા સફેદ,800,1370,1870
18/12/2025,106424,grain,Urad,અડદ,350,880,1500
18/12/2025,106425,grain,Mung,મગ,840,1200,1950
18/12/2025,106426,grain,Val Deshi,વાલ દેશી,46,555,995
18/12/2025,106427,grain,Choli,ચોળી,100,910,1120
18/12/2025,106428,grain,Math,મઠ,400,900,1501
18/12/2025,106429,grain,Peas,વટાણા,16,1000,1700
18/12/2025,106430,grain,Kulthi,કળથી,62,441,540
18/12/2025,106431,grain,Rajma,રાજમા,90,1100,1550
18/12/2025,106432,grain,Groundnut Big,મગફળી જાડી,0,1015,1385
18/12/2025,106433,grain,Groundnut Small,મગફળી જીણી,0,1000,1365
18/12/2025,106434,grain,Seasmum,તલી ,500,1725,2100
18/12/2025,106435,grain,Sunflower,સુરજમુખી,5,1125,1125
18/12/2025,106436,grain,Castor seed,એરંડા,300,1090,1300
18/12/2025,106437,grain,Thymol,અજમો,2,1750,2250
18/12/2025,106438,grain,Soyabin,સોયાબીન,900,821,890
18/12/2025,106439,grain,Groundnut-Fada,સીંગફાડા,2000,920,1474
18/12/2025,106440,grain,Sesmum-Black,કાળા તલ ,220,3730,4911
18/12/2025,106441,grain,Garlic,લસણ,1400,1091,2030
18/12/2025,106442,grain,Corriander,ધાણા,60,1450,1880
18/12/2025,106443,grain,Chillies,મરચા સુકા ,60,2100,3660
18/12/2025,106444,grain,Dhani,ધાણી,40,1400,1850
18/12/2025,106445,grain,Variyali,વરીયાળી,45,1115,1550
18/12/2025,106446,grain,Cummin,જીરૂ,1080,3525,3926
18/12/2025,106447,grain,Mustard,રાય,24,1341,1850
18/12/2025,106448,grain,Fenugreek,મેથી,240,921,1270
18/12/2025,106449,grain,Asario,અશેરીયો,50,1008,1111
18/12/2025,106450,grain,kalonji,કલોંજી,10,4100,4500
18/12/2025,106451,grain,Mustard seed,રાયડો,8,1051,1280
18/12/2025,106452,grain,Rajkoo Bee,રજકાનું બી ,3,6205,9900
18/12/2025,106453,grain,Guvar Bee,ગુવારનું બી,20,880,970
19/12/2025,106456,grain,Cotton B.T.,કપાસ બી.ટી.,3400,1300,1581
19/12/2025,106457,grain,Wheat Lokvan,ઘઉં લોકવન,60,501,549
19/12/2025,106458,grain,Wheat Tukda,ઘઉં ટુકડા,1040,504,651
19/12/2025,106459,grain,Jowar White,જુવાર સફેદ,100,785,956
19/12/2025,106460,grain,Bajri,બાજરી,100,275,485
19/12/2025,106461,grain,Tuver,તુવેર,160,750,1325
19/12/2025,106462,grain,Gram Yellow,ચણા પીળા,600,951,1078
19/12/2025,106463,grain,Gram White,ચણા સફેદ,760,1350,1855
19/12/2025,106464,grain,Urad,અડદ,540,920,1462
19/12/2025,106465,grain,Mung,મગ,580,1100,1850
19/12/2025,106466,grain,Val Deshi,વાલ દેશી,24,575,1001
19/12/2025,106467,grain,Choli,ચોળી,64,880,1199
19/12/2025,106468,grain,Math,મઠ,300,800,1350
19/12/2025,106469,grain,Peas,વટાણા,50,1150,1850
19/12/2025,106470,grain,Kulthi,કળથી,45,450,720
19/12/2025,106471,grain,Rajma,રાજમા,120,900,1580
19/12/2025,106472,grain,Groundnut Big,મગફળી જાડી,0,1030,1400
19/12/2025,106473,grain,Groundnut Small,મગફળી જીણી,0,1015,1385
19/12/2025,106474,grain,Seasmum,તલી ,600,1735,2134
19/12/2025,106475,grain,Sunflower,સુરજમુખી,5,1375,1375
19/12/2025,106476,grain,Castor seed,એરંડા,460,1054,1314
19/12/2025,106477,grain,Thymol,અજમો,2,1300,1300
19/12/2025,106478,grain,Dil Seed,સુવા,1,1275,1275
19/12/2025,106479,grain,Soyabin,સોયાબીન,720,821,895
19/12/2025,106480,grain,Groundnut-Fada,સીંગફાડા,2000,938,1481
19/12/2025,106481,grain,Sesmum-Black,કાળા તલ ,300,3700,4850
19/12/2025,106482,grain,Garlic,લસણ,1300,1101,2050
19/12/2025,106483,grain,Corriander,ધાણા,80,1380,1818
19/12/2025,106484,grain,Chillies,મરચા સુકા ,80,2100,3600
19/12/2025,106485,grain,Dhani,ધાણી,140,1400,1840
19/12/2025,106486,grain,Variyali,વરીયાળી,10,1161,1460
19/12/2025,106487,grain,Cummin,જીરૂ,1100,3535,3948
19/12/2025,106488,grain,Mustard,રાય,4,1330,1975
19/12/2025,106489,grain,Fenugreek,મેથી,120,900,1250
19/12/2025,106490,grain,Isabgul,ઇસબગુલ,1,1550,1550
19/12/2025,106491,grain,Asario,અશેરીયો,20,1025,1170
19/12/2025,106492,grain,Mustard seed,રાયડો,12,1035,1295
19/12/2025,106493,grain,Rajkoo Bee,રજકાનું બી ,3,5500,12100
19/12/2025,106494,grain,Guvar Bee,ગુવારનું બી,60,950,1034
20/12/2025,106531,grain,Cotton B.T.,કપાસ બી.ટી.,3400,1300,1571
20/12/2025,106532,grain,Wheat Lokvan,ઘઉં લોકવન,60,505,537
20/12/2025,106533,grain,Wheat Tukda,ઘઉં ટુકડા,840,506,580
20/12/2025,106534,grain,Jowar White,જુવાર સફેદ,70,825,935
20/12/2025,106535,grain,Bajri,બાજરી,50,360,434
20/12/2025,106536,grain,Tuver,તુવેર,100,850,1270
20/12/2025,106537,grain,Gram Yellow,ચણા પીળા,500,960,1060
20/12/2025,106538,grain,Gram White,ચણા સફેદ,700,1360,1920
20/12/2025,106539,grain,Urad,અડદ,740,937,1501
20/12/2025,106540,grain,Mung,મગ,600,1150,1970
20/12/2025,106541,grain,Val Deshi,વાલ દેશી,28,600,1050
20/12/2025,106542,grain,Choli,ચોળી,120,925,1165
20/12/2025,106543,grain,Math,મઠ,100,700,1400
20/12/2025,106544,grain,Peas,વટાણા,10,950,1600
20/12/2025,106545,grain,Kulthi,કળથી,60,450,810
20/12/2025,106546,grain,Rajma,રાજમા,60,800,1450
20/12/2025,106547,grain,Groundnut Big,મગફળી જાડી,0,1021,1405
20/12/2025,106548,grain,Groundnut Small,મગફળી જીણી,0,1011,1385
20/12/2025,106549,grain,Seasmum,તલી ,700,1721,2174
20/12/2025,106550,grain,Sunflower,સુરજમુખી,5,1100,1300
20/12/2025,106551,grain,Castor seed,એરંડા,230,1050,1304
20/12/2025,106552,grain,Thymol,અજમો,2,1655,1790
20/12/2025,106553,grain,Dil Seed,સુવા,1,1300,1300
20/12/2025,106554,grain,Soyabin,સોયાબીન,800,825,901
20/12/2025,106555,grain,Groundnut-Fada,સીંગફાડા,1100,970,1490
20/12/2025,106556,grain,Sesmum-Black,કાળા તલ ,240,3640,5151
20/12/2025,106557,grain,Garlic,લસણ,860,1125,2110
20/12/2025,106558,grain,Corriander,ધાણા,120,1420,1876
20/12/2025,106559,grain,Chillies,મરચા સુકા ,110,2140,3600
20/12/2025,106560,grain,Dhani,ધાણી,110,1450,1900
20/12/2025,106561,grain,Variyali,વરીયાળી,16,1181,1480
20/12/2025,106562,grain,Mustard,રાય,40,1301,1950
20/12/2025,106563,grain,Fenugreek,મેથી,160,910,1355
20/12/2025,106564,grain,Isabgul,ઇસબગુલ,3,1500,1615
20/12/2025,106565,grain,kalonji,કલોંજી,4,4180,4500
20/12/2025,106566,grain,Rajkoo Bee,રજકાનું બી ,1,5800,5800
20/12/2025,106567,grain,Guvar Bee,ગુવારનું બી,80,980,1111
22/12/2025,106604,grain,Cotton B.T.,કપાસ બી.ટી.,3600,1305,1545
22/12/2025,106605,grain,Wheat Lokvan,ઘઉં લોકવન,80,501,534
22/12/2025,106606,grain,Wheat Tukda,ઘઉં ટુકડા,920,505,580
22/12/2025,106607,grain,Jowar White,જુવાર સફેદ,60,840,920
22/12/2025,106608,grain,Jowar Yellow,જુવાર પીળી ,5,370,470
22/12/2025,106609,grain,Bajri,બાજરી,130,354,393
22/12/2025,106610,grain,Tuver,તુવેર,140,800,1500
22/12/2025,106611,grain,Gram Yellow,ચણા પીળા,700,940,1055
22/12/2025,106612,grain,Gram White,ચણા સફેદ,700,1340,1825
22/12/2025,106613,grain,Urad,અડદ,1000,900,1525
22/12/2025,106614,grain,Mung,મગ,860,1100,1880
22/12/2025,106615,grain,Val Deshi,વાલ દેશી,30,625,1149
22/12/2025,106616,grain,Choli,ચોળી,140,860,1246
22/12/2025,106617,grain,Math,મઠ,102,851,1451
22/12/2025,106618,grain,Peas,વટાણા,60,1000,1730
22/12/2025,106619,grain,Kulthi,કળથી,90,450,810
22/12/2025,106620,grain,Rajma,રાજમા,80,900,1550
22/12/2025,106621,grain,Groundnut Big,મગફળી જાડી,25000,1015,1400
22/12/2025,106622,grain,Groundnut Small,મગફળી જીણી,15000,1000,1380
22/12/2025,106623,grain,Seasmum,તલી ,900,1711,2128
22/12/2025,106624,grain,Castor seed,એરંડા,370,1210,1281
22/12/2025,106625,grain,Thymol,અજમો,1,900,1901
22/12/2025,106626,grain,Soyabin,સોયાબીન,700,825,905
22/12/2025,106627,grain,Groundnut-Fada,સીંગફાડા,2700,920,1558
22/12/2025,106628,grain,Sesmum-Black,કાળા તલ ,240,3474,5124
22/12/2025,106629,grain,Garlic,લસણ,900,1141,2190
22/12/2025,106630,grain,Corriander,ધાણા,120,1450,1840
22/12/2025,106631,grain,Chillies,મરચા સુકા ,170,2100,3700
22/12/2025,106632,grain,Dhani,ધાણી,80,1400,1860
22/12/2025,106633,grain,Variyali,વરીયાળી,18,960,1715
22/12/2025,106634,grain,Cummin,જીરૂ,1020,3500,3950
22/12/2025,106635,grain,Mustard,રાય,100,1600,1990
22/12/2025,106636,grain,Fenugreek,મેથી,300,895,1333
22/12/2025,106637,grain,Isabgul,ઇસબગુલ,2,1301,1652
22/12/2025,106638,grain,Asario,અશેરીયો,12,1100,1100
22/12/2025,106639,grain,kalonji,કલોંજી,15,3800,4620
22/12/2025,106640,grain,Mustard seed,રાયડો,150,1080,1265
22/12/2025,106641,grain,Guvar Bee,ગુવારનું બી,400,950,1135
23/12/2025,106678,grain,Cotton B.T.,કપાસ બી.ટી.,3200,1290,1575
23/12/2025,106679,grain,Wheat Lokvan,ઘઉં લોકવન,42,503,535
23/12/2025,106680,grain,Wheat Tukda,ઘઉં ટુકડા,800,506,573
23/12/2025,106681,grain,Jowar White,જુવાર સફેદ,36,816,905
23/12/2025,106682,grain,Bajri,બાજરી,70,286,501
23/12/2025,106683,grain,Tuver,તુવેર,140,900,1500
23/12/2025,106684,grain,Gram Yellow,ચણા પીળા,500,940,1045
23/12/2025,106685,grain,Gram White,ચણા સફેદ,700,1375,1840
23/12/2025,106686,grain,Urad,અડદ,200,940,1500
23/12/2025,106687,grain,Mung,મગ,780,1150,1850
23/12/2025,106688,grain,Val Deshi,વાલ દેશી,62,611,1120
23/12/2025,106689,grain,Choli,ચોળી,70,920,1275
23/12/2025,106690,grain,Math,મઠ,60,800,1570
23/12/2025,106691,grain,Peas,વટાણા,30,900,1700
23/12/2025,106692,grain,Kulthi,કળથી,60,450,900
23/12/2025,106693,grain,Rajma,રાજમા,50,800,1400
23/12/2025,106694,grain,Groundnut Big,મગફળી જાડી,0,1020,1405
23/12/2025,106695,grain,Groundnut Small,મગફળી જીણી,0,1000,1390
23/12/2025,106696,grain,Seasmum,તલી ,580,1751,2184
23/12/2025,106697,grain,Castor seed,એરંડા,265,1100,1284
23/12/2025,106698,grain,Dil Seed,સુવા,2,1050,1415
23/12/2025,106699,grain,Soyabin,સોયાબીન,560,835,928
23/12/2025,106700,grain,Groundnut-Fada,સીંગફાડા,1260,1100,1480
23/12/2025,106701,grain,Sesmum-Black,કાળા તલ ,200,3450,5150
23/12/2025,106702,grain,Garlic,લસણ,1500,1121,2070
23/12/2025,106703,grain,Corriander,ધાણા,80,1420,1875
23/12/2025,106704,grain,Chillies,મરચા સુકા ,72,2200,4000
23/12/2025,106705,grain,Dhani,ધાણી,40,1440,1936
23/12/2025,106706,grain,Variyali,વરીયાળી,12,1130,1680
23/12/2025,106707,grain,Cummin,જીરૂ,720,3550,4000
23/12/2025,106708,grain,Mustard,રાય,80,1600,1900
23/12/2025,106709,grain,Fenugreek,મેથી,300,895,1333
23/12/2025,106710,grain,Asario,અશેરીયો,30,1000,1145
23/12/2025,106711,grain,kalonji,કલોંજી,10,3900,4600
23/12/2025,106712,grain,Mustard seed,રાયડો,50,1120,1288
23/12/2025,106713,grain,Rajkoo Bee,રજકાનું બી ,5,6500,8725
23/12/2025,106714,grain,Guvar Bee,ગુવારનું બી,150,990,1095
24/12/2025,106751,grain,Cotton B.T.,કપાસ બી.ટી.,4000,1284,1564
24/12/2025,106752,grain,Wheat Lokvan,ઘઉં લોકવન,100,506,536
24/12/2025,106753,grain,Wheat Tukda,ઘઉં ટુકડા,1000,508,590
24/12/2025,106754,grain,Jowar White,જુવાર સફેદ,36,811,990
24/12/2025,106755,grain,Bajri,બાજરી,16,325,401
24/12/2025,106756,grain,Maize,મકાઇ,2,341,341
24/12/2025,106757,grain,Tuver,તુવેર,80,900,1500
24/12/2025,106758,grain,Gram Yellow,ચણા પીળા,500,900,1027
24/12/2025,106759,grain,Gram White,ચણા સફેદ,700,1160,1880
24/12/2025,106760,grain,Urad,અડદ,600,935,1491
24/12/2025,106761,grain,Mung,મગ,700,1100,2000
24/12/2025,106762,grain,Val Deshi,વાલ દેશી,28,601,1011
24/12/2025,106763,grain,Choli,ચોળી,420,900,1370
24/12/2025,106764,grain,Math,મઠ,180,700,1620
24/12/2025,106765,grain,Peas,વટાણા,40,1000,1750
24/12/2025,106766,grain,Kulthi,કળથી,45,450,900
24/12/2025,106767,grain,Rajma,રાજમા,30,900,1440
24/12/2025,106768,grain,Groundnut Big,મગફળી જાડી,0,1030,1400
24/12/2025,106769,grain,Groundnut Small,મગફળી જીણી,0,1015,1385
24/12/2025,106770,grain,Seasmum,તલી ,540,1725,2200
24/12/2025,106771,grain,Castor seed,એરંડા,190,1148,1271
24/12/2025,106772,grain,Thymol,અજમો,2,2020,2150
24/12/2025,106773,grain,Dil Seed,સુવા,8,751,1122
24/12/2025,106774,grain,Soyabin,સોયાબીન,800,840,931
24/12/2025,106775,grain,Groundnut-Fada,સીંગફાડા,1600,909,1496
24/12/2025,106776,grain,Sesmum-Black,કાળા તલ ,200,3450,5170
24/12/2025,106777,grain,Garlic,લસણ,1500,1170,1970
24/12/2025,106778,grain,Corriander,ધાણા,200,1450,2050
24/12/2025,106779,grain,Chillies,મરચા સુકા ,46,2100,3925
24/12/2025,106780,grain,Dhani,ધાણી,80,1400,1890
24/12/2025,106781,grain,Variyali,વરીયાળી,9,1106,1501
24/12/2025,106782,grain,Cummin,જીરૂ,820,3500,3976
24/12/2025,106783,grain,Mustard,રાય,80,1300,1895
24/12/2025,106784,grain,Fenugreek,મેથી,300,850,1335
24/12/2025,106785,grain,Isabgul,ઇસબગુલ,5,1000,2234
24/12/2025,106786,grain,Asario,અશેરીયો,35,1050,1125
24/12/2025,106787,grain,kalonji,કલોંજી,5,3000,4600
24/12/2025,106788,grain,Mustard seed,રાયડો,60,1050,1275
24/12/2025,106789,grain,Rajkoo Bee,રજકાનું બી ,4,5600,9500
24/12/2025,106790,grain,Guvar Bee,ગુવારનું બી,80,950,1090
25/12/2025,106827,grain,Cotton B.T.,કપાસ બી.ટી.,3900,1280,1556
25/12/2025,106828,grain,Wheat Lokvan,ઘઉં લોકવન,80,500,540
25/12/2025,106829,grain,Wheat Tukda,ઘઉં ટુકડા,1200,506,602
25/12/2025,106830,grain,Jowar White,જુવાર સફેદ,110,800,970
25/12/2025,106831,grain,Bajri,બાજરી,96,340,430
25/12/2025,106832,grain,Tuver,તુવેર,100,910,1400
25/12/2025,106833,grain,Gram Yellow,ચણા પીળા,560,890,1045
25/12/2025,106834,grain,Gram White,ચણા સફેદ,740,1400,1870
25/12/2025,106835,grain,Urad,અડદ,360,960,1500
25/12/2025,106836,grain,Mung,મગ,840,1150,2019
25/12/2025,106837,grain,Val Deshi,વાલ દેશી,50,633,1040
25/12/2025,106838,grain,Choli,ચોળી,64,950,1246
25/12/2025,106839,grain,Math,મઠ,240,750,1650
25/12/2025,106840,grain,Peas,વટાણા,30,900,1550
25/12/2025,106841,grain,Kulthi,કળથી,80,441,522
25/12/2025,106842,grain,Rajma,રાજમા,10,800,1500
25/12/2025,106843,grain,Groundnut Big,મગફળી જાડી,0,1025,1410
25/12/2025,106844,grain,Groundnut Small,મગફળી જીણી,0,1015,1400
25/12/2025,106845,grain,Seasmum,તલી ,700,1750,2275
25/12/2025,106846,grain,Castor seed,એરંડા,120,1050,1270
25/12/2025,106847,grain,Soyabin,સોયાબીન,900,820,905
25/12/2025,106848,grain,Groundnut-Fada,સીંગફાડા,1100,968,1509
25/12/2025,106849,grain,Sesmum-Black,કાળા તલ ,280,3460,4740
25/12/2025,106850,grain,Garlic,લસણ,1000,1000,2000
25/12/2025,106851,grain,Corriander,ધાણા,80,1400,1875
25/12/2025,106852,grain,Chillies,મરચા સુકા ,98,2500,4250
25/12/2025,106853,grain,Dhani,ધાણી,40,1450,1880
25/12/2025,106854,grain,Variyali,વરીયાળી,3,825,1700
25/12/2025,106855,grain,Cummin,જીરૂ,600,3450,3911
25/12/2025,106856,grain,Mustard,રાય,80,1550,1950
25/12/2025,106857,grain,Fenugreek,મેથી,260,825,1395
25/12/2025,106858,grain,kalonji,કલોંજી,40,3350,4660
25/12/2025,106859,grain,Mustard seed,રાયડો,120,1050,1260
25/12/2025,106860,grain,Rajkoo Bee,રજકાનું બી ,6,5000,9510
25/12/2025,106861,grain,Guvar Bee,ગુવારનું બી,150,1000,1115
26/12/2025,106898,grain,Cotton B.T.,કપાસ બી.ટી.,3600,1300,1564
26/12/2025,106899,grain,Wheat Lokvan,ઘઉં લોકવન,70,502,535
26/12/2025,106900,grain,Wheat Tukda,ઘઉં ટુકડા,830,504,609
26/12/2025,106901,grain,Jowar White,જુવાર સફેદ,50,835,986
26/12/2025,106902,grain,Bajri,બાજરી,32,315,379
26/12/2025,106903,grain,Tuver,તુવેર,80,900,1345
26/12/2025,106904,grain,Gram Yellow,ચણા પીળા,340,910,1038
26/12/2025,106905,grain,Gram White,ચણા સફેદ,560,1430,1890
26/12/2025,106906,grain,Urad,અડદ,340,900,1507
26/12/2025,106907,grain,Mung,મગ,700,1100,1950
26/12/2025,106908,grain,Val Deshi,વાલ દેશી,52,650,1150
26/12/2025,106909,grain,Choli,ચોળી,80,905,1390
26/12/2025,106910,grain,Math,મઠ,250,700,1750
26/12/2025,106911,grain,Peas,વટાણા,14,800,1700
26/12/2025,106912,grain,Kulthi,કળથી,90,425,511
26/12/2025,106913,grain,Rajma,રાજમા,30,900,1400
26/12/2025,106914,grain,Groundnut Big,મગફળી જાડી,0,1030,1420
26/12/2025,106915,grain,Groundnut Small,મગફળી જીણી,0,1021,1400
26/12/2025,106916,grain,Seasmum,તલી ,800,1755,2300
26/12/2025,106917,grain,Castor seed,એરંડા,52,1100,1274
26/12/2025,106918,grain,Thymol,અજમો,4,900,1500
26/12/2025,106919,grain,Soyabin,સોયાબીન,700,830,930
26/12/2025,106920,grain,Groundnut-Fada,સીંગફાડા,1400,960,1484
26/12/2025,106921,grain,Sesmum-Black,કાળા તલ ,200,2500,4775
26/12/2025,106922,grain,Garlic,લસણ,520,1145,1940
26/12/2025,106923,grain,Corriander,ધાણા,70,1500,1877
26/12/2025,106924,grain,Chillies,મરચા સુકા ,104,2500,4000
26/12/2025,106925,grain,Dhani,ધાણી,30,1615,2020
26/12/2025,106926,grain,Variyali,વરીયાળી,10,1151,1740
26/12/2025,106927,grain,Cummin,જીરૂ,400,3625,4025
26/12/2025,106928,grain,Mustard,રાય,40,1500,1920
26/12/2025,106929,grain,Fenugreek,મેથી,280,876,1296
26/12/2025,106930,grain,Isabgul,ઇસબગુલ,1,2390,2390
26/12/2025,106931,grain,Mustard seed,રાયડો,160,1060,1250
26/12/2025,106932,grain,Rajkoo Bee,રજકાનું બી ,1,7900,9950
26/12/2025,106933,grain,Guvar Bee,ગુવારનું બી,100,1000,1056
27/12/2025,107042,grain,Cotton B.T.,કપાસ બી.ટી.,2800,1250,1571
27/12/2025,107043,grain,Wheat Lokvan,ઘઉં લોકવન,100,506,545
27/12/2025,107044,grain,Wheat Tukda,ઘઉં ટુકડા,800,508,584
27/12/2025,107045,grain,Jowar White,જુવાર સફેદ,60,780,960
27/12/2025,107046,grain,Bajri,બાજરી,28,350,408
27/12/2025,107047,grain,Tuver,તુવેર,130,650,1400
27/12/2025,107048,grain,Gram Yellow,ચણા પીળા,400,900,1067
27/12/2025,107049,grain,Gram White,ચણા સફેદ,440,1100,1900
27/12/2025,107050,grain,Urad,અડદ,340,900,1580
27/12/2025,107051,grain,Mung,મગ,0,500,2050
27/12/2025,107052,grain,Val Deshi,વાલ દેશી,84,625,1102
27/12/2025,107053,grain,Choli,ચોળી,100,882,1235
27/12/2025,107054,grain,Math,મઠ,260,980,1817
27/12/2025,107055,grain,Peas,વટાણા,40,300,1350
27/12/2025,107056,grain,Kulthi,કળથી,45,450,504
27/12/2025,107057,grain,Rajma,રાજમા,100,400,1480
27/12/2025,107058,grain,Groundnut Big,મગફળી જાડી,0,1035,1415
27/12/2025,107059,grain,Groundnut Small,મગફળી જીણી,0,1010,1400
27/12/2025,107060,grain,Seasmum,તલી ,800,1740,2200
27/12/2025,107061,grain,Castor seed,એરંડા,190,1055,1266
27/12/2025,107062,grain,Thymol,અજમો,20,700,2000
27/12/2025,107063,grain,Soyabin,સોયાબીન,740,830,932
27/12/2025,107064,grain,Groundnut-Fada,સીંગફાડા,1000,900,1490
27/12/2025,107065,grain,Sesmum-Black,કાળા તલ ,190,2500,4730
27/12/2025,107066,grain,Garlic,લસણ,600,1450,2105
27/12/2025,107067,grain,Corriander,ધાણા,40,1425,1900
27/12/2025,107068,grain,Chillies,મરચા સુકા ,130,2500,4200
27/12/2025,107069,grain,Dhani,ધાણી,40,1400,2002
27/12/2025,107070,grain,Cummin,જીરૂ,530,3715,4115
27/12/2025,107071,grain,Mustard,રાય,70,1395,1950
27/12/2025,107072,grain,Fenugreek,મેથી,220,950,1253
27/12/2025,107073,grain,Mustard seed,રાયડો,20,1000,1267
27/12/2025,107074,grain,Rajkoo Bee,રજકાનું બી ,2,7000,7500
27/12/2025,107075,grain,Guvar Bee,ગુવારનું બી,110,1100,1200
29/12/2025,106968,grain,Cotton B.T.,કપાસ બી.ટી.,3000,1300,1585
29/12/2025,106969,grain,Wheat Lokvan,ઘઉં લોકવન,160,501,556
29/12/2025,106970,grain,Wheat Tukda,ઘઉં ટુકડા,1540,506,585
29/12/2025,106971,grain,Jowar White,જુવાર સફેદ,200,775,980
29/12/2025,106972,grain,Bajri,બાજરી,12,330,397
29/12/2025,106973,grain,Tuver,તુવેર,160,700,1321
29/12/2025,106974,grain,Gram Yellow,ચણા પીળા,400,880,1055
29/12/2025,106975,grain,Gram White,ચણા સફેદ,600,1390,1850
29/12/2025,106976,grain,Urad,અડદ,500,850,1540
29/12/2025,106977,grain,Mung,મગ,700,1000,1900
29/12/2025,106978,grain,Val Deshi,વાલ દેશી,30,621,1111
29/12/2025,106979,grain,Choli,ચોળી,360,870,1320
29/12/2025,106980,grain,Math,મઠ,300,1040,1880
29/12/2025,106981,grain,Peas,વટાણા,40,300,1350
29/12/2025,106982,grain,Kulthi,કળથી,45,432,504
29/12/2025,106983,grain,Rajma,રાજમા,100,400,1480
29/12/2025,106984,grain,Groundnut Big,મગફળી જાડી,26000,1050,1440
29/12/2025,106985,grain,Groundnut Small,મગફળી જીણી,16000,1010,1410
29/12/2025,106986,grain,Seasmum,તલી ,760,1751,2250
29/12/2025,106987,grain,Sunflower,સુરજમુખી,3,801,801
29/12/2025,106988,grain,Castor seed,એરંડા,262,1130,1270
29/12/2025,106989,grain,Thymol,અજમો,5,974,1400
29/12/2025,106990,grain,Dil Seed,સુવા,1,1400,1471
29/12/2025,106991,grain,Soyabin,સોયાબીન,1000,830,936
29/12/2025,106992,grain,Groundnut-Fada,સીંગફાડા,2000,936,1535
29/12/2025,106993,grain,Sesmum-Black,કાળા તલ ,240,3490,5100
29/12/2025,106994,grain,Garlic,લસણ,600,1375,2140
29/12/2025,106995,grain,Corriander,ધાણા,80,1400,1900
29/12/2025,106996,grain,Chillies,મરચા સુકા ,66,2600,4200
29/12/2025,106997,grain,Dhani,ધાણી,40,1450,1990
29/12/2025,106998,grain,Variyali,વરીયાળી,12,1210,1550
29/12/2025,106999,grain,Cummin,જીરૂ,1100,3775,4151
29/12/2025,107000,grain,Mustard,રાય,44,1350,1898
29/12/2025,107001,grain,Fenugreek,મેથી,100,940,1350
29/12/2025,107002,grain,Isabgul,ઇસબગુલ,10,1200,2137
29/12/2025,107003,grain,Mustard seed,રાયડો,140,1010,1250
29/12/2025,107004,grain,Rajkoo Bee,રજકાનું બી ,5,6440,9500
29/12/2025,107005,grain,Guvar Bee,ગુવારનું બી,120,1000,1150
30/12/2025,107112,grain,Cotton B.T.,કપાસ બી.ટી.,3000,1300,1567
30/12/2025,107113,grain,Wheat Lokvan,ઘઉં લોકવન,80,506,555
30/12/2025,107114,grain,Wheat Tukda,ઘઉં ટુકડા,1320,502,651
30/12/2025,107115,grain,Jowar White,જુવાર સફેદ,160,765,991
30/12/2025,107116,grain,Jowar Red,જુવાર લાલ,20,900,1016
30/12/2025,107117,grain,Jowar Yellow,જુવાર પીળી ,8,350,470
30/12/2025,107118,grain,Bajri,બાજરી,84,326,487
30/12/2025,107119,grain,Tuver,તુવેર,164,850,1331
30/12/2025,107120,grain,Gram Yellow,ચણા પીળા,500,900,1075
30/12/2025,107121,grain,Gram White,ચણા સફેદ,560,1405,1871
30/12/2025,107122,grain,Urad,અડદ,540,800,1521
30/12/2025,107123,grain,Mung,મગ,600,1050,1896
30/12/2025,107124,grain,Val Deshi,વાલ દેશી,60,611,1100
30/12/2025,107125,grain,Choli,ચોળી,110,890,1251
30/12/2025,107126,grain,Math,મઠ,250,1021,1900
30/12/2025,107127,grain,Peas,વટાણા,50,450,1550
30/12/2025,107128,grain,Kulthi,કળથી,45,432,504
30/12/2025,107129,grain,Rajma,રાજમા,60,500,1480
30/12/2025,107130,grain,Groundnut Big,મગફળી જાડી,0,1000,1355
30/12/2025,107131,grain,Groundnut Small,મગફળી જીણી,0,1030,1410
30/12/2025,107132,grain,Linseed,અળશી,15,1751,1751
30/12/2025,107133,grain,Seasmum,તલી ,710,1721,2225
30/12/2025,107134,grain,Castor seed,એરંડા,525,1080,1255
30/12/2025,107135,grain,Thymol,અજમો,3,901,1765
30/12/2025,107136,grain,Dil Seed,સુવા,1,1461,1461
30/12/2025,107137,grain,Soyabin,સોયાબીન,700,830,920
30/12/2025,107138,grain,Groundnut-Fada,સીંગફાડા,1100,850,1550
30/12/2025,107139,grain,Sesmum-Black,કાળા તલ ,123,3500,5000
30/12/2025,107140,grain,Garlic,લસણ,760,1340,1900
30/12/2025,107141,grain,Corriander,ધાણા,120,1450,1875
30/12/2025,107142,grain,Chillies,મરચા સુકા ,940,2500,4500
30/12/2025,107143,grain,Dhani,ધાણી,100,1500,1950
30/12/2025,107144,grain,Variyali,વરીયાળી,4,1170,1340
30/12/2025,107145,grain,Cummin,જીરૂ,960,3750,4130
30/12/2025,107146,grain,Mustard,રાય,40,1321,1977
30/12/2025,107147,grain,Fenugreek,મેથી,60,925,1370
30/12/2025,107148,grain,Isabgul,ઇસબગુલ,2,1500,1951
30/12/2025,107149,grain,Asario,અશેરીયો,20,1075,1206
30/12/2025,107150,grain,kalonji,કલોંજી,10,4575,4575
30/12/2025,107151,grain,Mustard seed,રાયડો,30,1025,1244
30/12/2025,107152,grain,Rajkoo Bee,રજકાનું બી ,1,5400,5400
30/12/2025,107153,grain,Guvar Bee,ગુવારનું બી,50,1000,1110
31/12/2025,107190,grain,Cotton B.T.,કપાસ બી.ટી.,3200,1295,1570
31/12/2025,107191,grain,Wheat Lokvan,ઘઉં લોકવન,140,500,546
31/12/2025,107192,grain,Wheat Tukda,ઘઉં ટુકડા,2660,508,601
31/12/2025,107193,grain,Jowar White,જુવાર સફેદ,122,791,974
31/12/2025,107194,grain,Bajri,બાજરી,40,350,454
31/12/2025,107195,grain,Tuver,તુવેર,180,800,1340
31/12/2025,107196,grain,Gram Yellow,ચણા પીળા,420,910,1052
31/12/2025,107197,grain,Gram White,ચણા સફેદ,540,1430,1871
31/12/2025,107198,grain,Urad,અડદ,420,800,1490
31/12/2025,107199,grain,Mung,મગ,540,1000,1970
31/12/2025,107200,grain,Val Deshi,વાલ દેશી,110,650,1131
31/12/2025,107201,grain,Choli,ચોળી,78,840,1321
31/12/2025,107202,grain,Math,મઠ,300,1050,1980
31/12/2025,107203,grain,Peas,વટાણા,60,600,1650
31/12/2025,107204,grain,Kulthi,કળથી,35,425,490
31/12/2025,107205,grain,Rajma,રાજમા,10,300,1300
31/12/2025,107206,grain,Groundnut Big,મગફળી જાડી,0,1040,1370
31/12/2025,107207,grain,Groundnut Small,મગફળી જીણી,0,1050,1450
31/12/2025,107208,grain,Seasmum,તલી ,850,1700,2233
31/12/2025,107209,grain,Sunflower,સુરજમુખી,3,1600,1600
31/12/2025,107210,grain,Castor seed,એરંડા,264,1065,1265
31/12/2025,107211,grain,Thymol,અજમો,1,1305,1305
31/12/2025,107212,grain,Dil Seed,સુવા,1,1200,1200
31/12/2025,107213,grain,Soyabin,સોયાબીન,800,830,940
31/12/2025,107214,grain,Groundnut-Fada,સીંગફાડા,1100,980,1500
31/12/2025,107215,grain,Sesmum-Black,કાળા તલ ,122,3500,5000
31/12/2025,107216,grain,Garlic,લસણ,760,1250,1875
31/12/2025,107217,grain,Corriander,ધાણા,200,1450,1970
31/12/2025,107218,grain,Chillies,મરચા સુકા ,52,2100,4000
31/12/2025,107219,grain,Dhani,ધાણી,80,1400,1986
31/12/2025,107220,grain,Variyali,વરીયાળી,16,1200,1840
31/12/2025,107221,grain,Cummin,જીરૂ,790,3800,4150
31/12/2025,107222,grain,Mustard,રાય,8,1325,1900
31/12/2025,107223,grain,Fenugreek,મેથી,240,900,1450
31/12/2025,107224,grain,Isabgul,ઇસબગુલ,2,1400,1700
31/12/2025,107225,grain,kalonji,કલોંજી,5,4000,4690
31/12/2025,107226,grain,Mustard seed,રાયડો,180,1041,1240
31/12/2025,107227,grain,Rajkoo Bee,રજકાનું બી ,3,9199,10500
31/12/2025,107228,grain,Guvar Bee,ગુવારનું બી,200,1080,1180
01/01/2026,107265,grain,Cotton B.T.,કપાસ બી.ટી.,2400,1300,1560
01/01/2026,107266,grain,Wheat Lokvan,ઘઉં લોકવન,100,503,528
01/01/2026,107267,grain,Wheat Tukda,ઘઉં ટુકડા,600,508,611
01/01/2026,107268,grain,Jowar White,જુવાર સફેદ,32,910,970
01/01/2026,107269,grain,Bajri,બાજરી,50,300,411
01/01/2026,107270,grain,Tuver,તુવેર,300,850,1380
01/01/2026,107271,grain,Gram Yellow,ચણા પીળા,300,900,1088
01/01/2026,107272,grain,Gram White,ચણા સફેદ,500,1150,1860
01/01/2026,107273,grain,Urad,અડદ,240,820,1510
01/01/2026,107274,grain,Mung,મગ,620,1100,2036
01/01/2026,107275,grain,Val Deshi,વાલ દેશી,60,700,960
01/01/2026,107276,grain,Choli,ચોળી,600,850,1550
01/01/2026,107277,grain,Math,મઠ,260,1125,1950
01/01/2026,107278,grain,Peas,વટાણા,60,400,1400
01/01/2026,107279,grain,Kulthi,કળથી,25,425,490
01/01/2026,107280,grain,Rajma,રાજમા,20,700,1440
01/01/2026,107281,grain,Seasmum,તલી ,800,1722,2266
01/01/2026,107282,grain,Sunflower,સુરજમુખી,6,1008,1008
01/01/2026,107283,grain,Castor seed,એરંડા,450,1011,1250
01/01/2026,107284,grain,Thymol,અજમો,16,990,2001
01/01/2026,107285,grain,Soyabin,સોયાબીન,800,835,939
01/01/2026,107286,grain,Groundnut-Fada,સીંગફાડા,760,890,1562
01/01/2026,107287,grain,Sesmum-Black,કાળા તલ ,120,3500,4294
01/01/2026,107288,grain,Garlic,લસણ,720,1225,1801
01/01/2026,107289,grain,Corriander,ધાણા,160,1350,1963
01/01/2026,107290,grain,Chillies,મરચા સુકા ,56,2051,4300
01/01/2026,107291,grain,Dhani,ધાણી,70,1450,2000
01/01/2026,107292,grain,Variyali,વરીયાળી,20,1300,2101
01/01/2026,107293,grain,Cummin,જીરૂ,1080,3800,4275
01/01/2026,107294,grain,Mustard,રાય,30,1600,1855
01/01/2026,107295,grain,Fenugreek,મેથી,200,850,1440
01/01/2026,107296,grain,Isabgul,ઇસબગુલ,54,1200,1725
01/01/2026,107297,grain,Asario,અશેરીયો,15,1150,1150
01/01/2026,107298,grain,kalonji,કલોંજી,2,4650,4721
01/01/2026,107299,grain,Mustard seed,રાયડો,60,1100,1250
01/01/2026,107300,grain,Rajkoo Bee,રજકાનું બી ,2,5825,7400
